Timestamp,Stress_Score,Focus_Status
2026-01-10T04:48:00.837606,0.09613781780935823,Focused
2026-01-10T04:48:01.373043,0.12631859241810162,Focused
2026-01-10T04:48:01.486326,0.11195762311399449,Focused
2026-01-10T04:48:01.695200,0.10673972721851897,Focused
2026-01-10T04:48:01.811302,0.09083941438584589,Focused
2026-01-10T04:48:01.932741,0.09981032721261726,Focused
2026-01-10T04:48:02.058513,0.11462759858986829,Focused
2026-01-10T04:48:06.376410,0.1265365708968602,Focused
2026-01-10T04:48:06.517178,0.12498560405219904,Focused
2026-01-10T04:48:06.934187,0.11189985247619916,Focused
2026-01-10T04:48:07.049870,0.10307659918034914,Focused
2026-01-10T04:48:07.187200,0.07871245738933794,Focused
2026-01-10T04:48:07.285038,0.07871245738933794,Focused
2026-01-10T04:48:07.468704,0.11396147460473004,Focused
2026-01-10T04:48:07.578957,0.17535094599588774,Focused
2026-01-10T04:48:07.696924,0.17535094599588774,Focused
2026-01-10T04:48:07.788231,0.14408542515011502,Focused
2026-01-10T04:48:07.889663,0.16919402849016477,Focused
2026-01-10T04:48:07.989320,0.18186090043163858,Focused
2026-01-10T04:48:08.094765,0.1779486232175259,Focused
2026-01-10T04:48:08.194140,0.09099744706181809,Focused
2026-01-10T04:48:08.313482,0.14392395539325661,Focused
2026-01-10T04:48:08.512233,0.17363907221879343,Focused
2026-01-10T04:48:08.622185,0.1626739082566928,Focused
2026-01-10T04:48:08.728055,0.1354737028334057,Focused
2026-01-10T04:48:08.826208,0.14689670703519367,Focused
2026-01-10T04:48:08.930077,0.1609463098808192,Focused
2026-01-10T04:48:09.033066,0.2100853797994205,Focused
2026-01-10T04:48:09.138833,0.1954861185338814,Focused
2026-01-10T04:48:09.248873,0.18359197097888683,Focused
2026-01-10T04:48:09.374550,0.14227539291314314,Focused
2026-01-10T04:48:09.587051,0.11870668480114546,Focused
2026-01-10T04:48:09.697965,0.11279387586982921,Focused
2026-01-10T04:48:09.793283,0.07604732853505992,Focused
2026-01-10T04:48:09.890814,0.10746420714131091,Focused
2026-01-10T04:48:09.999003,0.09390294876793633,Focused
2026-01-10T04:48:10.101154,0.11001084261806682,Focused
2026-01-10T04:48:10.207912,0.0753026514343219,Focused
2026-01-10T04:48:10.311238,0.09099526901409263,Focused
2026-01-10T04:48:10.410487,0.11383120741520543,Focused
2026-01-10T04:48:10.512455,0.11008118022145935,Focused
2026-01-10T04:48:10.710210,0.120404442641302,Focused
2026-01-10T04:48:10.814660,0.11060715298954164,Focused
2026-01-10T04:48:10.915188,0.12614388927468098,Focused
2026-01-10T04:48:11.018722,0.1856612618663348,Focused
2026-01-10T04:48:11.138393,0.1801178485620767,Focused
2026-01-10T04:48:11.242185,0.181262594886357,Focused
2026-01-10T04:48:11.339526,0.16192486236104742,Focused
2026-01-10T04:48:11.432217,0.15879062799504026,Focused
2026-01-10T04:48:11.528011,0.15715627853060143,Focused
2026-01-10T04:48:11.648850,0.15715627853060143,Focused
2026-01-10T04:48:11.865799,0.2056173737393692,Focused
2026-01-10T04:48:11.961128,0.21813154467963614,Focused
2026-01-10T04:48:12.080120,0.21813154467963614,Focused
2026-01-10T04:48:12.175999,0.20166853503324092,Focused
2026-01-10T04:48:12.281636,0.21585243876907045,Focused
2026-01-10T04:48:12.389506,0.18843515925109386,Focused
2026-01-10T04:48:12.530354,0.18749663360067645,Focused
2026-01-10T04:48:12.648613,0.20439534009783528,Focused
2026-01-10T04:48:12.768903,0.1848249663366005,Focused
2026-01-10T04:48:12.980876,0.17886187565163708,Focused
2026-01-10T04:48:13.113428,0.20728057183441706,Focused
2026-01-10T04:48:13.239292,0.19517676649848,Focused
2026-01-10T04:48:13.356641,0.16318051535345146,Focused
2026-01-10T04:48:13.485307,0.176547270482115,Focused
2026-01-10T04:48:13.606066,0.1567774042341625,Focused
2026-01-10T04:48:13.737521,0.1951240486348979,Focused
2026-01-10T04:48:13.855963,0.09412238800432533,Focused
2026-01-10T04:48:14.083355,0.07878782702609896,Focused
2026-01-10T04:48:14.203351,0.15228672802331855,Focused
2026-01-10T04:48:14.320734,0.14862476040725595,Focused
2026-01-10T04:48:14.439995,0.12235118031967432,Focused
2026-01-10T04:48:14.569446,0.15570054741110653,Focused
2026-01-10T04:48:14.695634,0.07680308764101938,Focused
2026-01-10T04:48:14.821793,0.12991180564276875,Focused
2026-01-10T04:48:14.943889,0.12918938347138464,Focused
2026-01-10T04:48:15.169751,0.09405470062047244,Focused
2026-01-10T04:48:15.305072,0.11989571423619054,Focused
2026-01-10T04:48:15.431202,0.11167178531177342,Focused
2026-01-10T04:48:15.552921,0.09349444191320798,Focused
2026-01-10T04:48:15.672454,0.09349444191320798,Focused
2026-01-10T04:48:15.791186,0.10751312968350249,Focused
2026-01-10T04:48:15.894372,0.1238887191429967,Focused
2026-01-10T04:48:16.002523,0.1335174522275338,Focused
2026-01-10T04:48:16.138519,0.11594504863169276,Focused
2026-01-10T04:48:16.319044,0.1204492305361782,Focused
2026-01-10T04:48:16.432117,0.13773846906115067,Focused
2026-01-10T04:48:16.533392,0.1788497916801134,Focused
2026-01-10T04:48:16.648739,0.18594676420907488,Focused
2026-01-10T04:48:16.746598,0.19172350987792017,Focused
2026-01-10T04:48:16.840702,0.17203535716398619,Focused
2026-01-10T04:48:16.937617,0.1723905959341209,Focused
2026-01-10T04:48:17.044742,0.13923550665203946,Focused
2026-01-10T04:48:17.179238,0.17004133664595428,Focused
2026-01-10T04:48:17.386327,0.16060766419832362,Focused
2026-01-10T04:48:17.511851,0.16293747586896642,Focused
2026-01-10T04:48:17.608830,0.14649335231806615,Focused
2026-01-10T04:48:17.729182,0.14649335231806615,Focused
2026-01-10T04:48:17.841341,0.15928886509500442,Focused
2026-01-10T04:48:17.955277,0.13961686202674173,Focused
2026-01-10T04:48:18.054340,0.13366082315333186,Focused
2026-01-10T04:48:18.153341,0.158283364813542,Focused
2026-01-10T04:48:18.267593,0.1424254113197094,Focused
2026-01-10T04:48:18.460579,0.14556625007535332,Focused
2026-01-10T04:48:18.561757,0.15292118793877305,Focused
2026-01-10T04:48:18.668743,0.1506780816533137,Focused
2026-01-10T04:48:18.770684,0.1589162002550438,Focused
2026-01-10T04:48:18.874449,0.15207248627557418,Focused
2026-01-10T04:48:18.972334,0.12530894068768247,Focused
2026-01-10T04:48:26.250126,0.10437665397766976,Focused
2026-01-10T04:48:26.346144,0.13911752332933247,Focused
2026-01-10T04:48:26.508691,0.15816100978408937,Focused
2026-01-10T04:48:26.612359,0.1570389002561569,Focused
2026-01-10T04:48:26.708326,0.1990065272897482,Focused
2026-01-10T04:48:26.797121,0.21693659499287604,Focused
2026-01-10T04:48:26.896170,0.19006356447935105,Focused
2026-01-10T04:48:27.001236,0.18796932958066465,Focused
2026-01-10T04:48:27.110368,0.16300998469814656,Focused
2026-01-10T04:48:27.290867,0.17702721562236548,Focused
2026-01-10T04:48:27.391329,0.17063198368996382,Focused
2026-01-10T04:48:27.491470,0.1649044130346738,Focused
2026-01-10T04:48:27.627484,0.1950505477376282,Focused
2026-01-10T04:48:27.744914,0.20276574268937111,Focused
2026-01-10T04:48:27.848986,0.21896756459027528,Focused
2026-01-10T04:48:27.988563,0.18115881630219519,Focused
2026-01-10T04:48:28.115711,0.1799408375751227,Focused
2026-01-10T04:48:28.272367,0.16641071373596786,Focused
2026-01-10T04:48:28.441187,0.16388026159256697,Focused
2026-01-10T04:48:28.575724,0.18271963829174637,Focused
2026-01-10T04:48:28.705987,0.1829430145211518,Focused
2026-01-10T04:48:28.838170,0.2051999914459884,Focused
2026-01-10T04:48:28.968695,0.20675960090011358,Focused
2026-01-10T04:48:29.101432,0.2214715987443924,Focused
2026-01-10T04:48:29.224114,0.20702695492655038,Focused
2026-01-10T04:48:29.340886,0.22077609922271224,Focused
2026-01-10T04:48:29.507411,0.187502909777686,Focused
2026-01-10T04:48:29.618393,0.1725267727160826,Focused
2026-01-10T04:48:29.726600,0.14507750230841338,Focused
2026-01-10T04:48:29.844779,0.16541332672350106,Focused
2026-01-10T04:48:29.949273,0.15700750413816422,Focused
2026-01-10T04:48:30.059739,0.16819618437439204,Focused
2026-01-10T04:48:30.176443,0.16500677370931954,Focused
2026-01-10T04:48:30.273817,0.15956397276604548,Focused
2026-01-10T04:48:30.374806,0.13781003089679872,Focused
2026-01-10T04:48:30.571830,0.14738946452562232,Focused
2026-01-10T04:48:30.686011,0.14881877031875776,Focused
2026-01-10T04:48:30.791721,0.1465314529283205,Focused
2026-01-10T04:48:30.881121,0.15856696466507858,Focused
2026-01-10T04:48:30.980702,0.16478925486881055,Focused
2026-01-10T04:48:31.111160,0.13708544601395262,Focused
2026-01-10T04:48:31.204715,0.13002200254413762,Focused
2026-01-10T04:48:31.298715,0.1052680267166579,Focused
2026-01-10T04:48:31.395688,0.1188658082683105,Focused
2026-01-10T04:48:31.504893,0.11297668423794675,Focused
2026-01-10T04:48:31.676814,0.11016709478572012,Focused
2026-01-10T04:48:31.813209,0.12729341123485938,Focused
2026-01-10T04:48:31.927955,0.13863942852476613,Focused
2026-01-10T04:48:32.024310,0.1170402154850308,Focused
2026-01-10T04:48:32.151453,0.13236735335813135,Focused
2026-01-10T04:48:32.271842,0.15759820177336223,Focused
2026-01-10T04:48:32.372161,0.15121540071413622,Focused
2026-01-10T04:48:32.465955,0.14917964759224558,Focused
2026-01-10T04:48:32.584341,0.14664741588348987,Focused
2026-01-10T04:48:32.770050,0.17204581548139683,Focused
2026-01-10T04:48:32.896315,0.13195476859109476,Focused
2026-01-10T04:48:33.013826,0.17102211186138447,Focused
2026-01-10T04:48:33.127245,0.13305070618225728,Focused
2026-01-10T04:48:33.245352,0.1071482350831502,Focused
2026-01-10T04:48:33.362978,0.17927353920531458,Focused
2026-01-10T04:48:33.461926,0.206454926324659,Focused
2026-01-10T04:48:33.562479,0.17015661836776416,Focused
2026-01-10T04:48:33.682142,0.1682306062692078,Focused
2026-01-10T04:48:33.865330,0.17284848174895157,Focused
2026-01-10T04:48:33.965676,0.17398599329171704,Focused
2026-01-10T04:48:34.059775,0.17903024851111696,Focused
2026-01-10T04:48:34.161452,0.19367213794903362,Focused
2026-01-10T04:48:34.266984,0.17279044917522696,Focused
2026-01-10T04:48:34.374883,0.17590042668452954,Focused
2026-01-10T04:48:34.474834,0.1948904692195356,Focused
2026-01-10T04:48:34.569859,0.1948904692195356,Focused
2026-01-10T04:48:34.685582,0.18997471824113746,Focused
2026-01-10T04:49:17.642988,0.1059009353382862,Focused
2026-01-10T04:49:17.767993,0.1196369326688,Focused
2026-01-10T04:49:17.886808,0.15141353157523554,Focused
2026-01-10T04:49:18.000101,0.1570566987778875,Focused
2026-01-10T04:49:18.117100,0.17363143893453525,Focused
2026-01-10T04:49:18.219021,0.14300333090213824,Focused
2026-01-10T04:49:18.333649,0.12321183219610247,Focused
2026-01-10T04:49:18.432979,0.10378173992648954,Focused
2026-01-10T04:49:18.613821,0.05875255357968854,Focused
2026-01-10T04:49:18.719875,0.05840351674705744,Focused
2026-01-10T04:49:18.838153,0.05056392663682346,Focused
2026-01-10T04:49:18.954113,0.07888959170377347,Focused
2026-01-10T04:49:19.063098,0.0867924885096727,Focused
2026-01-10T04:49:19.193437,0.07559226737503194,Focused
2026-01-10T04:49:19.312268,0.07559226737503194,Focused
2026-01-10T04:49:19.433398,0.0769101911020698,Focused
2026-01-10T04:49:19.535278,0.08185006302228431,Focused
2026-01-10T04:49:19.726349,0.08868947215669323,Focused
2026-01-10T04:49:19.849715,0.1142508342243673,Focused
2026-01-10T04:49:19.982576,0.09353699044586392,Focused
2026-01-10T04:49:20.087470,0.07254824330448173,Focused
2026-01-10T04:49:20.200360,0.07707042231922968,Focused
2026-01-10T04:49:20.297672,0.10958429002785124,Focused
2026-01-10T04:49:20.408476,0.15438276677014073,Focused
2026-01-10T04:49:20.514802,0.16585884388841807,Focused
2026-01-10T04:49:20.620298,0.1723232408548938,Focused
2026-01-10T04:49:20.806215,0.1784931801346829,Focused
2026-01-10T04:49:20.916646,0.14767950713576283,Focused
2026-01-10T04:49:21.037127,0.15331909695523793,Focused
2026-01-10T04:49:21.149895,0.17300075403472873,Focused
2026-01-10T04:49:21.267498,0.18999641342888934,Focused
2026-01-10T04:49:21.373763,0.20381474854802947,Focused
2026-01-10T04:49:21.480576,0.24156719404854812,Focused
2026-01-10T04:49:21.589730,0.2666144411428832,Focused
2026-01-10T04:49:21.678836,0.24955729428620543,Focused
2026-01-10T04:49:21.858961,0.2447142097822507,Focused
2026-01-10T04:49:21.973686,0.2450516840268392,Focused
2026-01-10T04:49:22.082511,0.2645791983239178,Focused
2026-01-10T04:49:22.175397,0.2615390406048391,Focused
2026-01-10T04:49:22.284786,0.2712269699753961,Focused
2026-01-10T04:49:22.374890,0.29680470629537015,Focused
2026-01-10T04:49:22.469041,0.3673142328625545,Focused
2026-01-10T04:49:22.577412,0.34841946195519996,Focused
2026-01-10T04:49:22.675972,0.35078072144533506,Focused
2026-01-10T04:49:22.765097,0.41064042542129753,Focused
2026-01-10T04:49:22.955720,0.43100112727552187,Focused
2026-01-10T04:49:23.049847,0.3838107051560655,Focused
2026-01-10T04:49:23.142615,0.39086500070989133,Focused
2026-01-10T04:49:23.235496,0.3867474468948785,Focused
2026-01-10T04:49:23.346441,0.3735112131747883,Focused
2026-01-10T04:49:23.437350,0.38932629128103147,Focused
2026-01-10T04:49:23.528016,0.37532137805828825,Focused
2026-01-10T04:49:23.626305,0.37532137805828825,Focused
2026-01-10T04:49:23.711016,0.34744349923857953,Focused
2026-01-10T04:49:23.804979,0.35576975894509816,Focused
2026-01-10T04:49:23.922207,0.3073896286310628,Focused
2026-01-10T04:49:24.144898,0.32830208727682475,Focused
2026-01-10T04:49:24.252491,0.34086588660429695,Focused
2026-01-10T04:49:24.370982,0.33555288729839955,Focused
2026-01-10T04:49:24.461463,0.3354489215882495,Focused
2026-01-10T04:49:24.555891,0.3452970688784262,Focused
2026-01-10T04:49:24.659463,0.3260124440508662,Focused
2026-01-10T04:49:24.759441,0.2758304014452733,Focused
2026-01-10T04:49:24.849724,0.26556623478245456,Focused
2026-01-10T04:49:24.941724,0.24629168428946288,Focused
2026-01-10T04:49:25.034877,0.24407646625768392,Focused
2026-01-10T04:49:25.228578,0.22497547045350078,Focused
2026-01-10T04:49:25.346132,0.23341865186521318,Focused
2026-01-10T04:49:25.439931,0.21662031293381004,Focused
2026-01-10T04:49:25.532744,0.22314495259779504,Focused
2026-01-10T04:49:25.662147,0.22314495259779504,Focused
2026-01-10T04:49:25.763955,0.24855403813417068,Focused
2026-01-10T04:49:25.864760,0.25984873427660204,Focused
2026-01-10T04:49:25.967029,0.3220784737903159,Focused
2026-01-10T04:49:26.064719,0.29907836377678904,Focused
2026-01-10T04:49:26.304348,0.30628067752113564,Focused
2026-01-10T04:49:26.416998,0.3213997637736611,Focused
2026-01-10T04:49:26.525616,0.31547116414294574,Focused
2026-01-10T04:49:26.625209,0.296401167527074,Focused
2026-01-10T04:49:26.728227,0.26902501232980286,Focused
2026-01-10T04:49:26.837736,0.23544163844780996,Focused
2026-01-10T04:49:26.933440,0.16829826698813122,Focused
2026-01-10T04:49:27.034481,0.18928603323874996,Focused
2026-01-10T04:49:27.127784,0.14206885072635486,Focused
2026-01-10T04:49:27.230958,0.17201241281582041,Focused
2026-01-10T04:49:27.413232,0.1257627527229488,Focused
2026-01-10T04:49:27.522179,0.0745835148380138,Focused
2026-01-10T04:49:27.622342,0.09980980469845235,Focused
2026-01-10T04:49:27.722423,0.12014789347886107,Focused
2026-01-10T04:49:27.815330,0.09777221771946643,Focused
2026-01-10T04:49:27.918433,0.09960315985663329,Focused
2026-01-10T04:49:28.012981,0.11224881861417088,Focused
2026-01-10T04:49:28.109627,0.14371886356384492,Focused
2026-01-10T04:49:28.202030,0.16173270633444192,Focused
2026-01-10T04:49:28.321949,0.17940792618319393,Focused
2026-01-10T04:49:28.519341,0.22152887113625186,Focused
2026-01-10T04:49:28.619912,0.15261479743057862,Focused
2026-01-10T04:49:28.714352,0.18050980865955352,Focused
2026-01-10T04:49:28.817250,0.19916902146069332,Focused
2026-01-10T04:49:28.915660,0.19916902146069332,Focused
2026-01-10T04:49:29.007107,0.2150021345791174,Focused
2026-01-10T04:49:29.104835,0.16232683644338977,Focused
2026-01-10T04:49:29.195681,0.19708068717154673,Focused
2026-01-10T04:49:29.301497,0.19798642131499947,Focused
2026-01-10T04:49:29.428964,0.218115776788909,Focused
2026-01-10T04:49:29.617202,0.15892743372241966,Focused
2026-01-10T04:49:29.708425,0.15869040279940236,Focused
2026-01-10T04:49:29.803894,0.1301170568302041,Focused
2026-01-10T04:49:29.903564,0.13057872205099555,Focused
2026-01-10T04:49:30.003325,0.14255956246051937,Focused
2026-01-10T04:49:30.100499,0.03376628970727324,Focused
2026-01-10T04:49:30.194277,0.043182807974517345,Focused
2026-01-10T04:49:30.291592,0.14647314099274808,Focused
2026-01-10T04:49:30.405692,0.13256684385851258,Focused
2026-01-10T04:49:30.513450,0.13256684385851258,Focused
2026-01-10T04:49:30.701328,0.12021970250643789,Focused
2026-01-10T04:49:30.797899,0.12254116547701416,Focused
2026-01-10T04:49:30.909690,0.12254116547701416,Focused
2026-01-10T04:49:31.000310,0.11062612698297017,Focused
2026-01-10T04:49:31.099012,0.11646737899136496,Focused
2026-01-10T04:49:31.212099,0.16763312705006683,Focused
2026-01-10T04:49:31.309072,0.17038921308121643,Focused
2026-01-10T04:49:31.435987,0.1589304901601281,Focused
2026-01-10T04:49:31.555630,0.20421317751170134,Focused
2026-01-10T04:49:31.747449,0.17639859968330712,Focused
2026-01-10T04:49:31.844624,0.16088541754870675,Focused
2026-01-10T04:49:31.958485,0.1625439071591245,Focused
2026-01-10T04:49:32.052833,0.14377784499665722,Focused
2026-01-10T04:49:32.141443,0.16516291487496348,Focused
2026-01-10T04:49:32.234721,0.14965480671089607,Focused
2026-01-10T04:49:32.330094,0.16243636601138858,Focused
2026-01-10T04:49:32.451606,0.1465529453125782,Focused
2026-01-10T04:49:32.577449,0.15700715524144468,Focused
2026-01-10T04:49:32.675379,0.17660298892878928,Focused
2026-01-10T04:49:32.876888,0.1949646001594374,Focused
2026-01-10T04:49:32.989526,0.19220528077566998,Focused
2026-01-10T04:49:33.106484,0.22742627708939833,Focused
2026-01-10T04:49:33.202960,0.24481349957641213,Focused
2026-01-10T04:49:33.293938,0.21176711892476305,Focused
2026-01-10T04:49:33.409366,0.22044942866778,Focused
2026-01-10T04:49:33.536814,0.17216512105660514,Focused
2026-01-10T04:49:33.648236,0.19046183201135136,Focused
2026-01-10T04:49:33.741299,0.17914300163392907,Focused
2026-01-10T04:49:33.886705,0.20733103447128087,Focused
2026-01-10T04:49:34.021897,0.13125160868221428,Focused
2026-01-10T04:49:34.119643,0.10386445394105975,Focused
2026-01-10T04:49:34.215457,0.11799271684139967,Focused
2026-01-10T04:49:34.306838,0.10556677184067667,Focused
2026-01-10T04:49:34.406376,0.09307768956641667,Focused
2026-01-10T04:49:34.528581,0.10994813096767757,Focused
2026-01-10T04:49:34.640284,0.11546076799277216,Focused
2026-01-10T04:49:34.740696,0.137827756133629,Focused
2026-01-10T04:49:34.839917,0.13627667145337907,Focused
2026-01-10T04:49:35.004881,0.16408994232770055,Focused
2026-01-10T04:49:35.109344,0.18562956505338662,Focused
2026-01-10T04:49:35.199840,0.16346402502676938,Focused
2026-01-10T04:49:35.290908,0.16346402502676938,Focused
2026-01-10T04:49:35.389089,0.1486799356847769,Focused
2026-01-10T04:49:35.489177,0.16517049715621396,Focused
2026-01-10T04:49:35.602478,0.16248523539979942,Focused
2026-01-10T04:49:35.708456,0.15248375603114253,Focused
2026-01-10T04:49:35.807273,0.1679275508096907,Focused
2026-01-10T04:49:35.904831,0.14152103350788822,Focused
2026-01-10T04:49:36.015998,0.14437923773657527,Focused
2026-01-10T04:49:36.185066,0.14317431619856508,Focused
2026-01-10T04:49:36.277695,0.1592841060133651,Focused
2026-01-10T04:49:36.369439,0.18669090632465665,Focused
2026-01-10T04:49:36.463444,0.18669090632465665,Focused
2026-01-10T04:49:36.587963,0.20244724007206968,Focused
2026-01-10T04:49:36.705368,0.25424391226260923,Focused
2026-01-10T04:49:36.803624,0.24351418219739568,Focused
2026-01-10T04:49:36.900218,0.21350299429614097,Focused
2026-01-10T04:49:37.004402,0.2093131037254352,Focused
2026-01-10T04:49:37.100759,0.18973528385395186,Focused
2026-01-10T04:49:37.280228,0.21106833696831018,Focused
2026-01-10T04:49:37.381284,0.21883832126040945,Focused
2026-01-10T04:49:37.487420,0.212732902407879,Focused
2026-01-10T04:49:37.608819,0.18493684660061263,Focused
2026-01-10T04:49:37.749302,0.2202623691584449,Focused
2026-01-10T04:49:37.860237,0.1961099108797498,Focused
2026-01-10T04:49:37.979474,0.21741213770583273,Focused
2026-01-10T04:49:38.103293,0.22034704771358518,Focused
2026-01-10T04:49:38.217115,0.2126086536445655,Focused
2026-01-10T04:49:38.375746,0.22003629762330093,Focused
2026-01-10T04:49:38.475138,0.2084559887473006,Focused
2026-01-10T04:49:38.593028,0.16008167474647053,Focused
2026-01-10T04:49:38.712190,0.15781006537727083,Focused
2026-01-10T04:49:38.825443,0.15141704073175788,Focused
2026-01-10T04:49:38.931704,0.18261345273349433,Focused
2026-01-10T04:49:39.040745,0.20557949565118178,Focused
2026-01-10T04:49:39.145219,0.24153540288680234,Focused
2026-01-10T04:49:39.251946,0.27575977826491,Focused
2026-01-10T04:49:39.435969,0.3821578726463486,Focused
2026-01-10T04:49:39.546649,0.38922951990389265,Focused
2026-01-10T04:49:39.645522,0.3911047104978934,Focused
2026-01-10T04:49:39.753714,0.37971776549238717,Focused
2026-01-10T04:49:39.854107,0.425117899448378,Focused
2026-01-10T04:49:39.967877,0.43471931417589077,Focused
2026-01-10T04:49:40.081969,0.4221621021162719,Focused
2026-01-10T04:49:40.179654,0.48310632110806184,Focused
2026-01-10T04:49:40.306089,0.4571709239971824,Focused
2026-01-10T04:49:40.409849,0.46436782764503737,Focused
2026-01-10T04:49:40.567515,0.45569467277964576,Focused
2026-01-10T04:49:40.668784,0.4416908172366675,Focused
2026-01-10T04:49:40.788564,0.45488733563106504,Focused
2026-01-10T04:49:40.892749,0.45496331579051913,Focused
2026-01-10T04:49:40.987743,0.46471979729831214,Focused
2026-01-10T04:49:41.101066,0.43920316991279834,Focused
2026-01-10T04:49:41.196642,0.4291808869922534,Focused
2026-01-10T04:49:41.318192,0.4452847897337051,Focused
2026-01-10T04:49:41.415883,0.4702257313474547,Focused
2026-01-10T04:49:41.612284,0.4774867639003787,Focused
2026-01-10T04:49:41.713987,0.4791551475762389,Focused
2026-01-10T04:49:41.841608,0.49396590174874294,Focused
2026-01-10T04:49:41.953613,0.4723799747938756,Focused
2026-01-10T04:49:42.063196,0.42344248342560603,Focused
2026-01-10T04:49:42.160303,0.41953251879895104,Focused
2026-01-10T04:49:42.283352,0.39298992157564494,Focused
2026-01-10T04:49:42.388661,0.404052265183418,Focused
2026-01-10T04:49:42.498127,0.3989990888308967,Focused
2026-01-10T04:49:42.659267,0.36394540466135367,Focused
2026-01-10T04:49:42.768590,0.4202981425332837,Focused
2026-01-10T04:49:42.862552,0.38598284375621006,Focused
2026-01-10T04:49:42.972688,0.41777508010854947,Focused
2026-01-10T04:49:43.066579,0.45042148330248893,Focused
2026-01-10T04:49:43.167426,0.43301191045902665,Focused
2026-01-10T04:49:43.281050,0.43301191045902665,Focused
2026-01-10T04:49:43.396075,0.28316385337093375,Focused
2026-01-10T04:49:43.489029,0.2676395264163148,Focused
2026-01-10T04:49:43.592637,0.2289640949864406,Focused
2026-01-10T04:49:43.743018,0.1869626772968331,Focused
2026-01-10T04:49:43.862204,0.17914384092437105,Focused
2026-01-10T04:49:43.976027,0.15989712018345018,Focused
2026-01-10T04:49:44.081198,0.14699185634963213,Focused
2026-01-10T04:49:44.185472,0.15687172170437405,Focused
2026-01-10T04:49:44.287260,0.15978688778122888,Focused
2026-01-10T04:49:44.400844,0.19926797956577502,Focused
2026-01-10T04:49:44.495471,0.19431876144954002,Focused
2026-01-10T04:49:44.591995,0.19521411990281196,Focused
2026-01-10T04:49:44.684752,0.20681584637786726,Focused
2026-01-10T04:49:44.781650,0.1991020170535194,Focused
2026-01-10T04:49:44.945707,0.19277965785586276,Focused
2026-01-10T04:49:45.044233,0.18220361471467184,Focused
2026-01-10T04:49:45.142698,0.18751214326475749,Focused
2026-01-10T04:49:45.261214,0.18751214326475749,Focused
2026-01-10T04:49:45.373140,0.16962193546642085,Focused
2026-01-10T04:49:45.476434,0.18083372035471257,Focused
2026-01-10T04:49:45.574721,0.192944612892461,Focused
2026-01-10T04:49:45.667010,0.18817221841891296,Focused
2026-01-10T04:49:45.756987,0.18692797135154252,Focused
2026-01-10T04:49:45.852478,0.18120731342351062,Focused
2026-01-10T04:49:46.085714,0.1840907084493665,Focused
2026-01-10T04:49:46.183466,0.19244179145316595,Focused
2026-01-10T04:49:46.276409,0.19420384876430036,Focused
2026-01-10T04:49:46.395953,0.19040007830481043,Focused
2026-01-10T04:49:46.530571,0.19380244092317297,Focused
2026-01-10T04:49:46.673455,0.18531304254720452,Focused
2026-01-10T04:49:46.784715,0.18557207989506422,Focused
2026-01-10T04:49:46.886329,0.1830144271807512,Focused
2026-01-10T04:49:46.994323,0.1867531796451658,Focused
2026-01-10T04:49:47.176573,0.16941032859613187,Focused
2026-01-10T04:49:47.269602,0.18536547583062202,Focused
2026-01-10T04:49:47.363179,0.180766692670295,Focused
2026-01-10T04:49:47.500946,0.18229427371989002,Focused
2026-01-10T04:49:47.622496,0.11699216969427652,Focused
2026-01-10T04:49:47.756901,0.1048085715068737,Focused
2026-01-10T04:49:47.880181,0.13139246874488889,Focused
2026-01-10T04:49:48.015144,0.17711071034136694,Focused
2026-01-10T04:49:48.246650,0.18039992595149668,Focused
2026-01-10T04:49:48.384075,0.17927766939392314,Focused
2026-01-10T04:49:48.525132,0.19170491028344258,Focused
2026-01-10T04:49:48.661964,0.18233056844910608,Focused
2026-01-10T04:49:48.799117,0.15363634899258616,Focused
2026-01-10T04:49:48.938354,0.1727931114146486,Focused
2026-01-10T04:49:49.083324,0.18890468134195543,Focused
2026-01-10T04:49:49.288194,0.17736771917843724,Focused
2026-01-10T04:49:49.415128,0.19281962309032677,Focused
2026-01-10T04:49:49.545946,0.17418487690156323,Focused
2026-01-10T04:49:49.673744,0.18277791072032412,Focused
2026-01-10T04:49:49.802710,0.18334792647510767,Focused
2026-01-10T04:49:49.931485,0.1715739679057151,Focused
2026-01-10T04:49:50.062752,0.15776981973322107,Focused
2026-01-10T04:49:50.204377,0.17170121668605134,Focused
2026-01-10T04:49:50.422111,0.15951697397395037,Focused
2026-01-10T04:49:50.562681,0.17898377715609964,Focused
2026-01-10T04:49:50.702268,0.17605108097195626,Focused
2026-01-10T04:49:50.823585,0.193451826274395,Focused
2026-01-10T04:49:50.942840,0.18385346606373787,Focused
2026-01-10T04:49:51.058678,0.1818840775638819,Focused
2026-01-10T04:49:51.189387,0.16215375084429978,Focused
2026-01-10T04:49:51.320395,0.18485280117020012,Focused
2026-01-10T04:49:51.531882,0.17723551569506524,Focused
2026-01-10T04:49:51.654136,0.1844941398128867,Focused
2026-01-10T04:49:51.782082,0.19040276771411296,Focused
2026-01-10T04:49:51.899648,0.18213642155751586,Focused
2026-01-10T04:49:52.017742,0.20378285869956017,Focused
2026-01-10T04:49:52.133094,0.20382549725472926,Focused
2026-01-10T04:49:52.257454,0.20976751307025548,Focused
2026-01-10T04:49:52.377122,0.19818646609783172,Focused
2026-01-10T04:49:52.499187,0.20490520456805825,Focused
2026-01-10T04:49:52.694955,0.18862257311120628,Focused
2026-01-10T04:49:52.802363,0.1885863047093153,Focused
2026-01-10T04:49:52.916876,0.1895700693130493,Focused
2026-01-10T04:49:53.040681,0.18751075863838196,Focused
2026-01-10T04:49:53.176411,0.19145381157286465,Focused
2026-01-10T04:49:53.307565,0.17487314105965196,Focused
2026-01-10T04:49:53.445888,0.18242666833102703,Focused
2026-01-10T04:49:53.564355,0.1893183759879321,Focused
2026-01-10T04:49:53.770727,0.18895897758193317,Focused
2026-01-10T04:49:53.870157,0.19315095050260422,Focused
2026-01-10T04:49:53.972007,0.1648378074169159,Focused
2026-01-10T04:49:54.084693,0.16672124303877353,Focused
2026-01-10T04:49:54.200258,0.18372477404773233,Focused
2026-01-10T04:49:54.346980,0.17497939467430115,Focused
2026-01-10T04:49:54.459159,0.14795834384858608,Focused
2026-01-10T04:49:54.561884,0.1624022953212261,Focused
2026-01-10T04:49:54.661503,0.1556660445407033,Focused
2026-01-10T04:49:54.871426,0.1660059120506048,Focused
2026-01-10T04:49:54.972377,0.18207159470766782,Focused
2026-01-10T04:49:55.095335,0.2195185638964176,Focused
2026-01-10T04:49:55.217530,0.20961455535143614,Focused
2026-01-10T04:49:55.314324,0.2945395030081272,Focused
2026-01-10T04:49:55.415043,0.2607154115103185,Focused
2026-01-10T04:49:55.515817,0.30305787418037655,Focused
2026-01-10T04:49:55.608681,0.2819745762273669,Focused
2026-01-10T04:49:55.702582,0.29790758490562436,Focused
2026-01-10T04:49:55.805212,0.29449343914166093,Focused
2026-01-10T04:49:55.987414,0.24214008459821346,Focused
2026-01-10T04:49:56.102518,0.20413474049419164,Focused
2026-01-10T04:49:56.203611,0.21869404008612037,Focused
2026-01-10T04:49:56.296211,0.21869404008612037,Focused
2026-01-10T04:49:56.408948,0.2339076698757708,Focused
2026-01-10T04:49:56.528242,0.2651975124143064,Focused
2026-01-10T04:49:56.621185,0.30008558542467656,Focused
2026-01-10T04:49:56.724336,0.2830481857061386,Focused
2026-01-10T04:49:56.820272,0.3042580224107951,Focused
2026-01-10T04:49:57.031180,0.2616859272122383,Focused
2026-01-10T04:49:57.146814,0.2604972447734326,Focused
2026-01-10T04:49:57.267278,0.2601532457396388,Focused
2026-01-10T04:49:57.363433,0.22927500111982227,Focused
2026-01-10T04:49:57.484933,0.22764701973646878,Focused
2026-01-10T04:49:57.580816,0.24244032744318245,Focused
2026-01-10T04:49:57.682805,0.24879383533261717,Focused
2026-01-10T04:49:57.794094,0.26361690480262034,Focused
2026-01-10T04:49:57.888942,0.27507241304265334,Focused
2026-01-10T04:49:58.001303,0.28198907878249885,Focused
2026-01-10T04:49:58.188042,0.27390201641246675,Focused
2026-01-10T04:49:58.291717,0.24713735086843372,Focused
2026-01-10T04:49:58.394549,0.2372048667166382,Focused
2026-01-10T04:49:58.522039,0.23046073177829385,Focused
2026-01-10T04:49:58.624967,0.24882151409983633,Focused
2026-01-10T04:49:58.722744,0.2645157130435109,Focused
2026-01-10T04:49:58.830429,0.21647176705300808,Focused
2026-01-10T04:49:58.934735,0.23506600521504878,Focused
2026-01-10T04:49:59.053781,0.25429011434316634,Focused
2026-01-10T04:49:59.239094,0.20333926118910312,Focused
2026-01-10T04:49:59.339905,0.24045053571462632,Focused
2026-01-10T04:49:59.438593,0.2623961143195629,Focused
2026-01-10T04:49:59.560371,0.26407583393156525,Focused
2026-01-10T04:49:59.660494,0.23645384237170222,Focused
2026-01-10T04:49:59.756605,0.23605550229549407,Focused
2026-01-10T04:49:59.861347,0.24736845269799232,Focused
2026-01-10T04:49:59.961882,0.1916092958766967,Focused
2026-01-10T04:50:00.078663,0.18815718487021513,Focused
2026-01-10T04:50:00.260215,0.1773078007507138,Focused
2026-01-10T04:50:00.368956,0.17359375625965187,Focused
2026-01-10T04:50:00.460332,0.1741801319818478,Focused
2026-01-10T04:50:00.588915,0.16403006020118482,Focused
2026-01-10T04:50:00.692843,0.1959336166561116,Focused
2026-01-10T04:50:00.791590,0.18494666445185431,Focused
2026-01-10T04:50:00.893787,0.1738053623237647,Focused
2026-01-10T04:50:00.992577,0.17823954450432214,Focused
2026-01-10T04:50:01.100441,0.1985293782723602,Focused
2026-01-10T04:50:01.221089,0.2094627668178873,Focused
2026-01-10T04:50:01.398140,0.13764145509921943,Focused
2026-01-10T04:50:01.505045,0.1282485727686435,Focused
2026-01-10T04:50:01.616493,0.1056759372819215,Focused
2026-01-10T04:50:01.711547,0.0646939939353615,Focused
2026-01-10T04:50:01.803467,0.06321222074329853,Focused
2026-01-10T04:50:01.899443,0.06878113884013146,Focused
2026-01-10T04:50:02.000923,0.048035602655727414,Focused
2026-01-10T04:50:02.119990,0.08676238951738924,Focused
2026-01-10T04:50:02.262415,0.06940029264078476,Focused
2026-01-10T04:50:02.446548,0.06241881068781367,Focused
2026-01-10T04:50:02.577175,0.11382366162724793,Focused
2026-01-10T04:50:02.699538,0.0743391865715239,Focused
2026-01-10T04:50:02.824606,0.03124972133173287,Focused
2026-01-10T04:50:02.942708,0.02873644031042204,Focused
2026-01-10T04:50:03.046145,0.06674965507118032,Focused
2026-01-10T04:50:03.146885,0.07930788632365875,Focused
2026-01-10T04:50:03.246702,0.09513725065626204,Focused
2026-01-10T04:50:03.373705,0.07060482322704047,Focused
2026-01-10T04:50:03.540355,0.058635758262244056,Focused
2026-01-10T04:50:03.641647,0.08772975135361775,Focused
2026-01-10T04:50:03.735197,0.11533651452045887,Focused
2026-01-10T04:50:03.858447,0.1525993018207373,Focused
2026-01-10T04:50:03.959464,0.28504631852265444,Focused
2026-01-10T04:50:04.099434,0.28504631852265444,Focused
2026-01-10T04:50:04.210675,0.07927669615019113,Focused
2026-01-10T04:50:04.330590,0.09762172931805252,Focused
2026-01-10T04:50:04.423907,0.11267591973301024,Focused
2026-01-10T04:50:04.591598,0.11312056715541986,Focused
2026-01-10T04:50:04.695190,0.10373737810441526,Focused
2026-01-10T04:50:04.799948,0.11194990873773349,Focused
2026-01-10T04:50:04.912447,0.12030168850906194,Focused
2026-01-10T04:50:05.018114,0.08654882337141316,Focused
2026-01-10T04:50:05.118090,0.1345459269563435,Focused
2026-01-10T04:50:05.216071,0.11329379264207091,Focused
2026-01-10T04:50:05.311869,0.12256352938566124,Focused
2026-01-10T04:50:05.424806,0.1286609977527405,Focused
2026-01-10T04:50:05.523330,0.11859737345075701,Focused
2026-01-10T04:50:05.687132,0.11741010020632531,Focused
2026-01-10T04:50:05.803625,0.13044922463595868,Focused
2026-01-10T04:50:05.909919,0.20510909235163127,Focused
2026-01-10T04:50:06.007927,0.2067807804327458,Focused
2026-01-10T04:50:06.126025,0.17834049215889536,Focused
2026-01-10T04:50:06.223692,0.17705474639951718,Focused
2026-01-10T04:50:06.336148,0.17449122510151938,Focused
2026-01-10T04:50:06.458224,0.16409829653566704,Focused
2026-01-10T04:50:06.563552,0.15618107359623537,Focused
2026-01-10T04:51:14.703624,0.16500460360402938,Focused
2026-01-10T04:51:14.896471,0.175971841160208,Focused
2026-01-10T04:51:15.027634,0.1739497806163854,Focused
2026-01-10T04:51:15.159563,0.24946349786623614,Focused
2026-01-10T04:51:15.283713,0.22539795420889275,Focused
2026-01-10T04:51:15.401356,0.20978984936082273,Focused
2026-01-10T04:51:15.619567,0.22176472165156155,Focused
2026-01-10T04:51:15.757380,0.18933777181810002,Focused
2026-01-10T04:51:15.890455,0.25275062209693716,Focused
2026-01-10T04:51:16.018768,0.225301823632617,Focused
2026-01-10T04:51:16.155594,0.2126833622911363,Focused
2026-01-10T04:51:16.294449,0.21755705215473428,Focused
2026-01-10T04:51:16.425431,0.19168289142980938,Focused
2026-01-10T04:51:16.556435,0.21654080619919114,Focused
2026-01-10T04:51:16.769721,0.20325626454723533,Focused
2026-01-10T04:51:16.908624,0.1819956091523636,Focused
2026-01-10T04:51:17.031727,0.22655910571338608,Focused
2026-01-10T04:51:17.155942,0.1738165852759266,Focused
2026-01-10T04:51:17.298130,0.18575131121033336,Focused
2026-01-10T04:51:17.439134,0.23817832670756617,Focused
2026-01-10T04:51:17.567907,0.2309392619499704,Focused
2026-01-10T04:51:17.774297,0.2248366645013448,Focused
2026-01-10T04:51:17.909099,0.22485626603738637,Focused
2026-01-10T04:51:18.046723,0.220574483636301,Focused
2026-01-10T04:51:18.189389,0.23291578492498954,Focused
2026-01-10T04:51:18.330653,0.2676908088120399,Focused
2026-01-10T04:51:18.469370,0.21325834746239705,Focused
2026-01-10T04:51:18.606571,0.1996034013311146,Focused
2026-01-10T04:51:18.740186,0.16628870435088175,Focused
2026-01-10T04:51:18.951701,0.2376157458871603,Focused
2026-01-10T04:51:19.083376,0.2026393855921924,Focused
2026-01-10T04:51:19.210961,0.20893745278881395,Focused
2026-01-10T04:51:19.344493,0.3008317571278894,Focused
2026-01-10T04:51:19.484366,0.2889687938266433,Focused
2026-01-10T04:51:19.600872,0.2640400247211801,Focused
2026-01-10T04:51:19.734141,0.24154901511501523,Focused
2026-01-10T04:51:19.855812,0.23136377856717444,Focused
2026-01-10T04:51:20.068054,0.2695735635468736,Focused
2026-01-10T04:51:20.191630,0.259221583022736,Focused
2026-01-10T04:51:20.322718,0.33426715481327846,Focused
2026-01-10T04:51:20.444398,0.3384057674615178,Focused
2026-01-10T04:51:20.567880,0.31842330810031855,Focused
2026-01-10T04:51:20.734089,0.3237044052104466,Focused
2026-01-10T04:51:20.858702,0.3244501792185474,Focused
2026-01-10T04:51:20.967523,0.30902305275667463,Focused
2026-01-10T04:51:21.173248,0.2623447696329095,Focused
2026-01-10T04:51:21.277290,0.2749259427422657,Focused
2026-01-10T04:51:21.510070,0.2945273939636536,Focused
2026-01-10T04:51:21.615702,0.24216200744558591,Focused
2026-01-10T04:51:21.850725,0.2316700009163469,Focused
2026-01-10T04:51:21.958090,0.23613087884150444,Focused
2026-01-10T04:51:22.071843,0.21963023028802126,Focused
2026-01-10T04:51:22.270830,0.245801664161263,Focused
2026-01-10T04:51:22.377630,0.2109080094785895,Focused
2026-01-10T04:51:22.487282,0.23468038983992298,Focused
2026-01-10T04:51:22.627033,0.24812513543874956,Focused
2026-01-10T04:51:22.736606,0.23051791683537887,Focused
2026-01-10T04:51:22.870738,0.21794357300386766,Focused
2026-01-10T04:51:22.984023,0.2257241943909321,Focused
2026-01-10T04:51:23.118645,0.22204910622676835,Focused
2026-01-10T04:51:23.306534,0.21995640916138653,Focused
2026-01-10T04:51:23.444683,0.235414529585978,Focused
2026-01-10T04:51:23.563293,0.26264512936759277,Focused
2026-01-10T04:51:23.687561,0.2248352847644128,Focused
2026-01-10T04:51:23.812068,0.2630513955606148,Focused
2026-01-10T04:51:23.949496,0.2391589285689406,Focused
2026-01-10T04:51:24.066169,0.27114769961335694,Focused
2026-01-10T04:51:24.198133,0.2395670231227996,Focused
2026-01-10T04:51:24.400482,0.23977762284048368,Focused
2026-01-10T04:51:24.541400,0.2277376493118936,Focused
2026-01-10T04:51:24.693153,0.2572456354391761,Focused
2026-01-10T04:51:24.830678,0.27555686251726,Focused
2026-01-10T04:51:24.967779,0.24883888246549757,Focused
2026-01-10T04:51:25.100131,0.22672663396806456,Focused
2026-01-10T04:51:25.239609,0.23410467200155835,Focused
2026-01-10T04:51:25.427280,0.24803124627796935,Focused
2026-01-10T04:51:25.556302,0.22071900586306584,Focused
2026-01-10T04:51:25.694700,0.23319548229919745,Focused
2026-01-10T04:51:25.830331,0.26071066058066206,Focused
2026-01-10T04:51:25.963770,0.269260089477757,Focused
2026-01-10T04:51:26.099627,0.2518100902554579,Focused
2026-01-10T04:51:26.243297,0.21705583104048856,Focused
2026-01-10T04:51:26.373641,0.24413641867577102,Focused
2026-01-10T04:51:26.572691,0.22331887825275773,Focused
2026-01-10T04:53:59.060280,0.18493404301407282,Focused
2026-01-10T04:53:59.261816,0.1327186564070871,Focused
2026-01-10T04:53:59.400584,0.07932944268686697,Focused
2026-01-10T04:53:59.555029,0.11295985008473508,Focused
2026-01-10T04:53:59.681338,0.1251085258438252,Focused
2026-01-10T04:53:59.803604,0.09599527036771179,Focused
2026-01-10T04:53:59.971376,0.10716892811178695,Focused
2026-01-10T04:54:00.120522,0.12278238476719708,Focused
2026-01-10T04:54:00.266042,0.12753428829601035,Focused
2026-01-10T04:54:00.416356,0.12042161749850493,Focused
2026-01-10T04:54:00.577645,0.14924322574806864,Focused
2026-01-10T04:54:00.720543,0.1553117314731935,Focused
2026-01-10T04:54:00.863762,0.15318599650345277,Focused
2026-01-10T04:54:01.047947,0.12924693727400155,Focused
2026-01-10T04:54:01.182016,0.1276641821139492,Focused
2026-01-10T04:54:01.312700,0.14891289745573885,Focused
2026-01-10T04:54:01.455454,0.19786935100273695,Focused
2026-01-10T04:54:01.625750,0.1928091822133865,Focused
2026-01-10T04:54:01.760192,0.1533146874193335,Focused
2026-01-10T04:54:01.884020,0.17337953455280514,Focused
2026-01-10T04:54:02.076166,0.17910109547374303,Focused
2026-01-10T04:54:02.212386,0.12299448364065028,Focused
2026-01-10T04:54:02.337982,0.15636283322237432,Focused
2026-01-10T04:54:02.468843,0.13653501849039457,Focused
2026-01-10T04:54:02.593892,0.11612903673230902,Focused
2026-01-10T04:54:02.741279,0.20568801151384833,Focused
2026-01-10T04:54:02.863410,0.26334369930264073,Focused
2026-01-10T04:54:02.987436,0.22735493280197258,Focused
2026-01-10T04:54:03.180172,0.20403460948728025,Focused
2026-01-10T04:54:03.304397,0.1653299539611908,Focused
2026-01-10T04:54:03.418667,0.20492779320338741,Focused
2026-01-10T04:54:03.545542,0.23911964368599,Focused
2026-01-10T04:54:03.679120,0.20768722763459663,Focused
2026-01-10T04:54:03.806086,0.17511433788458816,Focused
2026-01-10T04:54:03.925777,0.21855074306367894,Focused
2026-01-10T04:54:04.051751,0.2567766818101518,Focused
2026-01-10T04:54:04.251405,0.24844374073145448,Focused
2026-01-10T04:54:04.383853,0.33212323012412526,Focused
2026-01-10T04:54:04.500478,0.24723895187489686,Focused
2026-01-10T04:54:04.623670,0.2819980828644475,Focused
2026-01-10T04:54:04.741949,0.2625856779923197,Focused
2026-01-10T04:54:04.877494,0.25037068481324243,Focused
2026-01-10T04:54:04.998906,0.26894863400957547,Focused
2026-01-10T04:54:05.128096,0.23109401761321352,Focused
2026-01-10T04:54:05.323759,0.25278585446067153,Focused
2026-01-10T04:54:05.445074,0.23445575250079853,Focused
2026-01-10T04:54:05.570499,0.28699993249028916,Focused
2026-01-10T04:54:05.696074,0.29471012799767776,Focused
2026-01-10T04:54:05.833034,0.26936795747024006,Focused
2026-01-10T04:54:05.966054,0.26514915739535355,Focused
2026-01-10T04:54:06.090802,0.2736418696120382,Focused
2026-01-10T04:54:06.215421,0.2908319485897664,Focused
2026-01-10T04:54:06.410419,0.2740569025045261,Focused
2026-01-10T04:54:06.537357,0.28187218790699264,Focused
2026-01-10T04:54:06.669478,0.2221757559367688,Focused
2026-01-10T04:54:06.791263,0.2581870377063751,Focused
2026-01-10T04:54:06.926382,0.1675836318812799,Focused
2026-01-10T04:54:07.055122,0.16310894411290064,Focused
2026-01-10T04:54:07.178533,0.236418105775374,Focused
2026-01-10T04:54:07.314021,0.2615516355814179,Focused
2026-01-10T04:54:07.497646,0.25741622861824,Focused
2026-01-10T04:54:07.625688,0.25251998685416766,Focused
2026-01-10T04:54:07.757366,0.2654307569551747,Focused
2026-01-10T04:54:07.898950,0.2268153989512939,Focused
2026-01-10T04:54:08.029004,0.2623821076209424,Focused
2026-01-10T04:54:08.154647,0.3147024619887816,Focused
2026-01-10T04:54:08.279052,0.3393404927162919,Focused
2026-01-10T04:54:08.414782,0.33771582222834695,Focused
2026-01-10T04:54:08.586532,0.28628390553058125,Focused
2026-01-10T04:54:08.719771,0.3086533743393374,Focused
2026-01-10T04:54:08.858413,0.2553277177416021,Focused
2026-01-10T04:54:09.010153,0.3335740876500495,Focused
2026-01-10T04:54:09.140884,0.2084426902263658,Focused
2026-01-10T04:54:09.262074,0.27812984453630635,Focused
2026-01-10T04:54:09.403386,0.2935569529014174,Focused
2026-01-10T04:54:09.626143,0.27543181213550266,Focused
2026-01-10T04:54:09.754536,0.29027764917118476,Focused
2026-01-10T04:54:09.872699,0.19962241365574301,Focused
2026-01-10T04:54:10.011754,0.2138434684544336,Focused
2026-01-10T04:54:10.140608,0.21082299068802968,Focused
2026-01-10T04:54:10.269017,0.20224938839673995,Focused
2026-01-10T04:54:10.388006,0.19943398434552365,Focused
2026-01-10T04:54:10.517257,0.19636156953929457,Focused
2026-01-10T04:54:10.721068,0.17525865605857688,Focused
2026-01-10T04:54:10.841952,0.17022948453377465,Focused
2026-01-10T04:54:10.977755,0.18148755212314427,Focused
2026-01-10T04:54:11.113329,0.1859375557207386,Focused
2026-01-10T04:54:11.241212,0.18797788756783118,Focused
2026-01-10T04:54:11.360266,0.184597120838589,Focused
2026-01-10T04:54:11.486393,0.1810590081659029,Focused
2026-01-10T04:54:11.612594,0.15766534981812583,Focused
2026-01-10T04:54:11.814921,0.15487737907096744,Focused
2026-01-10T04:54:11.943163,0.16935918472590858,Focused
2026-01-10T04:54:12.082585,0.1722376529854955,Focused
2026-01-10T04:54:12.211012,0.16665646101173479,Focused
2026-01-10T04:54:12.333425,0.16061861237394623,Focused
2026-01-10T04:54:12.455461,0.1881760948235751,Focused
2026-01-10T04:54:12.580901,0.1460249558847863,Focused
2026-01-10T04:54:12.702289,0.16450963883835354,Focused
2026-01-10T04:54:12.902757,0.1379550847050268,Focused
2026-01-10T04:54:13.031565,0.15868561182724078,Focused
2026-01-10T04:54:13.155755,0.15051870442111978,Focused
2026-01-10T04:54:13.281957,0.13976094543759246,Focused
2026-01-10T04:54:13.404468,0.15677896001143382,Focused
2026-01-10T04:54:13.528733,0.13758555031381547,Focused
2026-01-10T04:54:13.657431,0.13603160809725523,Focused
2026-01-10T04:54:13.781713,0.1429595816298388,Focused
2026-01-10T04:54:13.987692,0.11626594907138496,Focused
2026-01-10T04:54:14.133498,0.10282901863101869,Focused
2026-01-10T04:54:14.268090,0.10545988936792128,Focused
2026-01-10T04:54:14.392077,0.1047020650235936,Focused
2026-01-10T04:54:14.512972,0.09755747573217377,Focused
2026-01-10T04:54:14.640611,0.12071909226942806,Focused
2026-01-10T04:54:14.765097,0.13238565200008454,Focused
2026-01-10T04:54:14.889086,0.1508706366061233,Focused
2026-01-10T04:54:15.093737,0.16532110080588608,Focused
2026-01-10T04:54:15.232841,0.1791526279354002,Focused
2026-01-10T04:54:15.361395,0.1894665797357447,Focused
2026-01-10T04:54:15.482271,0.20000063081097322,Focused
2026-01-10T04:54:15.605373,0.19316593410039784,Focused
2026-01-10T04:54:15.733545,0.1899094356689602,Focused
2026-01-10T04:54:15.856510,0.18491406173561697,Focused
2026-01-10T04:54:15.989560,0.1519814794010017,Focused
2026-01-10T04:54:16.229647,0.1918130938807735,Focused
2026-01-10T04:54:16.367839,0.17036928111920133,Focused
2026-01-10T04:54:16.499697,0.17135776472277942,Focused
2026-01-10T04:54:16.625101,0.16621678224182687,Focused
2026-01-10T04:54:16.745854,0.158311275485903,Focused
2026-01-10T04:54:16.880236,0.14621322876773776,Focused
2026-01-10T04:54:17.004297,0.16513204858638347,Focused
2026-01-10T04:54:17.124475,0.16706636248272844,Focused
2026-01-10T04:54:17.355724,0.16445466874865816,Focused
2026-01-10T04:54:17.487971,0.18017438349197618,Focused
2026-01-10T04:54:17.604192,0.16488142179441637,Focused
2026-01-10T04:54:17.727038,0.16887908387579958,Focused
2026-01-10T04:54:17.855915,0.1686067132046446,Focused
2026-01-10T04:54:17.986077,0.16268144368077628,Focused
2026-01-10T04:54:18.109937,0.18183450823416933,Focused
2026-01-10T04:54:18.237527,0.18517093028058298,Focused
2026-01-10T04:54:18.460215,0.2007952794781886,Focused
2026-01-10T04:54:18.583733,0.18662910660495982,Focused
2026-01-10T04:54:18.696570,0.16462990689906293,Focused
2026-01-10T04:54:18.819371,0.1826157536561368,Focused
2026-01-10T04:54:18.936070,0.1896671233116649,Focused
2026-01-10T04:54:19.058664,0.18224907351832373,Focused
2026-01-10T04:54:19.173296,0.16889275897992775,Focused
2026-01-10T04:54:19.307481,0.1511551387695363,Focused
2026-01-10T04:54:19.595561,0.17215589313127566,Focused
2026-01-10T04:54:19.722135,0.1595269964018371,Focused
2026-01-10T04:54:19.849661,0.15664475003432016,Focused
2026-01-10T04:54:19.978577,0.15682486539444654,Focused
2026-01-10T04:54:20.113021,0.1678943581413478,Focused
2026-01-10T04:54:20.248888,0.158164303121157,Focused
2026-01-10T04:54:20.370195,0.1395088152901735,Focused
2026-01-10T04:54:20.613937,0.09782764527481048,Focused
2026-01-10T04:54:20.745465,0.13200808182591572,Focused
2026-01-10T04:54:20.874083,0.0780750246718526,Focused
2026-01-10T04:54:20.995711,0.08583024647959973,Focused
2026-01-10T04:54:21.121076,0.16068326672539113,Focused
2026-01-10T04:54:21.245572,0.17037782598345072,Focused
2026-01-10T04:54:21.372579,0.16065166410699022,Focused
2026-01-10T04:54:21.499970,0.14487312620622106,Focused
2026-01-10T04:54:21.732318,0.17892011418298354,Focused
2026-01-10T04:54:21.859734,0.17826046058908104,Focused
2026-01-10T04:54:21.985056,0.17246536865714004,Focused
2026-01-10T04:54:22.111512,0.18333936033013742,Focused
2026-01-10T04:54:22.243134,0.17210040799400303,Focused
2026-01-10T04:54:22.378393,0.1783486119384179,Focused
2026-01-10T04:54:22.509772,0.1709188659006031,Focused
2026-01-10T04:54:22.636901,0.1588664353621425,Focused
2026-01-10T04:54:22.860390,0.16773400423699056,Focused
2026-01-10T04:54:22.984620,0.2059803191397805,Focused
2026-01-10T04:54:23.109579,0.21219001084682532,Focused
2026-01-10T04:54:23.230986,0.23124325534445234,Focused
2026-01-10T04:54:23.355332,0.23240898152289446,Focused
2026-01-10T04:54:23.479602,0.2226262911135564,Focused
2026-01-10T04:54:23.607060,0.22386482974397948,Focused
2026-01-10T04:54:23.739952,0.21320274832542052,Focused
2026-01-10T04:54:23.969595,0.24501200835802592,Focused
2026-01-10T04:54:24.106535,0.3053599749517162,Focused
2026-01-10T04:54:24.242234,0.3734667162992991,Focused
2026-01-10T04:54:24.368313,0.29008680467959497,Focused
2026-01-10T04:54:24.486511,0.3079255156626459,Focused
2026-01-10T04:54:24.612619,0.26719407859491184,Focused
2026-01-10T04:54:24.746759,0.26265500318259005,Focused
2026-01-10T04:54:24.867347,0.2626716611965094,Focused
2026-01-10T04:54:25.095613,0.2574344971217215,Focused
2026-01-10T04:54:25.223787,0.22840868805360515,Focused
2026-01-10T04:54:25.350174,0.2093787324090954,Focused
2026-01-10T04:54:25.476619,0.21814190780278295,Focused
2026-01-10T04:54:25.603636,0.24525629870186094,Focused
2026-01-10T04:54:25.730538,0.23715956754458606,Focused
2026-01-10T04:54:25.861344,0.21325088234152645,Focused
2026-01-10T04:54:25.991361,0.2327811457158532,Focused
2026-01-10T04:54:26.236641,0.2569052938779351,Focused
2026-01-10T04:54:26.356936,0.23219026529695835,Focused
2026-01-10T04:54:26.480915,0.21485492651700042,Focused
2026-01-10T04:54:26.612468,0.24866077962797137,Focused
2026-01-10T04:54:26.747948,0.22331591947586277,Focused
2026-01-10T04:54:26.880540,0.19611425134644378,Focused
2026-01-10T04:54:27.008327,0.1994803772831801,Focused
2026-01-10T04:54:27.140650,0.19313504354213362,Focused
2026-01-10T04:54:27.345616,0.17612661948660388,Focused
2026-01-10T04:54:27.475336,0.17061304605158512,Focused
2026-01-10T04:54:27.602317,0.15714531069388613,Focused
2026-01-10T04:54:27.729696,0.1508566806616727,Focused
2026-01-10T04:54:27.861937,0.15055275144113692,Focused
2026-01-10T04:54:27.989667,0.1445809748780448,Focused
2026-01-10T04:54:28.117924,0.1864194934896659,Focused
2026-01-10T04:54:28.241109,0.16458541219471953,Focused
2026-01-10T04:54:28.461434,0.15918406548153144,Focused
2026-01-10T04:54:28.588482,0.1520097616885323,Focused
2026-01-10T04:54:28.707021,0.15094521317223553,Focused
2026-01-10T04:54:28.846760,0.15221164498943834,Focused
2026-01-10T04:54:28.981205,0.1795387315301923,Focused
2026-01-10T04:54:29.106224,0.2118313297512941,Focused
2026-01-10T04:54:29.228506,0.1760518922965275,Focused
2026-01-10T04:54:29.348118,0.1746819477091776,Focused
2026-01-10T04:54:29.552651,0.15733085427491458,Focused
2026-01-10T04:54:29.687508,0.14732583744334987,Focused
2026-01-10T04:54:29.815743,0.1508177475101547,Focused
2026-01-10T04:54:29.944273,0.1512769052904332,Focused
2026-01-10T04:54:30.067351,0.1378078009292949,Focused
2026-01-10T04:54:30.196045,0.1331853707990376,Focused
2026-01-10T04:54:30.315510,0.13376283457910176,Focused
2026-01-10T04:54:30.442467,0.14490804691158699,Focused
2026-01-10T04:54:30.661076,0.14783753213123418,Focused
2026-01-10T04:54:30.797941,0.15149968962359706,Focused
2026-01-10T04:54:30.926157,0.15432837037660646,Focused
2026-01-10T04:54:31.064358,0.1486054527835222,Focused
2026-01-10T04:54:31.192559,0.15635897230531554,Focused
2026-01-10T04:54:31.320370,0.1403215687139891,Focused
2026-01-10T04:54:31.455740,0.13836688659794164,Focused
2026-01-10T04:54:31.647641,0.13539401234011164,Focused
2026-01-10T04:54:31.781155,0.14153975796361917,Focused
2026-01-10T04:54:31.914790,0.14351143894891719,Focused
2026-01-10T04:54:32.061363,0.1473469019460026,Focused
2026-01-10T04:54:32.189284,0.14912558601936327,Focused
2026-01-10T04:54:32.314218,0.14742796334321612,Focused
2026-01-10T04:54:32.437066,0.13562953210785053,Focused
2026-01-10T04:54:32.579610,0.1335538402898237,Focused
2026-01-10T04:54:32.793788,0.13996899220801423,Focused
2026-01-10T04:54:32.923213,0.1299597689678194,Focused
2026-01-10T04:54:33.060978,0.11601303805364296,Focused
2026-01-10T04:54:33.200358,0.12742779069812968,Focused
2026-01-10T04:54:33.330851,0.115844556549564,Focused
2026-01-10T04:54:33.470336,0.12377727088460233,Focused
2026-01-10T04:54:33.611996,0.10368703716085292,Focused
2026-01-10T04:54:33.751214,0.12647358865942804,Focused
2026-01-10T04:54:33.957311,0.12083218637562823,Focused
2026-01-10T04:54:34.105248,0.12801378970616498,Focused
2026-01-10T04:54:34.239095,0.11920418869121932,Focused
2026-01-10T04:54:34.373486,0.12987881524895784,Focused
2026-01-10T04:54:34.510834,0.12423377295781392,Focused
2026-01-10T04:54:34.640339,0.1556868028448662,Focused
2026-01-10T04:54:34.782893,0.1614239648799412,Focused
2026-01-10T04:54:34.985848,0.1656027507444378,Focused
2026-01-10T04:54:35.119618,0.14730332491162698,Focused
2026-01-10T04:54:35.236255,0.14066385045298374,Focused
2026-01-10T04:54:35.359036,0.14420605243649331,Focused
2026-01-10T04:54:35.486519,0.17279320289380848,Focused
2026-01-10T04:54:35.679316,0.17278973952343224,Focused
2026-01-10T04:54:35.792204,0.15490957048896234,Focused
2026-01-10T04:54:35.902852,0.1595254708197899,Focused
2026-01-10T04:54:36.088622,0.16292076293902935,Focused
2026-01-10T04:54:36.220174,0.18258759871241634,Focused
2026-01-10T04:54:36.346402,0.15155064787977607,Focused
2026-01-10T04:54:36.475192,0.14426926853484473,Focused
2026-01-10T04:54:36.597790,0.18919871555117423,Focused
2026-01-10T04:54:36.747539,0.18875882599677427,Focused
2026-01-10T04:54:36.876728,0.1854621630569454,Focused
2026-01-10T04:54:37.005711,0.18613996398053131,Focused
2026-01-10T04:54:37.212587,0.17734266015468167,Focused
2026-01-10T04:54:37.340037,0.17718266709707678,Focused
2026-01-10T04:54:37.465482,0.17720695807947776,Focused
2026-01-10T04:54:37.594957,0.1763046239299001,Focused
2026-01-10T04:54:37.719217,0.15176839341002052,Focused
2026-01-10T04:54:37.853439,0.10522151534096338,Focused
2026-01-10T04:54:37.981663,0.10997833667788655,Focused
2026-01-10T04:54:38.122628,0.09920059693977237,Focused
2026-01-10T04:54:38.330630,0.1391896262663067,Focused
2026-01-10T04:54:38.462906,0.13460530343145363,Focused
2026-01-10T04:54:38.596586,0.1419860685491585,Focused
2026-01-10T04:54:38.721889,0.13376650749269173,Focused
2026-01-10T04:54:38.854806,0.16656935390492436,Focused
2026-01-10T04:54:38.985244,0.1693005783643457,Focused
2026-01-10T04:54:39.126051,0.1767901031882502,Focused
2026-01-10T04:54:39.264014,0.19255432839272543,Focused
2026-01-10T04:54:39.446206,0.1963348171353573,Focused
2026-01-10T04:54:39.570714,0.20041939310613088,Focused
2026-01-10T04:54:39.695699,0.19697468144295271,Focused
2026-01-10T04:54:39.829561,0.18801136715337632,Focused
2026-01-10T04:54:39.968097,0.1920506779162679,Focused
2026-01-10T04:54:40.097656,0.18101012012339196,Focused
2026-01-10T04:54:40.246986,0.1881115954311099,Focused
2026-01-10T04:54:40.457702,0.19701924647088165,Focused
2026-01-10T04:54:40.593533,0.21666945960605516,Focused
2026-01-10T04:54:40.719778,0.21492810935305898,Focused
2026-01-10T04:54:40.855201,0.21937656622612847,Focused
2026-01-10T04:54:40.985444,0.20421774871938397,Focused
2026-01-10T04:54:41.113175,0.20484630407299845,Focused
2026-01-10T04:54:41.252165,0.1951145642902702,Focused
2026-01-10T04:54:41.378642,0.23594195983605462,Focused
2026-01-10T04:54:41.578638,0.22109088467550464,Focused
2026-01-10T04:54:41.707728,0.21354723552358337,Focused
2026-01-10T04:54:41.839979,0.2136040230980143,Focused
2026-01-10T04:54:41.977790,0.20725742419890597,Focused
2026-01-10T04:54:42.101051,0.2028683270851616,Focused
2026-01-10T04:54:42.224026,0.18856719509931283,Focused
2026-01-10T04:54:42.346565,0.18849910970311612,Focused
2026-01-10T04:54:42.473541,0.1835434889944736,Focused
2026-01-10T05:05:30.276736,0.18036855927784926,Focused
2026-01-10T05:05:30.455614,0.10668733787315432,Focused
2026-01-10T05:05:30.636441,0.10435660900839139,Focused
2026-01-10T05:05:30.772690,0.12040464266319759,Focused
2026-01-10T05:05:30.874783,0.10520179246377666,Focused
2026-01-10T05:05:30.970229,0.07726834069471807,Focused
2026-01-10T05:05:31.070783,0.07881704735045787,Focused
2026-01-10T05:05:31.195520,0.097743255662499,Focused
2026-01-10T05:05:31.288510,0.10340231105074053,Focused
2026-01-10T05:05:31.383920,0.06932137609110214,Focused
2026-01-10T05:05:31.500440,0.06675366313866107,Focused
2026-01-10T05:05:31.660072,0.07820767676166723,Focused
2026-01-10T05:05:31.785584,0.06289405910792993,Focused
2026-01-10T05:05:31.894246,0.11826056376594352,Focused
2026-01-10T05:05:31.994468,0.11826056376594352,Focused
2026-01-10T05:05:32.098644,0.14557584166614107,Focused
2026-01-10T05:05:32.201942,0.15705820534640225,Focused
2026-01-10T05:05:32.312485,0.12187423271097943,Focused
2026-01-10T05:05:32.430729,0.12029355541380937,Focused
2026-01-10T05:05:32.545701,0.11925934364917339,Focused
2026-01-10T05:05:32.725990,0.14204996918706456,Focused
2026-01-10T05:05:32.867364,0.12390537087630947,Focused
2026-01-10T05:05:32.985301,0.12711915498512097,Focused
2026-01-10T05:05:33.082101,0.10640691767912358,Focused
2026-01-10T05:05:33.193829,0.09426587504858616,Focused
2026-01-10T05:05:33.312909,0.11543256033328363,Focused
2026-01-10T05:05:33.408515,0.12360613922937773,Focused
2026-01-10T05:05:33.513007,0.14289492755051467,Focused
2026-01-10T05:05:33.610986,0.1502864285488613,Focused
2026-01-10T05:05:33.756239,0.1424533336175955,Focused
2026-01-10T05:05:33.893860,0.13299825422145659,Focused
2026-01-10T05:05:33.993965,0.12202876706141978,Focused
2026-01-10T05:05:34.093370,0.11898656452540307,Focused
2026-01-10T05:05:34.186793,0.12275885103881591,Focused
2026-01-10T05:05:34.293091,0.11855617589171742,Focused
2026-01-10T05:05:34.395972,0.12799433514883277,Focused
2026-01-10T05:05:34.492968,0.11100594225281384,Focused
2026-01-10T05:05:34.606249,0.10218797893903683,Focused
2026-01-10T05:05:34.721469,0.12559159855009056,Focused
2026-01-10T05:05:34.908805,0.12200161157816182,Focused
2026-01-10T05:05:35.009272,0.11872968872194178,Focused
2026-01-10T05:05:35.111668,0.1255449012562167,Focused
2026-01-10T05:05:35.206378,0.13347538235684625,Focused
2026-01-10T05:05:35.301656,0.1418254116841126,Focused
2026-01-10T05:05:35.406924,0.11890728337748442,Focused
2026-01-10T05:05:35.531681,0.1402886082738405,Focused
2026-01-10T05:05:35.642187,0.15314945805293972,Focused
2026-01-10T05:05:35.758112,0.1320537561085075,Focused
2026-01-10T05:05:35.908021,0.13368439693294928,Focused
2026-01-10T05:05:36.033638,0.13392665278515778,Focused
2026-01-10T05:05:36.151459,0.13211590792197966,Focused
2026-01-10T05:05:36.257790,0.12141660394117935,Focused
2026-01-10T05:05:36.318761,0.12141660394117935,Focused
2026-01-10T05:05:36.382600,0.12823230527283158,Focused
2026-01-10T05:05:36.451498,0.10252158757066354,Focused
2026-01-10T05:05:36.517429,0.11415578495798401,Focused
2026-01-10T05:05:36.580559,0.10969615935173352,Focused
2026-01-10T05:05:36.644414,0.10787427165487315,Focused
2026-01-10T05:05:36.705221,0.10787427165487315,Focused
2026-01-10T05:05:36.769819,0.1008523611468263,Focused
2026-01-10T05:05:36.838382,0.11973145913507323,Focused
2026-01-10T05:05:36.901258,0.1103104964015074,Focused
2026-01-10T05:05:36.965133,0.1122421619729721,Focused
2026-01-10T05:05:37.036610,0.12101971159281676,Focused
2026-01-10T05:05:37.110587,0.12101971159281676,Focused
2026-01-10T05:05:37.170886,0.12450408650620375,Focused
2026-01-10T05:05:37.228650,0.12082840480434243,Focused
2026-01-10T05:05:37.288953,0.11189832321833819,Focused
2026-01-10T05:05:37.349087,0.11528301212383667,Focused
2026-01-10T05:05:37.407294,0.12649438185908365,Focused
2026-01-10T05:05:37.467982,0.12649438185908365,Focused
2026-01-10T05:05:37.524883,0.12274438741442281,Focused
2026-01-10T05:05:37.583210,0.13010955534991805,Focused
2026-01-10T05:05:37.643204,0.12785445460322079,Focused
2026-01-10T05:05:37.701766,0.12785445460322079,Focused
2026-01-10T05:05:37.759369,0.1290161016571801,Focused
2026-01-10T05:05:37.816016,0.12104808393050916,Focused
2026-01-10T05:05:37.873906,0.12473884740466018,Focused
2026-01-10T05:05:37.934701,0.11836414494900965,Focused
2026-01-10T05:05:37.995131,0.10506010078825057,Focused
2026-01-10T05:05:38.054854,0.13208254770725034,Focused
2026-01-10T05:05:38.113021,0.13745339975866955,Focused
2026-01-10T05:05:38.180179,0.13745339975866955,Focused
2026-01-10T05:05:38.242463,0.1139354476807057,Focused
2026-01-10T05:05:38.304696,0.12272831668378784,Focused
2026-01-10T05:05:38.366066,0.10715424078080105,Focused
2026-01-10T05:05:38.426428,0.10715424078080105,Focused
2026-01-10T05:05:38.490019,0.10580445258819964,Focused
2026-01-10T05:05:38.554020,0.11095476337650324,Focused
2026-01-10T05:05:38.616571,0.11494946902967057,Focused
2026-01-10T05:05:38.683905,0.10086812136432854,Focused
2026-01-10T05:05:38.743724,0.12937787889968602,Focused
2026-01-10T05:05:38.807408,0.12937787889968602,Focused
2026-01-10T05:05:38.865466,0.1311132973001804,Focused
2026-01-10T05:05:38.926311,0.12404154516698328,Focused
2026-01-10T05:05:38.992072,0.12979781386238756,Focused
2026-01-10T05:05:39.055622,0.13803269000054572,Focused
2026-01-10T05:05:39.117700,0.13803269000054572,Focused
2026-01-10T05:05:39.193398,0.13889741087623406,Focused
2026-01-10T05:05:39.259854,0.1256213933578692,Focused
2026-01-10T05:05:39.320347,0.1341804154770216,Focused
2026-01-10T05:05:39.380969,0.11793032965069869,Focused
2026-01-10T05:05:39.444424,0.13156993716402213,Focused
2026-01-10T05:05:39.505988,0.13156993716402213,Focused
2026-01-10T05:05:39.567106,0.11367251904739534,Focused
2026-01-10T05:05:39.633402,0.1224407718065777,Focused
2026-01-10T05:05:39.701255,0.11791769558476517,Focused
2026-01-10T05:05:39.768024,0.09857515331677859,Focused
2026-01-10T05:05:39.831371,0.1194325747725088,Focused
2026-01-10T05:05:39.897047,0.1194325747725088,Focused
2026-01-10T05:05:39.959575,0.1513936939940322,Focused
2026-01-10T05:05:40.016599,0.17913305657857562,Focused
2026-01-10T05:05:40.077283,0.17913305657857562,Focused
2026-01-10T05:05:40.138764,0.12419262811599764,Focused
2026-01-10T05:05:40.201888,0.06604689136147499,Focused
2026-01-10T05:05:40.266915,0.06604689136147499,Focused
2026-01-10T05:05:40.325949,0.14408538560091985,Focused
2026-01-10T05:05:40.387281,0.09258416911761742,Focused
2026-01-10T05:05:40.447004,0.1450291826884495,Focused
2026-01-10T05:05:40.511619,0.14727580071485133,Focused
2026-01-10T05:05:40.575680,0.13504966676118782,Focused
2026-01-10T05:05:40.632596,0.153552512198803,Focused
2026-01-10T05:05:40.696727,0.09875914310687221,Focused
2026-01-10T05:05:40.764665,0.13514375249505975,Focused
2026-01-10T05:05:40.826257,0.1358713957015425,Focused
2026-01-10T05:05:40.888819,0.16675459385733118,Focused
2026-01-10T05:05:40.947944,0.13802423058659768,Focused
2026-01-10T05:05:41.005852,0.1599891940189991,Focused
2026-01-10T05:05:41.059886,0.1369153826497495,Focused
2026-01-10T05:05:41.116867,0.11522941169678232,Focused
2026-01-10T05:05:41.175330,0.11522941169678232,Focused
2026-01-10T05:05:41.231972,0.16459599675145,Focused
2026-01-10T05:05:41.287978,0.1632061881478876,Focused
2026-01-10T05:05:41.349866,0.1632061881478876,Focused
2026-01-10T05:05:41.411651,0.1557265300420113,Focused
2026-01-10T05:05:41.473564,0.154376827867236,Focused
2026-01-10T05:05:41.532666,0.1615058830415364,Focused
2026-01-10T05:05:41.593706,0.17271894668228926,Focused
2026-01-10T05:05:41.655155,0.16102646347717378,Focused
2026-01-10T05:05:41.718284,0.17004482192569412,Focused
2026-01-10T05:05:41.774506,0.1616391686722636,Focused
2026-01-10T05:05:41.836764,0.17798209974425844,Focused
2026-01-10T05:05:41.899933,0.17798209974425844,Focused
2026-01-10T05:05:41.957593,0.15744190085679294,Focused
2026-01-10T05:05:42.021433,0.1482661441725213,Focused
2026-01-10T05:05:42.077987,0.1482661441725213,Focused
2026-01-10T05:05:42.131871,0.11541313269990496,Focused
2026-01-10T05:05:42.194429,0.14532178627559914,Focused
2026-01-10T05:05:42.256377,0.14532178627559914,Focused
2026-01-10T05:05:42.315678,0.13511695011984556,Focused
2026-01-10T05:05:42.374562,0.10931949316873214,Focused
2026-01-10T05:05:42.435730,0.10048369988217018,Focused
2026-01-10T05:05:42.492909,0.12976656931568867,Focused
2026-01-10T05:05:42.558078,0.1328323592140805,Focused
2026-01-10T05:05:42.621497,0.1067576628178358,Focused
2026-01-10T05:05:42.683958,0.12545161085727158,Focused
2026-01-10T05:05:42.744433,0.10039719747728669,Focused
2026-01-10T05:05:42.802468,0.110447604424553,Focused
2026-01-10T05:05:42.869577,0.09544798134302254,Focused
2026-01-10T05:05:42.930398,0.10137509290652814,Focused
2026-01-10T05:05:42.991832,0.10137509290652814,Focused
2026-01-10T05:05:43.051218,0.07590873550507239,Focused
2026-01-10T05:05:43.107747,0.08170257568126543,Focused
2026-01-10T05:05:43.166929,0.08170257568126543,Focused
2026-01-10T05:05:43.225639,0.09727913533570245,Focused
2026-01-10T05:05:43.288458,0.1346397020155564,Focused
2026-01-10T05:05:43.347751,0.14171812441782092,Focused
2026-01-10T05:05:43.409109,0.14298650013224687,Focused
2026-01-10T05:05:43.472277,0.14298650013224687,Focused
2026-01-10T05:05:43.536739,0.11892919699894264,Focused
2026-01-10T05:05:43.595709,0.1219056454137899,Focused
2026-01-10T05:05:43.663047,0.09114777078211773,Focused
2026-01-10T05:05:43.724227,0.15341152312175838,Focused
2026-01-10T05:05:43.785846,0.14980345742951615,Focused
2026-01-10T05:05:43.848242,0.14980345742951615,Focused
2026-01-10T05:05:43.908784,0.12722906958078967,Focused
2026-01-10T05:05:43.964147,0.11566943298676051,Focused
2026-01-10T05:05:44.026983,0.10536339963437058,Focused
2026-01-10T05:05:44.085954,0.10536339963437058,Focused
2026-01-10T05:05:44.144965,0.08715278083691373,Focused
2026-01-10T05:05:44.203281,0.10128668467514217,Focused
2026-01-10T05:05:44.261514,0.10307234400825109,Focused
2026-01-10T05:05:44.317250,0.11478416589961853,Focused
2026-01-10T05:05:44.377397,0.12397572664194739,Focused
2026-01-10T05:05:44.436598,0.10541652450629044,Focused
2026-01-10T05:05:44.499338,0.1303670095279813,Focused
2026-01-10T05:05:44.557050,0.13272766039590353,Focused
2026-01-10T05:05:44.622636,0.13582329695345835,Focused
2026-01-10T05:05:44.689293,0.11629762860829942,Focused
2026-01-10T05:05:44.748147,0.10794557375193108,Focused
2026-01-10T05:05:44.806730,0.13946741238178217,Focused
2026-01-10T05:05:44.865712,0.12928097818512468,Focused
2026-01-10T05:05:44.925120,0.12928097818512468,Focused
2026-01-10T05:05:44.986238,0.142402941166074,Focused
2026-01-10T05:05:45.045919,0.1451049747527577,Focused
2026-01-10T05:05:45.107847,0.1033936269741389,Focused
2026-01-10T05:05:45.179555,0.1033936269741389,Focused
2026-01-10T05:05:45.243986,0.12365415224339814,Focused
2026-01-10T05:05:45.302268,0.1037694951344747,Focused
2026-01-10T05:05:45.365128,0.10305173200322314,Focused
2026-01-10T05:05:45.426904,0.12127401764155364,Focused
2026-01-10T05:05:45.484384,0.12127401764155364,Focused
2026-01-10T05:05:45.539942,0.09148283061222175,Focused
2026-01-10T05:05:45.596802,0.12045543991262093,Focused
2026-01-10T05:05:45.660954,0.12045543991262093,Focused
2026-01-10T05:05:45.723257,0.10708996288012713,Focused
2026-01-10T05:05:45.785608,0.12165238582238089,Focused
2026-01-10T05:05:45.848469,0.12165238582238089,Focused
2026-01-10T05:05:45.905815,0.18797632324858568,Focused
2026-01-10T05:05:45.966939,0.13101290943450294,Focused
2026-01-10T05:05:46.025188,0.13101290943450294,Focused
2026-01-10T05:05:46.080594,0.16378335246117784,Focused
2026-01-10T05:05:46.136584,0.13555057806661353,Focused
2026-01-10T05:05:46.195766,0.13940636450279273,Focused
2026-01-10T05:05:46.255805,0.13272261910606176,Focused
2026-01-10T05:05:46.316118,0.11587247667484916,Focused
2026-01-10T05:05:46.378268,0.0914817224140279,Focused
2026-01-10T05:05:46.435420,0.12964551608311012,Focused
2026-01-10T05:05:46.493177,0.1318236173130572,Focused
2026-01-10T05:05:46.552902,0.1318236173130572,Focused
2026-01-10T05:05:46.606516,0.11548075833125039,Focused
2026-01-10T05:05:46.665973,0.11808531896822387,Focused
2026-01-10T05:05:46.723513,0.12979355274292176,Focused
2026-01-10T05:05:46.780978,0.12979355274292176,Focused
2026-01-10T05:05:46.841003,0.12407874727723536,Focused
2026-01-10T05:05:46.909442,0.09837115348200313,Focused
2026-01-10T05:05:46.967735,0.06553721730742837,Focused
2026-01-10T05:05:47.030837,0.1124183118387009,Focused
2026-01-10T05:05:47.087546,0.1282261646876577,Focused
2026-01-10T05:05:47.147453,0.12173653401841875,Focused
2026-01-10T05:05:47.204990,0.1531736710952828,Focused
2026-01-10T05:05:47.262312,0.17589700474345593,Focused
2026-01-10T05:05:47.320433,0.15360168670740676,Focused
2026-01-10T05:05:47.378370,0.15147620576899498,Focused
2026-01-10T05:05:47.433784,0.15147620576899498,Focused
2026-01-10T05:05:47.492750,0.18833469256060195,Focused
2026-01-10T05:05:47.548489,0.16690405429544625,Focused
2026-01-10T05:05:47.612054,0.14181148739007768,Focused
2026-01-10T05:05:47.669688,0.13500516962230905,Focused
2026-01-10T05:05:47.732045,0.11724619086598977,Focused
2026-01-10T05:05:47.790916,0.15171605688519776,Focused
2026-01-10T05:05:47.851693,0.17209421772859057,Focused
2026-01-10T05:05:47.915153,0.17209421772859057,Focused
2026-01-10T05:05:47.974193,0.10577167705632746,Focused
2026-01-10T05:05:48.033628,0.09225345475133508,Focused
2026-01-10T05:05:48.092685,0.10159573626006022,Focused
2026-01-10T05:05:48.151269,0.10159573626006022,Focused
2026-01-10T05:05:48.205252,0.09949342126492411,Focused
2026-01-10T05:05:48.263787,0.09949342126492411,Focused
2026-01-10T05:05:48.317005,0.12910017912799956,Focused
2026-01-10T05:05:48.372526,0.14802575779904148,Focused
2026-01-10T05:05:48.436893,0.15231353322742505,Focused
2026-01-10T05:05:48.493620,0.09674220459710342,Focused
2026-01-10T05:05:48.550352,0.08540116035292157,Focused
2026-01-10T05:05:48.611324,0.15366870037396438,Focused
2026-01-10T05:05:48.670756,0.14587060389458203,Focused
2026-01-10T05:05:48.731865,0.14075378154811913,Focused
2026-01-10T05:05:48.789331,0.13583156852109823,Focused
2026-01-10T05:05:48.855919,0.13583156852109823,Focused
2026-01-10T05:05:48.916100,0.13187397826986852,Focused
2026-01-10T05:05:48.974474,0.13217871025335626,Focused
2026-01-10T05:05:49.034906,0.13217871025335626,Focused
2026-01-10T05:05:49.095074,0.08673734294134193,Focused
2026-01-10T05:05:49.157841,0.08673734294134193,Focused
2026-01-10T05:05:49.217537,0.14757081025745722,Focused
2026-01-10T05:05:49.277110,0.14649664423341163,Focused
2026-01-10T05:05:49.335791,0.16211659284308552,Focused
2026-01-10T05:05:49.394619,0.1550452727708034,Focused
2026-01-10T05:05:49.454880,0.12471670662052929,Focused
2026-01-10T05:05:49.517957,0.12471670662052929,Focused
2026-01-10T05:05:49.578563,0.1487087293760851,Focused
2026-01-10T05:05:49.637298,0.14074727741535753,Focused
2026-01-10T05:05:49.700611,0.1711755778000224,Focused
2026-01-10T05:05:49.762495,0.1711755778000224,Focused
2026-01-10T05:05:49.818581,0.15576302728150038,Focused
2026-01-10T05:05:49.880262,0.15576302728150038,Focused
2026-01-10T05:05:49.940972,0.16004490052000617,Focused
2026-01-10T05:05:50.001252,0.17150478668627328,Focused
2026-01-10T05:05:50.059606,0.14668915174552238,Focused
2026-01-10T05:05:50.117540,0.14668915174552238,Focused
2026-01-10T05:05:50.177413,0.11338907427270897,Focused
2026-01-10T05:05:50.240230,0.09555808496952523,Focused
2026-01-10T05:05:50.293746,0.12282393758941908,Focused
2026-01-10T05:05:50.352795,0.1517178827925818,Focused
2026-01-10T05:05:50.412287,0.1654178878699895,Focused
2026-01-10T05:05:50.472978,0.17490920843556523,Focused
2026-01-10T05:05:50.529769,0.16421209870895834,Focused
2026-01-10T05:05:50.588681,0.16421209870895834,Focused
2026-01-10T05:05:50.647098,0.13043701063143087,Focused
2026-01-10T05:05:50.707726,0.13243367185932584,Focused
2026-01-10T05:05:50.771221,0.12316051974630682,Focused
2026-01-10T05:05:50.826669,0.12316051974630682,Focused
2026-01-10T05:05:50.886850,0.11638789775315671,Focused
2026-01-10T05:05:50.945889,0.10428788689314387,Focused
2026-01-10T05:05:51.015668,0.1374003371980507,Focused
2026-01-10T05:05:51.083355,0.14656931607751172,Focused
2026-01-10T05:05:51.256122,0.14656931607751172,Focused
2026-01-10T05:05:51.358750,0.1281484671810176,Focused
2026-01-10T05:05:51.451663,0.15426037753932179,Focused
2026-01-10T05:05:51.558978,0.15426037753932179,Focused
2026-01-10T05:05:51.652107,0.16097663784312316,Focused
2026-01-10T05:05:51.754876,0.1454547917644959,Focused
2026-01-10T05:05:51.856959,0.1753436185506871,Focused
2026-01-10T05:05:51.964303,0.20490887259802545,Focused
2026-01-10T05:05:52.089844,0.20368027146323583,Focused
2026-01-10T05:05:52.184512,0.18397865031147376,Focused
2026-01-10T05:05:52.377752,0.2103743444837164,Focused
2026-01-10T05:05:52.466987,0.31224927287548776,Focused
2026-01-10T05:05:52.642460,0.0,Focused
2026-01-10T05:05:52.747808,0.0,Focused
2026-01-10T05:05:52.824725,0.0,Focused
2026-01-10T05:05:52.905051,0.0,Focused
2026-01-10T05:05:53.706844,0.0,Focused
2026-01-10T05:05:54.053340,0.0,Focused
2026-01-10T05:05:54.240663,0.0,Focused
2026-01-10T05:05:54.875507,0.0,Focused
2026-01-10T05:05:55.367042,0.0,Focused
2026-01-10T05:05:55.795961,0.0,Focused
2026-01-10T05:05:56.715189,0.0,Focused
2026-01-10T05:05:56.834049,0.17619828449096528,Focused
2026-01-10T05:05:56.933582,0.15542621630011128,Focused
2026-01-10T05:05:57.038162,0.21666657478490378,Focused
2026-01-10T05:05:57.137479,0.19336184314015553,Focused
2026-01-10T05:05:57.237014,0.17359942938783207,Focused
2026-01-10T05:05:57.344060,0.1380849445791682,Focused
2026-01-10T05:05:57.436279,0.17280644095735623,Focused
2026-01-10T05:05:57.545727,0.14890304867149098,Focused
2026-01-10T05:05:57.669060,0.15115535110380732,Focused
2026-01-10T05:05:57.853935,0.15140691614942625,Focused
2026-01-10T05:05:57.959880,0.07130325175094185,Focused
2026-01-10T05:05:58.054098,0.11144489586295094,Focused
2026-01-10T05:05:58.159184,0.13240543856372824,Focused
2026-01-10T05:05:58.252238,0.0823908609105274,Focused
2026-01-10T05:05:58.350275,0.0823908609105274,Focused
2026-01-10T05:05:58.444396,0.11881152054775156,Focused
2026-01-10T05:05:58.538648,0.11597613420162817,Focused
2026-01-10T05:05:58.678002,0.13028700220602332,Focused
2026-01-10T05:05:58.852046,0.12938076122882192,Focused
2026-01-10T05:05:58.969584,0.13088563098717715,Focused
2026-01-10T05:05:59.064231,0.11016677342850016,Focused
2026-01-10T05:05:59.162060,0.12706022967468014,Focused
2026-01-10T05:05:59.264861,0.12816327532491414,Focused
2026-01-10T05:05:59.361852,0.22588920329289974,Focused
2026-01-10T05:05:59.458528,0.1740246875633602,Focused
2026-01-10T05:05:59.549759,0.24012775716255422,Focused
2026-01-10T05:05:59.654278,0.15871933274465846,Focused
2026-01-10T05:05:59.761260,0.16742428910947635,Focused
2026-01-10T05:05:59.874102,0.17484075190732254,Focused
2026-01-10T05:06:00.221817,0.0,Focused
2026-01-10T05:06:00.408155,0.0,Focused
2026-01-10T05:06:00.566928,0.0,Focused
2026-01-10T05:06:01.364833,0.0,Focused
2026-01-10T05:06:01.691252,0.0,Focused
2026-01-10T05:06:01.791401,0.0,Focused
2026-01-10T05:06:01.883630,0.0,Focused
2026-01-10T05:06:02.057582,0.0,Focused
2026-01-10T05:06:02.219089,0.0,Focused
2026-01-10T05:06:02.458828,0.0,Focused
2026-01-10T05:06:02.562138,0.0,Focused
2026-01-10T05:06:02.753758,0.0,Focused
2026-01-10T05:06:02.950009,0.0,Focused
2026-01-10T05:06:03.039431,0.0,Focused
2026-01-10T05:06:03.117033,0.0,Focused
2026-01-10T05:06:03.290385,0.0,Focused
2026-01-10T05:06:03.382720,0.0,Focused
2026-01-10T05:06:03.457979,0.0,Focused
2026-01-10T05:06:03.565528,0.0,Focused
2026-01-10T05:06:03.650044,0.0,Focused
2026-01-10T05:06:03.737534,0.0,Focused
2026-01-10T05:06:03.831807,0.0,Focused
2026-01-10T05:06:03.932724,0.0,Focused
2026-01-10T05:06:04.031708,0.0,Focused
2026-01-10T05:06:04.118088,0.0,Focused
2026-01-10T05:06:04.202004,0.0,Focused
2026-01-10T05:06:04.389143,0.0,Focused
2026-01-10T05:06:04.512090,0.0,Focused
2026-01-10T05:06:04.604173,0.0,Focused
2026-01-10T05:06:04.701167,0.0,Focused
2026-01-10T05:06:04.814483,0.0,Focused
2026-01-10T05:06:04.937160,0.0,Focused
2026-01-10T05:06:05.118845,0.0,Focused
2026-01-10T05:06:05.461691,0.0,Focused
2026-01-10T05:06:05.720087,0.0,Focused
2026-01-10T05:06:05.914047,0.0,Focused
2026-01-10T05:06:06.014492,0.0,Focused
2026-01-10T05:06:06.108097,0.0,Focused
2026-01-10T05:06:06.206279,0.0,Focused
2026-01-10T05:06:06.294280,0.0,Focused
2026-01-10T05:06:06.391540,0.0,Focused
2026-01-10T05:06:06.577090,0.0,Focused
2026-01-10T05:06:06.686865,0.0,Focused
2026-01-10T05:06:06.790857,0.0,Focused
2026-01-10T05:06:06.902231,0.0,Focused
2026-01-10T05:06:07.034683,0.0,Focused
2026-01-10T05:06:07.130970,0.0,Focused
2026-01-10T05:06:07.215454,0.0,Focused
2026-01-10T05:06:07.309979,0.0,Focused
2026-01-10T05:06:07.399629,0.0,Focused
2026-01-10T05:06:07.505214,0.0,Focused
2026-01-10T05:06:07.679247,0.0,Focused
2026-01-10T05:06:07.764145,0.0,Focused
2026-01-10T05:06:07.847640,0.0,Focused
2026-01-10T05:06:07.938059,0.0,Focused
2026-01-10T05:06:08.047037,0.0,Focused
2026-01-10T05:06:08.136966,0.0,Focused
2026-01-10T05:06:08.222860,0.0,Focused
2026-01-10T05:06:08.303565,0.0,Focused
2026-01-10T05:06:08.380664,0.0,Focused
2026-01-10T05:06:08.454619,0.0,Focused
2026-01-10T05:06:08.556614,0.0,Focused
2026-01-10T05:06:08.750903,0.0,Focused
2026-01-10T05:06:08.843399,0.0,Focused
2026-01-10T05:06:08.938790,0.0,Focused
2026-01-10T05:06:09.028995,0.0,Focused
2026-01-10T05:06:09.121954,0.0,Focused
2026-01-10T05:06:09.237698,0.0,Focused
2026-01-10T05:06:09.319846,0.0,Focused
2026-01-10T05:06:09.397060,0.0,Focused
2026-01-10T05:06:09.473738,0.0,Focused
2026-01-10T05:06:09.559207,0.0,Focused
2026-01-10T05:06:09.647888,0.0,Focused
2026-01-10T05:06:09.744639,0.0,Focused
2026-01-10T05:06:09.915362,0.0,Focused
2026-01-10T05:06:10.024899,0.0,Focused
2026-01-10T05:06:10.136838,0.0,Focused
2026-01-10T05:06:10.235539,0.0,Focused
2026-01-10T05:06:10.322299,0.0,Focused
2026-01-10T05:06:10.408114,0.0,Focused
2026-01-10T05:06:10.483613,0.0,Focused
2026-01-10T05:06:10.563036,0.0,Focused
2026-01-10T05:06:10.660029,0.0,Focused
2026-01-10T05:06:10.754738,0.0,Focused
2026-01-10T05:06:10.844918,0.0,Focused
2026-01-10T05:06:10.994015,0.0,Focused
2026-01-10T05:06:11.085466,0.0,Focused
2026-01-10T05:06:11.177649,0.0,Focused
2026-01-10T05:06:11.269021,0.0,Focused
2026-01-10T05:06:11.346963,0.0,Focused
2026-01-10T05:06:11.425538,0.0,Focused
2026-01-10T05:06:11.505174,0.0,Focused
2026-01-10T05:06:11.582105,0.0,Focused
2026-01-10T05:06:11.674417,0.0,Focused
2026-01-10T05:06:11.764633,0.0,Focused
2026-01-10T05:06:11.858256,0.0,Focused
2026-01-10T05:06:12.033547,0.0,Focused
2026-01-10T05:06:12.139708,0.0,Focused
2026-01-10T05:06:12.255171,0.0,Focused
2026-01-10T05:06:12.365072,0.0,Focused
2026-01-10T05:06:12.461042,0.0,Focused
2026-01-10T05:06:12.538414,0.0,Focused
2026-01-10T05:06:12.622842,0.0,Focused
2026-01-10T05:06:12.732304,0.0,Focused
2026-01-10T05:06:12.827679,0.0,Focused
2026-01-10T05:06:12.906003,0.0,Focused
2026-01-10T05:06:12.992328,0.0,Focused
2026-01-10T05:06:13.185242,0.0,Focused
2026-01-10T05:06:19.123927,0.1011865790176671,Focused
2026-01-10T05:06:19.235597,0.07569136082020121,Focused
2026-01-10T05:06:19.332459,0.07295401650189888,Focused
2026-01-10T05:06:19.445070,0.11380030799191446,Focused
2026-01-10T05:06:19.734091,0.06785548840125558,Focused
2026-01-10T05:06:19.836269,0.08630664456431987,Focused
2026-01-10T05:06:19.939499,0.11323528962384444,Focused
2026-01-10T05:06:20.043894,0.0656115462683374,Focused
2026-01-10T05:06:20.158726,0.06977401526528411,Focused
2026-01-10T05:06:20.274985,0.10333121454896173,Focused
2026-01-10T05:06:20.382664,0.10333121454896173,Focused
2026-01-10T05:06:20.493453,0.17566211905505041,Focused
2026-01-10T05:06:20.601981,0.12693841143482132,Focused
2026-01-10T05:06:20.798001,0.16080046280694657,Focused
2026-01-10T05:06:20.913136,0.12240249763854082,Focused
2026-01-10T05:06:21.036974,0.10644232216000091,Focused
2026-01-10T05:06:21.142003,0.13161543573951348,Focused
2026-01-10T05:06:21.234333,0.1260881714639254,Focused
2026-01-10T05:06:21.329425,0.12156444532301976,Focused
2026-01-10T05:06:21.421163,0.09818827697599772,Focused
2026-01-10T05:06:21.518746,0.08565101079584564,Focused
2026-01-10T05:06:21.634810,0.05832691660325509,Focused
2026-01-10T05:06:21.746203,0.06720932089374401,Focused
2026-01-10T05:06:21.907694,0.05819644702714868,Focused
2026-01-10T05:06:22.007271,0.06707870813843328,Focused
2026-01-10T05:06:22.116972,0.07752562321256846,Focused
2026-01-10T05:06:22.231260,0.08178967871936038,Focused
2026-01-10T05:06:22.333922,0.07711701727239414,Focused
2026-01-10T05:06:22.428233,0.08963729202514513,Focused
2026-01-10T05:06:22.534195,0.09217509279842488,Focused
2026-01-10T05:06:22.650161,0.078722312048194,Focused
2026-01-10T05:06:22.769109,0.10608811799902469,Focused
2026-01-10T05:06:22.931597,0.1039197278689244,Focused
2026-01-10T05:06:23.022840,0.1893950374738779,Focused
2026-01-10T05:06:23.123747,0.1571130343756522,Focused
2026-01-10T05:06:23.222719,0.15659693118359427,Focused
2026-01-10T05:06:23.319721,0.16985642866784473,Focused
2026-01-10T05:06:23.415262,0.1641339787354809,Focused
2026-01-10T05:06:23.519633,0.16175532870111053,Focused
2026-01-10T05:06:23.617325,0.09180335451383144,Focused
2026-01-10T05:06:23.715935,0.09187124960008076,Focused
2026-01-10T05:06:23.825063,0.0839751108956989,Focused
2026-01-10T05:06:23.917410,0.0839751108956989,Focused
2026-01-10T05:06:24.063327,0.1197332914249273,Focused
2026-01-10T05:06:24.159440,0.07734227783221286,Focused
2026-01-10T05:06:24.263729,0.17087696590460835,Focused
2026-01-10T05:06:24.359677,0.18039913056418297,Focused
2026-01-10T05:06:24.453001,0.09292032271332573,Focused
2026-01-10T05:06:24.560463,0.06779683651402593,Focused
2026-01-10T05:06:24.655205,0.0759623774792999,Focused
2026-01-10T05:06:24.764684,0.11125352745875715,Focused
2026-01-10T05:06:24.876282,0.09176466189092025,Focused
2026-01-10T05:06:24.986431,0.08353785336948931,Focused
2026-01-10T05:06:25.169392,0.05846781181171537,Focused
2026-01-10T05:06:25.265091,0.04998664231970906,Focused
2026-01-10T05:06:25.371673,0.04998664231970906,Focused
2026-01-10T05:06:25.475217,0.07332965027453611,Focused
2026-01-10T05:06:25.583422,0.1679123934620293,Focused
2026-01-10T05:06:25.686327,0.13175961168599315,Focused
2026-01-10T05:06:25.794173,0.13679243580554612,Focused
2026-01-10T05:06:25.903506,0.05747918683919124,Focused
2026-01-10T05:06:26.005350,0.10059769525687443,Focused
2026-01-10T05:06:26.096196,0.06736503278953022,Focused
2026-01-10T05:06:26.247493,0.12319389231997775,Focused
2026-01-10T05:06:26.345090,0.11548984902328811,Focused
2026-01-10T05:06:26.436769,0.11508167144202162,Focused
2026-01-10T05:06:26.537815,0.14518654111452634,Focused
2026-01-10T05:06:26.641381,0.10737368631962455,Focused
2026-01-10T05:06:26.757315,0.1434282126589096,Focused
2026-01-10T05:06:26.852906,0.12728477361088153,Focused
2026-01-10T05:06:26.959827,0.11793871942645638,Focused
2026-01-10T05:06:27.058702,0.11912924086500425,Focused
2026-01-10T05:06:27.155499,0.11912924086500425,Focused
2026-01-10T05:06:27.312828,0.12074360271217302,Focused
2026-01-10T05:06:27.417055,0.11758357774087926,Focused
2026-01-10T05:06:27.516280,0.1181108580698492,Focused
2026-01-10T05:06:27.606357,0.1309550400226726,Focused
2026-01-10T05:06:27.713318,0.13010221436998107,Focused
2026-01-10T05:06:27.845486,0.12319526803912595,Focused
2026-01-10T05:06:27.966169,0.137427246873267,Focused
2026-01-10T05:06:28.066503,0.1087788228469435,Focused
2026-01-10T05:06:28.160773,0.07471555827069096,Focused
2026-01-10T05:06:28.312509,0.09286955349671189,Focused
2026-01-10T05:06:28.413411,0.08953991294256411,Focused
2026-01-10T05:06:28.507627,0.08217466923233586,Focused
2026-01-10T05:06:28.610893,0.1310081129806349,Focused
2026-01-10T05:06:28.725820,0.11898688930086791,Focused
2026-01-10T05:06:28.839931,0.1369434801279567,Focused
2026-01-10T05:06:28.938993,0.11648278616485186,Focused
2026-01-10T05:06:29.039616,0.09178685985971242,Focused
2026-01-10T05:06:29.138427,0.08342009284824599,Focused
2026-01-10T05:06:29.256045,0.08969848690612707,Focused
2026-01-10T05:06:29.435873,0.128123773864354,Focused
2026-01-10T05:06:29.528735,0.10375250952347415,Focused
2026-01-10T05:06:29.600329,0.10929250662884442,Focused
2026-01-10T05:06:29.661469,0.1309890939097386,Focused
2026-01-10T05:06:29.720768,0.11337367133819498,Focused
2026-01-10T05:06:29.782170,0.13048387057788205,Focused
2026-01-10T05:06:29.848687,0.12986054218490609,Focused
2026-01-10T05:06:29.910920,0.11631150885514216,Focused
2026-01-10T05:06:29.972362,0.12306354869360803,Focused
2026-01-10T05:06:30.045100,0.10749120167456566,Focused
2026-01-10T05:06:30.110483,0.12719256374475663,Focused
2026-01-10T05:06:30.175419,0.12816627822030568,Focused
2026-01-10T05:06:30.237616,0.10605542620032793,Focused
2026-01-10T05:06:30.300650,0.10605542620032793,Focused
2026-01-10T05:06:30.360268,0.13024279600213048,Focused
2026-01-10T05:06:30.427391,0.11597474349837285,Focused
2026-01-10T05:06:30.485779,0.11597474349837285,Focused
2026-01-10T05:06:30.549693,0.11525241042691049,Focused
2026-01-10T05:06:30.609972,0.11525241042691049,Focused
2026-01-10T05:06:30.669023,0.1099229789513629,Focused
2026-01-10T05:06:30.728704,0.09268740495026576,Focused
2026-01-10T05:06:30.795795,0.08779872101004002,Focused
2026-01-10T05:06:30.855556,0.0967891427775612,Focused
2026-01-10T05:06:30.916872,0.09877082029270241,Focused
2026-01-10T05:06:30.977431,0.11541898586438037,Focused
2026-01-10T05:06:31.037254,0.10873794859944609,Focused
2026-01-10T05:06:31.099338,0.10041925567784346,Focused
2026-01-10T05:06:31.159538,0.11306926619727165,Focused
2026-01-10T05:06:31.218228,0.1262757893768139,Focused
2026-01-10T05:06:31.274910,0.11029367780356551,Focused
2026-01-10T05:06:31.340433,0.12815285761753328,Focused
2026-01-10T05:06:31.404940,0.12815285761753328,Focused
2026-01-10T05:06:31.470520,0.14990250666742214,Focused
2026-01-10T05:06:31.528247,0.16341874450008617,Focused
2026-01-10T05:06:31.586115,0.16341874450008617,Focused
2026-01-10T05:06:31.645745,0.1338234700728208,Focused
2026-01-10T05:06:31.707029,0.08523876908584498,Focused
2026-01-10T05:06:31.767795,0.08523876908584498,Focused
2026-01-10T05:06:31.830471,0.08109598726732657,Focused
2026-01-10T05:06:31.892079,0.08109598726732657,Focused
2026-01-10T05:06:31.952449,0.1310685522155836,Focused
2026-01-10T05:06:32.013755,0.12218173738801852,Focused
2026-01-10T05:06:32.074289,0.10946955134277231,Focused
2026-01-10T05:06:32.132268,0.0760662693704944,Focused
2026-01-10T05:06:32.191427,0.10081137261004186,Focused
2026-01-10T05:06:32.254675,0.10081137261004186,Focused
2026-01-10T05:06:32.313120,0.04625904565327801,Focused
2026-01-10T05:06:32.373780,0.04319313441519625,Focused
2026-01-10T05:06:32.435237,0.12953372054034845,Focused
2026-01-10T05:06:32.495778,0.12953372054034845,Focused
2026-01-10T05:06:32.562664,0.13359721216838805,Focused
2026-01-10T05:06:32.622533,0.13359721216838805,Focused
2026-01-10T05:06:32.680026,0.15507249457878058,Focused
2026-01-10T05:06:32.743034,0.18291637030779384,Focused
2026-01-10T05:06:32.801041,0.11211258572293446,Focused
2026-01-10T05:06:32.858738,0.11211258572293446,Focused
2026-01-10T05:06:32.919882,0.155128362076357,Focused
2026-01-10T05:06:32.976403,0.08131573868449776,Focused
2026-01-10T05:06:33.043587,0.0730218508397229,Focused
2026-01-10T05:06:33.107137,0.08941644364967942,Focused
2026-01-10T05:06:33.171572,0.10353436049772427,Focused
2026-01-10T05:06:33.235228,0.10720156611641869,Focused
2026-01-10T05:06:33.296812,0.07052792361064349,Focused
2026-01-10T05:06:33.358882,0.08670394106011371,Focused
2026-01-10T05:06:33.424127,0.1126479707658291,Focused
2026-01-10T05:06:33.487763,0.173211192531744,Focused
2026-01-10T05:06:33.550773,0.15817322795046493,Focused
2026-01-10T05:06:33.611412,0.15406213292153553,Focused
2026-01-10T05:06:33.674626,0.14218183525663333,Focused
2026-01-10T05:06:33.738457,0.14218183525663333,Focused
2026-01-10T05:06:33.797915,0.1498901735700201,Focused
2026-01-10T05:06:33.860341,0.10690006569493563,Focused
2026-01-10T05:06:33.923086,0.12520587728358806,Focused
2026-01-10T05:06:33.979243,0.12520587728358806,Focused
2026-01-10T05:06:34.043831,0.14757565436302686,Focused
2026-01-10T05:06:34.107223,0.15720368139445784,Focused
2026-01-10T05:06:34.167692,0.18595629619667303,Focused
2026-01-10T05:06:34.232946,0.16144047748530282,Focused
2026-01-10T05:06:34.293332,0.16144047748530282,Focused
2026-01-10T05:06:34.354294,0.16885992353782056,Focused
2026-01-10T05:06:34.410343,0.17373437590431423,Focused
2026-01-10T05:06:34.477740,0.1778417827328667,Focused
2026-01-10T05:06:34.537623,0.1775368480710313,Focused
2026-01-10T05:06:34.600040,0.15868763270846103,Focused
2026-01-10T05:06:34.659666,0.15868763270846103,Focused
2026-01-10T05:06:34.718340,0.18022372310515491,Focused
2026-01-10T05:06:34.778744,0.19260146564338357,Focused
2026-01-10T05:06:34.838074,0.19260146564338357,Focused
2026-01-10T05:06:34.899090,0.1850487256597262,Focused
2026-01-10T05:06:34.956866,0.15378121838439254,Focused
2026-01-10T05:06:35.022444,0.15378121838439254,Focused
2026-01-10T05:06:35.080247,0.14725750946381594,Focused
2026-01-10T05:06:35.137190,0.16217583149846176,Focused
2026-01-10T05:06:35.200054,0.21182525568874552,Focused
2026-01-10T05:06:35.259117,0.20867139127803963,Focused
2026-01-10T05:06:35.324213,0.18535737831844015,Focused
2026-01-10T05:06:35.386469,0.22347739926190116,Focused
2026-01-10T05:06:35.447431,0.20549145266995766,Focused
2026-01-10T05:06:35.512207,0.19994408971979283,Focused
2026-01-10T05:06:35.570582,0.19007513648830354,Focused
2026-01-10T05:06:35.629801,0.16408614850370212,Focused
2026-01-10T05:06:35.692752,0.1862190299812937,Focused
2026-01-10T05:06:35.750809,0.1862190299812937,Focused
2026-01-10T05:06:35.808724,0.178917208511848,Focused
2026-01-10T05:06:35.867613,0.178917208511848,Focused
2026-01-10T05:06:35.924532,0.2043667624297086,Focused
2026-01-10T05:06:35.986097,0.22049561068415643,Focused
2026-01-10T05:06:36.046753,0.1942979598417878,Focused
2026-01-10T05:06:36.106332,0.19362805013661272,Focused
2026-01-10T05:06:36.165726,0.18233213205239737,Focused
2026-01-10T05:06:36.225000,0.19530832834425385,Focused
2026-01-10T05:06:36.289736,0.180599131481722,Focused
2026-01-10T05:06:36.355133,0.1983300279593095,Focused
2026-01-10T05:06:36.415585,0.163506804354256,Focused
2026-01-10T05:06:36.481537,0.1999802028411068,Focused
2026-01-10T05:06:36.545552,0.17991356597631236,Focused
2026-01-10T05:06:36.603454,0.19077602400793695,Focused
2026-01-10T05:06:36.676112,0.1824803463241551,Focused
2026-01-10T05:06:36.737694,0.16577442134730516,Focused
2026-01-10T05:06:36.807221,0.18051825654692946,Focused
2026-01-10T05:06:36.864486,0.16085542855435048,Focused
2026-01-10T05:06:36.924421,0.20247746537206693,Focused
2026-01-10T05:06:36.990127,0.1805882634362206,Focused
2026-01-10T05:06:37.053634,0.1805882634362206,Focused
2026-01-10T05:06:37.120840,0.21987983120488933,Focused
2026-01-10T05:06:37.187098,0.19669242611853405,Focused
2026-01-10T05:06:37.248597,0.19669242611853405,Focused
2026-01-10T05:06:37.306302,0.19164240235986651,Focused
2026-01-10T05:06:37.364895,0.19164240235986651,Focused
2026-01-10T05:06:37.423179,0.18640196012274826,Focused
2026-01-10T05:06:37.488961,0.1915418162214337,Focused
2026-01-10T05:06:37.556886,0.1915418162214337,Focused
2026-01-10T05:06:37.614649,0.18647009503329173,Focused
2026-01-10T05:06:37.673745,0.1924619364144746,Focused
2026-01-10T05:06:37.735827,0.19492964764940549,Focused
2026-01-10T05:06:37.801467,0.20065521560027264,Focused
2026-01-10T05:06:37.861900,0.20109385095420293,Focused
2026-01-10T05:06:37.923958,0.20109385095420293,Focused
2026-01-10T05:06:37.979911,0.19597492360335306,Focused
2026-01-10T05:06:38.041469,0.20874784640036523,Focused
2026-01-10T05:06:38.102584,0.20155218223808333,Focused
2026-01-10T05:06:38.159441,0.20155218223808333,Focused
2026-01-10T05:06:38.222232,0.19708595615811644,Focused
2026-01-10T05:06:38.283917,0.19708595615811644,Focused
2026-01-10T05:06:38.341662,0.18414423888025339,Focused
2026-01-10T05:06:38.401391,0.19171867362456393,Focused
2026-01-10T05:06:38.459400,0.18537691693054512,Focused
2026-01-10T05:06:38.520211,0.18537691693054512,Focused
2026-01-10T05:06:38.581758,0.18724040100350975,Focused
2026-01-10T05:06:38.642512,0.18048681258806026,Focused
2026-01-10T05:06:38.706199,0.18898934525204822,Focused
2026-01-10T05:06:38.774603,0.202149901795201,Focused
2026-01-10T05:06:38.835855,0.20776502863736823,Focused
2026-01-10T05:06:38.896502,0.21401807427173478,Focused
2026-01-10T05:06:38.955114,0.1914351287006866,Focused
2026-01-10T05:06:39.016177,0.1914351287006866,Focused
2026-01-10T05:06:39.076026,0.18686658306105527,Focused
2026-01-10T05:06:39.139284,0.19773121568141505,Focused
2026-01-10T05:06:39.200788,0.1801189373654779,Focused
2026-01-10T05:06:39.259964,0.1801189373654779,Focused
2026-01-10T05:06:39.323359,0.1650749354448635,Focused
2026-01-10T05:06:39.387851,0.15811537533882072,Focused
2026-01-10T05:06:39.448749,0.16454196611302907,Focused
2026-01-10T05:06:39.513437,0.17544153217459096,Focused
2026-01-10T05:06:39.574976,0.16747998538776301,Focused
2026-01-10T05:06:39.633495,0.16747998538776301,Focused
2026-01-10T05:06:39.695856,0.15138417615089567,Focused
2026-01-10T05:06:39.753932,0.18882904998026787,Focused
2026-01-10T05:06:39.811829,0.21269786060438492,Focused
2026-01-10T05:06:39.871921,0.20241264740470793,Focused
2026-01-10T05:06:39.930849,0.20241264740470793,Focused
2026-01-10T05:06:39.988340,0.17753377731423825,Focused
2026-01-10T05:06:40.047180,0.17403743353206663,Focused
2026-01-10T05:06:40.108443,0.17403743353206663,Focused
2026-01-10T05:06:40.164016,0.18786845827125945,Focused
2026-01-10T05:06:40.225168,0.1866276794055011,Focused
2026-01-10T05:06:40.283655,0.1866276794055011,Focused
2026-01-10T05:06:40.349506,0.18362096364144234,Focused
2026-01-10T05:06:40.408560,0.1772046726080589,Focused
2026-01-10T05:06:40.467916,0.16310402716044337,Focused
2026-01-10T05:06:40.532106,0.18682696575415322,Focused
2026-01-10T05:06:40.597984,0.18690325808711347,Focused
2026-01-10T05:06:40.660073,0.17610217027249744,Focused
2026-01-10T05:06:40.717148,0.18499369209166616,Focused
2026-01-10T05:06:40.775312,0.16983636172371916,Focused
2026-01-10T05:06:40.834596,0.19915116701158694,Focused
2026-01-10T05:06:40.895304,0.1878310241503641,Focused
2026-01-10T05:06:40.954638,0.19822859473060814,Focused
2026-01-10T05:06:41.012882,0.19822859473060814,Focused
2026-01-10T05:06:41.072915,0.2137265949510038,Focused
2026-01-10T05:06:41.126635,0.20241349478019402,Focused
2026-01-10T05:06:41.190055,0.20241349478019402,Focused
2026-01-10T05:06:41.247665,0.20431389901787042,Focused
2026-01-10T05:06:41.313708,0.19798295499058438,Focused
2026-01-10T05:06:41.379995,0.19857570390449839,Focused
2026-01-10T05:06:41.445482,0.19361755874124356,Focused
2026-01-10T05:06:41.505125,0.18653548466973005,Focused
2026-01-10T05:06:41.568453,0.1968922183907125,Focused
2026-01-10T05:06:41.629899,0.20276051084510982,Focused
2026-01-10T05:06:41.688974,0.18309967989916912,Focused
2026-01-10T05:06:41.750449,0.20713128899806177,Focused
2026-01-10T05:06:41.808583,0.18827814052347094,Focused
2026-01-10T05:06:41.870482,0.1971199318883009,Focused
2026-01-10T05:06:41.929883,0.1971199318883009,Focused
2026-01-10T05:06:41.987312,0.16114075469376984,Focused
2026-01-10T05:06:42.045929,0.1607891517225653,Focused
2026-01-10T05:06:42.107759,0.1607891517225653,Focused
2026-01-10T05:06:42.166403,0.18480494389659724,Focused
2026-01-10T05:06:42.224657,0.21196889585116876,Focused
2026-01-10T05:06:42.285045,0.21196889585116876,Focused
2026-01-10T05:06:42.344469,0.19673566507990473,Focused
2026-01-10T05:06:42.415856,0.1909920697682537,Focused
2026-01-10T05:06:42.475099,0.18398361383005976,Focused
2026-01-10T05:06:42.533819,0.17800287452409974,Focused
2026-01-10T05:06:42.603404,0.17774119835230523,Focused
2026-01-10T05:06:42.662040,0.19800808626459912,Focused
2026-01-10T05:06:42.723724,0.1993460877623875,Focused
2026-01-10T05:06:42.780767,0.17488077726447954,Focused
2026-01-10T05:06:42.838556,0.1954080949508352,Focused
2026-01-10T05:06:42.897361,0.18420642939163373,Focused
2026-01-10T05:06:42.958680,0.19165079811355099,Focused
2026-01-10T05:06:43.021422,0.19165079811355099,Focused
2026-01-10T05:06:43.080800,0.18854208281845786,Focused
2026-01-10T05:06:43.142651,0.1917794792156201,Focused
2026-01-10T05:06:43.197877,0.1917794792156201,Focused
2026-01-10T05:06:43.254642,0.18967125371564178,Focused
2026-01-10T05:06:43.312690,0.1944706492300611,Focused
2026-01-10T05:06:43.367774,0.19962401787634007,Focused
2026-01-10T05:06:43.427976,0.18309375754906795,Focused
2026-01-10T05:06:43.484476,0.18309375754906795,Focused
2026-01-10T05:06:43.550076,0.21941027846187355,Focused
2026-01-10T05:06:43.614210,0.19186877132742666,Focused
2026-01-10T05:06:43.682335,0.17995495703071354,Focused
2026-01-10T05:06:43.739339,0.1815713240415789,Focused
2026-01-10T05:06:43.796959,0.17957368419447448,Focused
2026-01-10T05:06:43.851813,0.17957368419447448,Focused
2026-01-10T05:06:43.905895,0.14786104342783798,Focused
2026-01-10T05:06:43.967165,0.164091855782317,Focused
2026-01-10T05:06:44.029156,0.1846268235880416,Focused
2026-01-10T05:06:44.084827,0.23556523211882452,Focused
2026-01-10T05:06:44.141813,0.21099269168335014,Focused
2026-01-10T05:06:44.203642,0.17881548641598782,Focused
2026-01-10T05:06:44.270602,0.18301686744089238,Focused
2026-01-10T05:06:44.327277,0.19113529244204983,Focused
2026-01-10T05:06:44.386873,0.1874039606656879,Focused
2026-01-10T05:06:44.454183,0.19411772445309908,Focused
2026-01-10T05:06:44.513595,0.21043858791235834,Focused
2026-01-10T05:06:44.574689,0.21043858791235834,Focused
2026-01-10T05:06:44.630555,0.17658623132738283,Focused
2026-01-10T05:06:44.696365,0.1940443650993984,Focused
2026-01-10T05:06:44.759895,0.20225528737646528,Focused
2026-01-10T05:06:44.827861,0.20225528737646528,Focused
2026-01-10T05:06:44.887367,0.1725484807655448,Focused
2026-01-10T05:06:44.950499,0.1725484807655448,Focused
2026-01-10T05:06:45.007569,0.16788273456040767,Focused
2026-01-10T05:06:45.064734,0.20338860609044787,Focused
2026-01-10T05:06:45.126411,0.20338860609044787,Focused
2026-01-10T05:06:45.184335,0.18024240373342765,Focused
2026-01-10T05:06:45.246027,0.18962317655677904,Focused
2026-01-10T05:06:45.306810,0.18701407305197792,Focused
2026-01-10T05:06:45.367526,0.1610011903394479,Focused
2026-01-10T05:06:45.429078,0.17023698359844275,Focused
2026-01-10T05:06:45.488166,0.17023698359844275,Focused
2026-01-10T05:06:45.552322,0.19294998605328148,Focused
2026-01-10T05:06:45.619623,0.2038983039674349,Focused
2026-01-10T05:06:45.677663,0.2038983039674349,Focused
2026-01-10T05:06:45.733262,0.1736536261771107,Focused
2026-01-10T05:06:45.796294,0.2023372393276077,Focused
2026-01-10T05:06:45.866217,0.2023372393276077,Focused
2026-01-10T05:06:45.924692,0.16088953868602401,Focused
2026-01-10T05:06:45.986848,0.13935445903334767,Focused
2026-01-10T05:06:46.054106,0.13935445903334767,Focused
2026-01-10T05:06:46.117861,0.1393263264617417,Focused
2026-01-10T05:06:46.179506,0.14903578314115293,Focused
2026-01-10T05:06:46.246671,0.15240823364583775,Focused
2026-01-10T05:06:46.307419,0.18278710639569906,Focused
2026-01-10T05:06:46.366627,0.17511743828945325,Focused
2026-01-10T05:06:46.425270,0.1640862101863604,Focused
2026-01-10T05:06:46.493736,0.18715706282528116,Focused
2026-01-10T05:06:46.558550,0.16813776021590457,Focused
2026-01-10T05:06:46.624604,0.1840673580765724,Focused
2026-01-10T05:06:46.692661,0.18564616939402184,Focused
2026-01-10T05:06:46.766642,0.16638773836311885,Focused
2026-01-10T05:06:46.832331,0.1716750359046273,Focused
2026-01-10T05:06:46.898238,0.19603249905630946,Focused
2026-01-10T05:06:46.964078,0.18973219462204724,Focused
2026-01-10T05:06:47.035130,0.17181153497076593,Focused
2026-01-10T05:06:47.106785,0.18535410501062868,Focused
2026-01-10T05:06:47.170839,0.15784273360914083,Focused
2026-01-10T05:06:47.228321,0.19964088188717138,Focused
2026-01-10T05:06:47.286190,0.1884799996623769,Focused
2026-01-10T05:06:47.343573,0.20725153769599272,Focused
2026-01-10T05:06:47.403814,0.2088999974774197,Focused
2026-01-10T05:06:47.461924,0.2250389653374441,Focused
2026-01-10T05:06:47.522921,0.18280373568995856,Focused
2026-01-10T05:06:47.580572,0.18280373568995856,Focused
2026-01-10T05:06:47.638528,0.20145732929231597,Focused
2026-01-10T05:06:47.696425,0.21498146103112958,Focused
2026-01-10T05:06:47.759194,0.21498146103112958,Focused
2026-01-10T05:06:47.814386,0.19707426539971495,Focused
2026-01-10T05:06:47.877942,0.20461719291633926,Focused
2026-01-10T05:06:47.948410,0.19648035751888526,Focused
2026-01-10T05:06:48.013625,0.17433740942506118,Focused
2026-01-10T05:06:48.074675,0.19041840534482615,Focused
2026-01-10T05:06:48.143759,0.20064788872550707,Focused
2026-01-10T05:06:48.207786,0.19611080996110103,Focused
2026-01-10T05:06:48.268781,0.1845849427510984,Focused
2026-01-10T05:06:48.330362,0.19035783642320894,Focused
2026-01-10T05:06:48.393126,0.21882697008986723,Focused
2026-01-10T05:06:48.456487,0.2048508103354834,Focused
2026-01-10T05:06:48.522007,0.21017101635807195,Focused
2026-01-10T05:06:48.590580,0.21697286653798073,Focused
2026-01-10T05:06:48.653412,0.2140753067273181,Focused
2026-01-10T05:06:48.722731,0.24088493509916586,Focused
2026-01-10T05:06:48.800763,0.2141660670749843,Focused
2026-01-10T05:06:48.861144,0.23425962444744072,Focused
2026-01-10T05:06:48.923564,0.2205457081028726,Focused
2026-01-10T05:06:48.990450,0.23446002039709127,Focused
2026-01-10T05:06:49.056061,0.2076732726767659,Focused
2026-01-10T05:06:49.120534,0.19825770602328702,Focused
2026-01-10T05:06:49.184314,0.18977409100043588,Focused
2026-01-10T05:06:49.255371,0.20058128189120908,Focused
2026-01-10T05:06:49.315283,0.19910768608096988,Focused
2026-01-10T05:06:49.378154,0.19564123946183826,Focused
2026-01-10T05:06:49.448111,0.2010038175038062,Focused
2026-01-10T05:06:49.514039,0.1956700206035748,Focused
2026-01-10T05:06:49.579204,0.19942828249477312,Focused
2026-01-10T05:06:49.644546,0.19280965222860685,Focused
2026-01-10T05:06:49.723520,0.19880522503517567,Focused
2026-01-10T05:06:49.792937,0.1809875400736928,Focused
2026-01-10T05:06:49.869503,0.1809875400736928,Focused
2026-01-10T05:06:49.936233,0.1930927929264726,Focused
2026-01-10T05:06:50.004230,0.18306995799357537,Focused
2026-01-10T05:06:50.068034,0.20329466448747552,Focused
2026-01-10T05:06:50.132542,0.19447659825091249,Focused
2026-01-10T05:06:50.196120,0.19341352661431302,Focused
2026-01-10T05:06:50.253017,0.19341352661431302,Focused
2026-01-10T05:06:50.313844,0.21724289169651456,Focused
2026-01-10T05:06:50.374610,0.2004945568041876,Focused
2026-01-10T05:06:50.440159,0.20340442059095948,Focused
2026-01-10T05:06:50.500690,0.22496732989093285,Focused
2026-01-10T05:06:50.563292,0.2015370555454865,Focused
2026-01-10T05:06:50.622200,0.2015370555454865,Focused
2026-01-10T05:06:50.682223,0.18925452101975682,Focused
2026-01-10T05:06:50.746997,0.1977347599051427,Focused
2026-01-10T05:06:50.819030,0.22012776616029442,Focused
2026-01-10T05:06:50.879091,0.22012776616029442,Focused
2026-01-10T05:06:50.933272,0.2178393500187667,Focused
2026-01-10T05:06:50.992740,0.21850236593163572,Focused
2026-01-10T05:06:51.060185,0.2086922606395092,Focused
2026-01-10T05:06:51.117587,0.21273524672724306,Focused
2026-01-10T05:06:51.177848,0.2041949135949835,Focused
2026-01-10T05:06:51.242311,0.22180502403934954,Focused
2026-01-10T05:06:51.302346,0.20622211820445954,Focused
2026-01-10T05:06:51.363256,0.19858792268205433,Focused
2026-01-10T05:06:51.426823,0.20992927392362618,Focused
2026-01-10T05:06:51.486271,0.20246896368917075,Focused
2026-01-10T05:06:51.543400,0.20540751215594355,Focused
2026-01-10T05:06:51.600809,0.2102921155426884,Focused
2026-01-10T05:06:51.660169,0.21934760856092908,Focused
2026-01-10T05:06:51.722496,0.21934760856092908,Focused
2026-01-10T05:06:51.786026,0.21658342278096823,Focused
2026-01-10T05:06:51.848037,0.21383439110359173,Focused
2026-01-10T05:06:51.909974,0.20556551744230092,Focused
2026-01-10T05:06:51.974090,0.20556551744230092,Focused
2026-01-10T05:06:52.034551,0.20542463249876164,Focused
2026-01-10T05:06:52.091763,0.204908776137745,Focused
2026-01-10T05:06:52.149886,0.2053609901864547,Focused
2026-01-10T05:06:52.216406,0.20704677940229885,Focused
2026-01-10T05:06:52.271472,0.20704677940229885,Focused
2026-01-10T05:06:52.332828,0.19669760091346689,Focused
2026-01-10T05:06:52.391943,0.19865358363604174,Focused
2026-01-10T05:06:52.450612,0.19760632161051037,Focused
2026-01-10T05:06:52.507019,0.19424304701969958,Focused
2026-01-10T05:06:52.568504,0.2039510036818683,Focused
2026-01-10T05:06:52.629486,0.2039510036818683,Focused
2026-01-10T05:06:52.685720,0.21033979916246606,Focused
2026-01-10T05:06:52.746244,0.20839631057460795,Focused
2026-01-10T05:06:52.814812,0.1908597597153857,Focused
2026-01-10T05:06:52.873480,0.2040489633975085,Focused
2026-01-10T05:06:52.935718,0.20505375058273784,Focused
2026-01-10T05:06:52.994145,0.2015507337055169,Focused
2026-01-10T05:06:53.065852,0.1895111044170335,Focused
2026-01-10T05:06:53.126578,0.1946038130845409,Focused
2026-01-10T05:06:53.186993,0.19559760621923486,Focused
2026-01-10T05:06:53.246748,0.21353246535290965,Focused
2026-01-10T05:06:53.312267,0.21093478503171356,Focused
2026-01-10T05:06:53.372757,0.1646390955545939,Focused
2026-01-10T05:06:53.433754,0.18254057583399116,Focused
2026-01-10T05:06:53.561177,0.17719699985609622,Focused
2026-01-10T05:06:53.669703,0.1352825199952349,Focused
2026-01-10T05:06:53.733460,0.13581554295669776,Focused
2026-01-10T05:06:53.818017,0.15774423396942439,Focused
2026-01-10T05:06:53.913704,0.15774423396942439,Focused
2026-01-10T05:06:53.988285,0.14824210845690688,Focused
2026-01-10T05:06:54.099299,0.19559551078564255,Focused
2026-01-10T05:06:54.210366,0.18122681602253576,Focused
2026-01-10T05:06:54.300587,0.1721530707261991,Focused
2026-01-10T05:06:54.390181,0.16269122566300212,Focused
2026-01-10T05:06:54.464232,0.19643085581774355,Focused
2026-01-10T05:06:54.539219,0.17258409871719776,Focused
2026-01-10T05:06:54.606701,0.1693551597491023,Focused
2026-01-10T05:06:54.674355,0.17727131571882637,Focused
2026-01-10T05:06:54.738582,0.1657076641175081,Focused
2026-01-10T05:06:54.800999,0.14972430930502012,Focused
2026-01-10T05:06:54.864955,0.13389422578038648,Focused
2026-01-10T05:06:54.929934,0.1268790689704474,Focused
2026-01-10T05:06:54.989308,0.11475902609527111,Focused
2026-01-10T05:06:55.069069,0.11475902609527111,Focused
2026-01-10T05:06:55.132885,0.11140798756387085,Focused
2026-01-10T05:06:55.193655,0.10527824367163702,Focused
2026-01-10T05:06:55.265402,0.10527824367163702,Focused
2026-01-10T05:06:55.328265,0.0964050772396149,Focused
2026-01-10T05:06:55.394622,0.12115952319654752,Focused
2026-01-10T05:06:55.450796,0.12115952319654752,Focused
2026-01-10T05:06:55.510794,0.15293478328967466,Focused
2026-01-10T05:06:55.576880,0.166062333532318,Focused
2026-01-10T05:06:55.641095,0.166062333532318,Focused
2026-01-10T05:06:55.707561,0.15442180690006355,Focused
2026-01-10T05:06:55.768585,0.19281055658357218,Focused
2026-01-10T05:06:55.838071,0.19281055658357218,Focused
2026-01-10T05:06:55.895413,0.2004231710016029,Focused
2026-01-10T05:06:55.957724,0.2004231710016029,Focused
2026-01-10T05:06:56.025859,0.10105198746896349,Focused
2026-01-10T05:06:56.094951,0.13494163278664928,Focused
2026-01-10T05:06:56.155152,0.1394082947052084,Focused
2026-01-10T05:06:56.215593,0.1411011857155245,Focused
2026-01-10T05:06:56.275860,0.13414651618222706,Focused
2026-01-10T05:06:56.339166,0.13414651618222706,Focused
2026-01-10T05:06:56.396486,0.11511316331743728,Focused
2026-01-10T05:06:56.459243,0.14336739990249042,Focused
2026-01-10T05:06:56.520816,0.1712649604291073,Focused
2026-01-10T05:06:56.585567,0.13843572277692148,Focused
2026-01-10T05:06:56.647270,0.18564082721422892,Focused
2026-01-10T05:06:56.707393,0.18564082721422892,Focused
2026-01-10T05:06:56.766255,0.2605925172465504,Focused
2026-01-10T05:06:56.827602,0.17840675670013298,Focused
2026-01-10T05:06:56.890095,0.19147828870336525,Focused
2026-01-10T05:06:56.954135,0.19147828870336525,Focused
2026-01-10T05:06:57.015383,0.17003205301007257,Focused
2026-01-10T05:06:57.077450,0.18076883289613763,Focused
2026-01-10T05:06:57.136959,0.24118543700897135,Focused
2026-01-10T05:06:57.202861,0.13954754180740564,Focused
2026-01-10T05:06:57.266904,0.15441164784133432,Focused
2026-01-10T05:06:57.334139,0.15441164784133432,Focused
2026-01-10T05:06:57.399818,0.1336992974160239,Focused
2026-01-10T05:06:57.461406,0.15304150084266438,Focused
2026-01-10T05:06:57.526947,0.20551862124702894,Focused
2026-01-10T05:06:57.592630,0.13000117256888188,Focused
2026-01-10T05:06:57.655833,0.1638555187091697,Focused
2026-01-10T05:06:57.721175,0.16422171002486718,Focused
2026-01-10T05:06:57.786642,0.16595936439116485,Focused
2026-01-10T05:06:57.858785,0.11781675952952356,Focused
2026-01-10T05:06:57.925157,0.13447030672687105,Focused
2026-01-10T05:06:57.989614,0.10612309211865067,Focused
2026-01-10T05:06:58.055598,0.12291757687926291,Focused
2026-01-10T05:06:58.115446,0.12249812496011145,Focused
2026-01-10T05:06:58.170122,0.12093808801728301,Focused
2026-01-10T05:06:58.229649,0.08514193472801707,Focused
2026-01-10T05:06:58.294272,0.10253302777709905,Focused
2026-01-10T05:06:58.366626,0.0931823518476449,Focused
2026-01-10T05:06:58.423831,0.09947279589832761,Focused
2026-01-10T05:06:58.482632,0.08939882274135015,Focused
2026-01-10T05:06:58.542291,0.07156540059368126,Focused
2026-01-10T05:06:58.603586,0.07156540059368126,Focused
2026-01-10T05:06:58.664040,0.09198625041608466,Focused
2026-01-10T05:06:58.726284,0.10416302023804747,Focused
2026-01-10T05:06:58.788401,0.08881302055669948,Focused
2026-01-10T05:06:58.850842,0.08881302055669948,Focused
2026-01-10T05:06:58.914719,0.11475392024585744,Focused
2026-01-10T05:06:58.976167,0.12165520034905057,Focused
2026-01-10T05:06:59.043813,0.09824630861694458,Focused
2026-01-10T05:06:59.135333,0.11093349326984026,Focused
2026-01-10T05:06:59.195030,0.11817130929266569,Focused
2026-01-10T05:06:59.258252,0.11817130929266569,Focused
2026-01-10T05:06:59.316117,0.10284272644203156,Focused
2026-01-10T05:06:59.385324,0.12373279772000388,Focused
2026-01-10T05:06:59.449988,0.09396903655724599,Focused
2026-01-10T05:06:59.510671,0.12280790788354352,Focused
2026-01-10T05:06:59.577069,0.11591448022518307,Focused
2026-01-10T05:06:59.641789,0.10615866021835244,Focused
2026-01-10T05:06:59.708520,0.10373070510686375,Focused
2026-01-10T05:06:59.770531,0.12297947623883373,Focused
2026-01-10T05:06:59.838788,0.10121468812576495,Focused
2026-01-10T05:06:59.901249,0.11252228358061983,Focused
2026-01-10T05:06:59.968371,0.09551600817940196,Focused
2026-01-10T05:07:00.046674,0.09991376158723142,Focused
2026-01-10T05:07:00.121218,0.09572912414441817,Focused
2026-01-10T05:07:00.183226,0.11020679540524725,Focused
2026-01-10T05:07:00.244658,0.11434910849347944,Focused
2026-01-10T05:07:00.305365,0.08449854333885014,Focused
2026-01-10T05:07:00.364147,0.09338606543315109,Focused
2026-01-10T05:07:00.427893,0.10498686745995656,Focused
2026-01-10T05:07:00.494181,0.08763775851111859,Focused
2026-01-10T05:07:00.554274,0.11372797017684205,Focused
2026-01-10T05:07:00.619397,0.11209431153256447,Focused
2026-01-10T05:07:00.682726,0.09098817021149443,Focused
2026-01-10T05:07:00.744265,0.08822992637869902,Focused
2026-01-10T05:07:00.806828,0.07854525894508697,Focused
2026-01-10T05:07:00.869730,0.08116763344150967,Focused
2026-01-10T05:07:00.943271,0.062150921457214285,Focused
2026-01-10T05:07:01.004626,0.06987043549888766,Focused
2026-01-10T05:07:01.071579,0.09007043584715574,Focused
2026-01-10T05:07:01.159588,0.08035713945864699,Focused
2026-01-10T05:07:01.219589,0.0878016365575604,Focused
2026-01-10T05:07:01.276254,0.08407815426471643,Focused
2026-01-10T05:07:01.338322,0.09095479805255308,Focused
2026-01-10T05:07:01.406642,0.0899092987354379,Focused
2026-01-10T05:07:01.474011,0.09464155273744836,Focused
2026-01-10T05:07:01.577297,0.09189380829920993,Focused
2026-01-10T05:07:01.671145,0.07308887540712021,Focused
2026-01-10T05:07:01.776031,0.06796731156646273,Focused
2026-01-10T05:07:01.864205,0.07455869616242125,Focused
2026-01-10T05:07:01.939454,0.0780018704768736,Focused
2026-01-10T05:07:02.001652,0.09964670650952029,Focused
2026-01-10T05:07:02.059852,0.09910511122725438,Focused
2026-01-10T05:07:02.120922,0.09070692078093999,Focused
2026-01-10T05:07:02.185374,0.09010707308189012,Focused
2026-01-10T05:07:02.248624,0.08503892364096828,Focused
2026-01-10T05:07:02.312481,0.10708354107337072,Focused
2026-01-10T05:07:02.374901,0.08392877486767246,Focused
2026-01-10T05:07:02.433552,0.0912316396657843,Focused
2026-01-10T05:07:02.496946,0.0792202221986372,Focused
2026-01-10T05:07:02.560453,0.08733109752065502,Focused
2026-01-10T05:07:02.621111,0.08733109752065502,Focused
2026-01-10T05:07:02.680214,0.09538434078567662,Focused
2026-01-10T05:07:02.742656,0.10137507563340478,Focused
2026-01-10T05:07:02.806938,0.10137507563340478,Focused
2026-01-10T05:07:02.864661,0.09507276909425855,Focused
2026-01-10T05:07:02.925385,0.07107103625894524,Focused
2026-01-10T05:07:02.986930,0.07107103625894524,Focused
2026-01-10T05:07:03.047726,0.08945191738312133,Focused
2026-01-10T05:07:03.108983,0.08945191738312133,Focused
2026-01-10T05:07:03.169466,0.11318693626672029,Focused
2026-01-10T05:07:03.235945,0.10903544492903165,Focused
2026-01-10T05:07:03.303846,0.09184740926721134,Focused
2026-01-10T05:07:03.365632,0.09068352234025952,Focused
2026-01-10T05:07:03.424631,0.09294898652005941,Focused
2026-01-10T05:07:03.485485,0.09294898652005941,Focused
2026-01-10T05:07:03.550002,0.08490115171298385,Focused
2026-01-10T05:07:03.611985,0.0757910189742688,Focused
2026-01-10T05:07:03.684349,0.09442832107888535,Focused
2026-01-10T05:07:03.757284,0.0919277512584813,Focused
2026-01-10T05:07:03.819391,0.07933125158888286,Focused
2026-01-10T05:07:03.885141,0.07933125158888286,Focused
2026-01-10T05:07:03.951595,0.07207665807800367,Focused
2026-01-10T05:07:04.013567,0.0954016444622539,Focused
2026-01-10T05:07:04.080971,0.08544606669747735,Focused
2026-01-10T05:07:04.145068,0.08776347212551627,Focused
2026-01-10T05:07:04.208306,0.10498204945470208,Focused
2026-01-10T05:07:04.272810,0.10498204945470208,Focused
2026-01-10T05:07:04.343502,0.10999967092066071,Focused
2026-01-10T05:07:04.405224,0.09232587020960635,Focused
2026-01-10T05:07:04.469645,0.07900437208591028,Focused
2026-01-10T05:07:04.532951,0.07900437208591028,Focused
2026-01-10T05:07:04.596392,0.09764047218195628,Focused
2026-01-10T05:07:04.660765,0.09764047218195628,Focused
2026-01-10T05:07:04.717466,0.09842958148801698,Focused
2026-01-10T05:07:04.781793,0.08498709006526042,Focused
2026-01-10T05:07:04.845154,0.10584574787644668,Focused
2026-01-10T05:07:04.906318,0.09404661594307981,Focused
2026-01-10T05:07:04.975254,0.10083671486354433,Focused
2026-01-10T05:07:05.050319,0.07088506509317084,Focused
2026-01-10T05:07:05.111206,0.10032340402249246,Focused
2026-01-10T05:07:05.172992,0.10938215519418008,Focused
2026-01-10T05:07:05.232324,0.08269011705997399,Focused
2026-01-10T05:07:05.294932,0.08619951276923529,Focused
2026-01-10T05:07:05.355500,0.09889209774555638,Focused
2026-01-10T05:07:05.416910,0.08559310788987205,Focused
2026-01-10T05:07:05.489984,0.09211273216642439,Focused
2026-01-10T05:07:05.556294,0.08496113886649254,Focused
2026-01-10T05:07:05.620325,0.08266287654696498,Focused
2026-01-10T05:07:05.689097,0.1245558759837877,Focused
2026-01-10T05:07:05.752444,0.0948025543388212,Focused
2026-01-10T05:07:05.815451,0.0995749519439414,Focused
2026-01-10T05:07:05.885185,0.09582654636760707,Focused
2026-01-10T05:07:05.945750,0.09437316190160346,Focused
2026-01-10T05:07:06.012345,0.09302479163452516,Focused
2026-01-10T05:07:06.083733,0.11384023012942635,Focused
2026-01-10T05:07:06.147075,0.13118752116570248,Focused
2026-01-10T05:07:06.206430,0.09242441621026956,Focused
2026-01-10T05:07:06.274210,0.10620412496500647,Focused
2026-01-10T05:07:06.337031,0.09919302956550383,Focused
2026-01-10T05:07:06.403910,0.10090449301060289,Focused
2026-01-10T05:07:06.470807,0.08330214866437018,Focused
2026-01-10T05:07:06.544475,0.09429138281848282,Focused
2026-01-10T05:07:06.616074,0.08335715718567371,Focused
2026-01-10T05:07:06.684699,0.09304633287829348,Focused
2026-01-10T05:07:06.750211,0.10054756465251558,Focused
2026-01-10T05:07:06.819028,0.09623465860495344,Focused
2026-01-10T05:07:06.886341,0.09220239464775659,Focused
2026-01-10T05:07:06.948436,0.10109320045739878,Focused
2026-01-10T05:07:07.037652,0.08039273432805202,Focused
2026-01-10T05:07:07.102695,0.08387357301544399,Focused
2026-01-10T05:07:07.165625,0.076942986267386,Focused
2026-01-10T05:07:07.222327,0.08139520337135764,Focused
2026-01-10T05:07:07.284578,0.09304321358795277,Focused
2026-01-10T05:07:07.346957,0.07980182920000516,Focused
2026-01-10T05:07:07.408136,0.08191058438969775,Focused
2026-01-10T05:07:07.466588,0.09734819754376076,Focused
2026-01-10T05:07:07.526756,0.0897705789131578,Focused
2026-01-10T05:07:07.634132,0.0897705789131578,Focused
2026-01-10T05:07:07.704034,0.07453495604859199,Focused
2026-01-10T05:07:07.769238,0.09521391654852779,Focused
2026-01-10T05:07:07.832592,0.08276142993126995,Focused
2026-01-10T05:07:07.898371,0.09726897017098964,Focused
2026-01-10T05:07:07.961405,0.07686792492168025,Focused
2026-01-10T05:07:08.029983,0.09716533018508926,Focused
2026-01-10T05:07:08.088606,0.10598184711998328,Focused
2026-01-10T05:07:08.150963,0.10340061490715016,Focused
2026-01-10T05:07:08.210952,0.10051003140979446,Focused
2026-01-10T05:07:08.269860,0.10469420493463985,Focused
2026-01-10T05:07:08.334993,0.10455493629560807,Focused
2026-01-10T05:07:08.395184,0.10455493629560807,Focused
2026-01-10T05:07:08.456458,0.09844072347623295,Focused
2026-01-10T05:07:08.519919,0.09026190366421359,Focused
2026-01-10T05:07:08.583036,0.09026190366421359,Focused
2026-01-10T05:07:08.645983,0.10823697369778529,Focused
2026-01-10T05:07:08.712637,0.11354304051492363,Focused
2026-01-10T05:07:08.781990,0.11354304051492363,Focused
2026-01-10T05:07:08.845888,0.08336570311221293,Focused
2026-01-10T05:07:08.909784,0.09827513687487226,Focused
2026-01-10T05:07:08.970539,0.09827513687487226,Focused
2026-01-10T05:07:09.034992,0.1122031093807891,Focused
2026-01-10T05:07:09.095115,0.1122031093807891,Focused
2026-01-10T05:07:09.154603,0.11507905741455032,Focused
2026-01-10T05:07:09.217269,0.10309351852047256,Focused
2026-01-10T05:07:09.273060,0.0795823901076801,Focused
2026-01-10T05:07:09.333745,0.10522344777709805,Focused
2026-01-10T05:07:09.414327,0.08758460890385322,Focused
2026-01-10T05:07:09.486661,0.08758460890385322,Focused
2026-01-10T05:07:09.546858,0.09647993337130173,Focused
2026-01-10T05:07:09.612731,0.09857328520738519,Focused
2026-01-10T05:07:09.673144,0.082545007544104,Focused
2026-01-10T05:07:09.742321,0.0905338017095346,Focused
2026-01-10T05:07:09.820095,0.09985196359339171,Focused
2026-01-10T05:07:09.884642,0.09985196359339171,Focused
2026-01-10T05:07:09.951261,0.09183169463649392,Focused
2026-01-10T05:07:10.020492,0.09689001521328464,Focused
2026-01-10T05:07:10.087288,0.10039142825407907,Focused
2026-01-10T05:07:10.152309,0.08552630711928941,Focused
2026-01-10T05:07:10.220660,0.07023498620837927,Focused
2026-01-10T05:07:10.284198,0.07023498620837927,Focused
2026-01-10T05:07:10.343232,0.08162048989906907,Focused
2026-01-10T05:07:10.414189,0.09593873238773085,Focused
2026-01-10T05:07:10.484324,0.08739435342140496,Focused
2026-01-10T05:07:10.549333,0.10749288023798727,Focused
2026-01-10T05:07:10.614472,0.0841008733754279,Focused
2026-01-10T05:07:10.680151,0.0841008733754279,Focused
2026-01-10T05:07:10.745927,0.06954272393486463,Focused
2026-01-10T05:07:10.808354,0.10655521952430716,Focused
2026-01-10T05:07:10.872148,0.10026160662528127,Focused
2026-01-10T05:07:10.936291,0.08689846261986531,Focused
2026-01-10T05:07:11.001221,0.08079960240866058,Focused
2026-01-10T05:07:11.080081,0.08079960240866058,Focused
2026-01-10T05:07:11.148161,0.07214445607969537,Focused
2026-01-10T05:07:11.214573,0.07296486410195938,Focused
2026-01-10T05:07:11.282240,0.100638778146822,Focused
2026-01-10T05:07:11.345922,0.11008662853273563,Focused
2026-01-10T05:07:11.408302,0.11172145321033894,Focused
2026-01-10T05:07:11.473723,0.11172145321033894,Focused
2026-01-10T05:07:11.535256,0.10156695583718829,Focused
2026-01-10T05:07:11.603182,0.11698262417339719,Focused
2026-01-10T05:07:11.668172,0.09140062047517858,Focused
2026-01-10T05:07:11.735504,0.08705961023224518,Focused
2026-01-10T05:07:11.801783,0.09634292779956012,Focused
2026-01-10T05:07:11.870503,0.09634292779956012,Focused
2026-01-10T05:07:11.937774,0.10336382340756245,Focused
2026-01-10T05:07:12.006721,0.09709581079659983,Focused
2026-01-10T05:07:12.077741,0.0969291782937944,Focused
2026-01-10T05:07:12.138956,0.12678777151741086,Focused
2026-01-10T05:07:12.202900,0.11795144919306039,Focused
2026-01-10T05:07:12.268423,0.11795144919306039,Focused
2026-01-10T05:07:12.327857,0.11452820785634685,Focused
2026-01-10T05:07:12.389229,0.15620132776966783,Focused
2026-01-10T05:07:12.453832,0.15620132776966783,Focused
2026-01-10T05:07:12.518653,0.08778306137246544,Focused
2026-01-10T05:07:12.581031,0.0805134347290732,Focused
2026-01-10T05:07:12.645505,0.0805134347290732,Focused
2026-01-10T05:07:12.708706,0.1135606779542286,Focused
2026-01-10T05:07:12.776096,0.10559946576249785,Focused
2026-01-10T05:07:12.839544,0.10559946576249785,Focused
2026-01-10T05:07:12.901064,0.1062189711665269,Focused
2026-01-10T05:07:12.966018,0.0999373541038949,Focused
2026-01-10T05:07:13.034237,0.0999373541038949,Focused
2026-01-10T05:07:13.112500,0.10740619753487408,Focused
2026-01-10T05:07:13.173858,0.10177574180997909,Focused
2026-01-10T05:07:13.231934,0.10177574180997909,Focused
2026-01-10T05:07:13.289706,0.09937326820218004,Focused
2026-01-10T05:07:13.346876,0.09841426225029862,Focused
2026-01-10T05:07:13.410277,0.11739784430246801,Focused
2026-01-10T05:07:13.467409,0.1151175584993325,Focused
2026-01-10T05:07:13.531992,0.11450406047515571,Focused
2026-01-10T05:07:13.600042,0.0973458022926934,Focused
2026-01-10T05:07:13.666656,0.10054568841005675,Focused
2026-01-10T05:07:13.730223,0.08659508225973696,Focused
2026-01-10T05:07:13.791070,0.11945522020687349,Focused
2026-01-10T05:07:13.857695,0.08260453616967424,Focused
2026-01-10T05:07:13.924320,0.11422933710273356,Focused
2026-01-10T05:07:13.989776,0.11182742030359805,Focused
2026-01-10T05:07:14.052435,0.11534240993787534,Focused
2026-01-10T05:07:14.119676,0.08782415826572106,Focused
2026-01-10T05:07:14.200231,0.08811008562333883,Focused
2026-01-10T05:07:14.280540,0.11047084411839023,Focused
2026-01-10T05:07:14.347467,0.11047084411839023,Focused
2026-01-10T05:07:14.409175,0.10031035350984895,Focused
2026-01-10T05:07:14.476435,0.0657714796368964,Focused
2026-01-10T05:07:14.539629,0.11809938917867839,Focused
2026-01-10T05:07:14.605836,0.08130642382893712,Focused
2026-01-10T05:07:14.667697,0.09572066651307978,Focused
2026-01-10T05:07:14.732548,0.09572066651307978,Focused
2026-01-10T05:07:14.789241,0.07365944058983587,Focused
2026-01-10T05:07:14.848646,0.08367741466208826,Focused
2026-01-10T05:07:14.907757,0.07808703122427686,Focused
2026-01-10T05:07:14.967054,0.08522663410403766,Focused
2026-01-10T05:07:15.029056,0.11415190956904551,Focused
2026-01-10T05:07:15.090103,0.11415190956904551,Focused
2026-01-10T05:07:15.153071,0.06661482245544903,Focused
2026-01-10T05:07:15.211296,0.0697589986375533,Focused
2026-01-10T05:07:15.270435,0.06969307687249966,Focused
2026-01-10T05:07:15.333067,0.06969307687249966,Focused
2026-01-10T05:07:15.392664,0.0842995871178573,Focused
2026-01-10T05:07:15.451681,0.10264629093580879,Focused
2026-01-10T05:07:15.509249,0.10417155862087385,Focused
2026-01-10T05:07:15.570772,0.11055616619560169,Focused
2026-01-10T05:07:15.636073,0.12196922024595551,Focused
2026-01-10T05:07:15.698868,0.10508603244088591,Focused
2026-01-10T05:07:15.766407,0.1036093702132348,Focused
2026-01-10T05:07:15.830912,0.0913733255933039,Focused
2026-01-10T05:07:15.897870,0.1194996856385842,Focused
2026-01-10T05:07:15.959950,0.1176959195174277,Focused
2026-01-10T05:07:16.022051,0.1272468665614724,Focused
2026-01-10T05:07:16.082484,0.1859944311901927,Focused
2026-01-10T05:07:16.139680,0.1757471188902855,Focused
2026-01-10T05:07:16.198108,0.1757471188902855,Focused
2026-01-10T05:07:16.257187,0.15234950226731597,Focused
2026-01-10T05:07:16.323703,0.1780967638362199,Focused
2026-01-10T05:07:16.389626,0.15573082976043226,Focused
2026-01-10T05:07:16.458553,0.15573082976043226,Focused
2026-01-10T05:07:16.529115,0.17482311194762587,Focused
2026-01-10T05:07:16.588327,0.210799421928823,Focused
2026-01-10T05:07:16.648943,0.19186209142208097,Focused
2026-01-10T05:07:16.709453,0.2024195984005928,Focused
2026-01-10T05:07:16.774025,0.1692382856272161,Focused
2026-01-10T05:07:16.837449,0.1692382856272161,Focused
2026-01-10T05:07:16.897236,0.1607882898300886,Focused
2026-01-10T05:07:16.956690,0.13396963407285511,Focused
2026-01-10T05:07:17.015844,0.1406383816152811,Focused
2026-01-10T05:07:17.074422,0.1595853722654283,Focused
2026-01-10T05:07:17.136996,0.1595853722654283,Focused
2026-01-10T05:07:17.201560,0.13438495446462184,Focused
2026-01-10T05:07:17.260352,0.14211006099358198,Focused
2026-01-10T05:07:17.317591,0.14211006099358198,Focused
2026-01-10T05:07:17.376052,0.13212955933995546,Focused
2026-01-10T05:07:17.438410,0.1538663623156026,Focused
2026-01-10T05:07:17.497037,0.1538663623156026,Focused
2026-01-10T05:07:17.559861,0.16787751354277133,Focused
2026-01-10T05:07:17.616427,0.13513710217084735,Focused
2026-01-10T05:07:17.677479,0.13513710217084735,Focused
2026-01-10T05:07:17.738795,0.13477025041356683,Focused
2026-01-10T05:07:17.802313,0.12803496061824263,Focused
2026-01-10T05:07:17.864574,0.12605489008128642,Focused
2026-01-10T05:07:17.924078,0.1516550759784877,Focused
2026-01-10T05:07:17.987316,0.13778265370056034,Focused
2026-01-10T05:07:18.051359,0.12956931861117482,Focused
2026-01-10T05:07:18.111317,0.12313274615444242,Focused
2026-01-10T05:07:18.172848,0.12425341065973043,Focused
2026-01-10T05:07:18.229178,0.13777678068727253,Focused
2026-01-10T05:07:18.288852,0.13641614066436886,Focused
2026-01-10T05:07:18.347346,0.12967783608473837,Focused
2026-01-10T05:07:18.405616,0.1362205441109836,Focused
2026-01-10T05:07:18.459358,0.1362205441109836,Focused
2026-01-10T05:07:18.521219,0.15106861367821695,Focused
2026-01-10T05:07:18.584747,0.11445801742374898,Focused
2026-01-10T05:07:18.653142,0.1292105026775971,Focused
2026-01-10T05:07:18.719870,0.12014995487406849,Focused
2026-01-10T05:07:18.786569,0.10985109461471437,Focused
2026-01-10T05:07:18.849675,0.13100579814054072,Focused
2026-01-10T05:07:18.909240,0.1422612212831154,Focused
2026-01-10T05:07:18.971044,0.14009054065681992,Focused
2026-01-10T05:07:19.032523,0.1409526671282947,Focused
2026-01-10T05:07:19.092451,0.1428150102496147,Focused
2026-01-10T05:07:19.149866,0.15668225991539655,Focused
2026-01-10T05:07:19.211843,0.13078840551897883,Focused
2026-01-10T05:07:19.271361,0.14394329800270497,Focused
2026-01-10T05:07:19.327125,0.14280929705128073,Focused
2026-01-10T05:07:19.386149,0.13728090333752332,Focused
2026-01-10T05:07:19.448556,0.13201436726376414,Focused
2026-01-10T05:07:19.511042,0.13201436726376414,Focused
2026-01-10T05:07:19.566734,0.14686699744779616,Focused
2026-01-10T05:07:19.624436,0.12256096825003623,Focused
2026-01-10T05:07:19.688481,0.14849278526380658,Focused
2026-01-10T05:07:19.755835,0.14895794088952244,Focused
2026-01-10T05:07:19.824182,0.15580644205911084,Focused
2026-01-10T05:07:19.886115,0.15112506696023048,Focused
2026-01-10T05:07:19.946737,0.15897170836105945,Focused
2026-01-10T05:07:20.009148,0.16819263689685612,Focused
2026-01-10T05:07:20.071293,0.15174379571108149,Focused
2026-01-10T05:07:20.137206,0.13186832532519474,Focused
2026-01-10T05:07:20.198750,0.14171928085852414,Focused
2026-01-10T05:07:20.257375,0.11972949490882456,Focused
2026-01-10T05:07:20.321115,0.12116180351004005,Focused
2026-01-10T05:07:20.379336,0.14205257107969374,Focused
2026-01-10T05:07:20.439768,0.1523736780975014,Focused
2026-01-10T05:07:20.500544,0.15356482849456368,Focused
2026-01-10T05:07:20.560814,0.15360986723098902,Focused
2026-01-10T05:07:20.619872,0.14869964811950923,Focused
2026-01-10T05:07:20.685197,0.1411835245322436,Focused
2026-01-10T05:07:20.751198,0.09366944087669253,Focused
2026-01-10T05:07:20.811683,0.09366944087669253,Focused
2026-01-10T05:07:20.872637,0.1075067188590765,Focused
2026-01-10T05:07:20.931774,0.08115811187308282,Focused
2026-01-10T05:07:20.990856,0.08115811187308282,Focused
2026-01-10T05:07:21.052313,0.08209922246169299,Focused
2026-01-10T05:07:21.112944,0.08209922246169299,Focused
2026-01-10T05:07:21.170072,0.09774816678836942,Focused
2026-01-10T05:07:21.236589,0.09174389770487323,Focused
2026-01-10T05:07:21.300018,0.09080155348638072,Focused
2026-01-10T05:07:21.363469,0.09812881489051505,Focused
2026-01-10T05:07:21.424975,0.11150726592168211,Focused
2026-01-10T05:07:21.486082,0.11150726592168211,Focused
2026-01-10T05:07:21.545828,0.10596205202164129,Focused
2026-01-10T05:07:21.606987,0.10047657028771936,Focused
2026-01-10T05:07:21.668677,0.10264967620605603,Focused
2026-01-10T05:07:21.729686,0.08655261101084763,Focused
2026-01-10T05:07:21.790284,0.07550439953629393,Focused
2026-01-10T05:07:21.851741,0.07550439953629393,Focused
2026-01-10T05:07:21.908451,0.08541951810475439,Focused
2026-01-10T05:07:21.971225,0.08372904805291909,Focused
2026-01-10T05:07:22.039115,0.10684830471582245,Focused
2026-01-10T05:07:22.099148,0.11147872520086821,Focused
2026-01-10T05:07:22.161009,0.0983554933423875,Focused
2026-01-10T05:07:22.228239,0.09274927234509961,Focused
2026-01-10T05:07:22.287494,0.11533089261793066,Focused
2026-01-10T05:07:22.347913,0.09803921570128296,Focused
2026-01-10T05:07:22.411611,0.10075215332326479,Focused
2026-01-10T05:07:22.471747,0.10206937296898103,Focused
2026-01-10T05:07:22.531737,0.10577715726394672,Focused
2026-01-10T05:07:22.593527,0.11575390907819383,Focused
2026-01-10T05:07:22.653723,0.11056306567043066,Focused
2026-01-10T05:07:22.712820,0.1262914114369778,Focused
2026-01-10T05:07:22.780701,0.14779121885076166,Focused
2026-01-10T05:07:22.846768,0.12030636152485386,Focused
2026-01-10T05:07:22.904907,0.13060193952405824,Focused
2026-01-10T05:07:22.965394,0.13060193952405824,Focused
2026-01-10T05:07:23.030804,0.12591233185958117,Focused
2026-01-10T05:07:23.098984,0.09638371611945332,Focused
2026-01-10T05:07:23.164136,0.12568006459623574,Focused
2026-01-10T05:07:23.232272,0.12568006459623574,Focused
2026-01-10T05:07:23.301018,0.11010209887754173,Focused
2026-01-10T05:07:23.363594,0.11010209887754173,Focused
2026-01-10T05:07:23.424124,0.0989079985767603,Focused
2026-01-10T05:07:23.485418,0.13139027608558537,Focused
2026-01-10T05:07:23.551562,0.10515592261217534,Focused
2026-01-10T05:07:23.608326,0.10515592261217534,Focused
2026-01-10T05:07:23.665462,0.10305312639102339,Focused
2026-01-10T05:07:23.727277,0.10627893051132559,Focused
2026-01-10T05:07:23.788611,0.09858420817181468,Focused
2026-01-10T05:07:23.851457,0.10061846049502492,Focused
2026-01-10T05:07:23.946599,0.10061846049502492,Focused
2026-01-10T05:07:24.010368,0.11952734086662531,Focused
2026-01-10T05:07:24.073414,0.13222560230642558,Focused
2026-01-10T05:07:24.130239,0.12776022413745522,Focused
2026-01-10T05:07:24.189135,0.14206141466274858,Focused
2026-01-10T05:07:24.248509,0.11750691663473845,Focused
2026-01-10T05:07:24.308469,0.11750691663473845,Focused
2026-01-10T05:07:24.368076,0.12307203370146454,Focused
2026-01-10T05:07:24.432329,0.11129777058959009,Focused
2026-01-10T05:07:24.493329,0.11621181465452536,Focused
2026-01-10T05:07:24.555469,0.10082948526833206,Focused
2026-01-10T05:07:24.615684,0.08482351591810583,Focused
2026-01-10T05:07:24.680716,0.08482351591810583,Focused
2026-01-10T05:07:24.740904,0.11398055194877088,Focused
2026-01-10T05:07:24.803036,0.10673614700790494,Focused
2026-01-10T05:07:24.873251,0.10673614700790494,Focused
2026-01-10T05:07:24.932163,0.10664434484206141,Focused
2026-01-10T05:07:24.992927,0.12511479179374874,Focused
2026-01-10T05:07:25.056448,0.12511479179374874,Focused
2026-01-10T05:07:25.112404,0.12405527723021806,Focused
2026-01-10T05:07:25.169607,0.12069709948264062,Focused
2026-01-10T05:07:25.226989,0.11568871217314154,Focused
2026-01-10T05:07:25.289515,0.12776295617222785,Focused
2026-01-10T05:07:25.361401,0.11165051013231277,Focused
2026-01-10T05:07:25.419153,0.1266007780097425,Focused
2026-01-10T05:07:25.478273,0.1268009278457612,Focused
2026-01-10T05:07:25.540529,0.10848718759370968,Focused
2026-01-10T05:07:25.601385,0.124750319076702,Focused
2026-01-10T05:07:25.657928,0.1164828235283494,Focused
2026-01-10T05:07:25.719679,0.12116801217198371,Focused
2026-01-10T05:07:25.780275,0.12116801217198371,Focused
2026-01-10T05:07:25.840149,0.10980400993721559,Focused
2026-01-10T05:07:25.902728,0.13270893404260278,Focused
2026-01-10T05:07:25.961449,0.13270893404260278,Focused
2026-01-10T05:07:26.030424,0.13448806740343572,Focused
2026-01-10T05:07:26.089742,0.1394063984276727,Focused
2026-01-10T05:07:26.149337,0.1410104563459754,Focused
2026-01-10T05:07:26.214433,0.144782436452806,Focused
2026-01-10T05:07:26.268540,0.15624667592346667,Focused
2026-01-10T05:07:26.333481,0.1640505051240325,Focused
2026-01-10T05:07:26.399393,0.17258021896705034,Focused
2026-01-10T05:07:26.459661,0.1626569067593664,Focused
2026-01-10T05:07:26.518383,0.17682183627039194,Focused
2026-01-10T05:07:26.580323,0.1860012165736407,Focused
2026-01-10T05:07:26.637036,0.16959917098283767,Focused
2026-01-10T05:07:26.703305,0.16959917098283767,Focused
2026-01-10T05:07:26.768825,0.1701878506690264,Focused
2026-01-10T05:07:26.832440,0.17950289146974682,Focused
2026-01-10T05:07:26.897350,0.2223520528525114,Focused
2026-01-10T05:07:26.955662,0.2160227333661169,Focused
2026-01-10T05:07:27.023277,0.19947012625634672,Focused
2026-01-10T05:07:27.088398,0.19947012625634672,Focused
2026-01-10T05:07:27.149239,0.1808328944724053,Focused
2026-01-10T05:07:27.213576,0.1802221023943275,Focused
2026-01-10T05:07:27.271752,0.1802221023943275,Focused
2026-01-10T05:07:27.325848,0.1670001855120063,Focused
2026-01-10T05:07:27.390782,0.1375622705090791,Focused
2026-01-10T05:07:27.452042,0.1677292078267783,Focused
2026-01-10T05:07:27.515369,0.16193230883218349,Focused
2026-01-10T05:07:27.584293,0.17328259628266096,Focused
2026-01-10T05:07:27.650429,0.16435894956812264,Focused
2026-01-10T05:07:27.714862,0.1471660770010203,Focused
2026-01-10T05:07:27.779814,0.14757232351694258,Focused
2026-01-10T05:07:27.843292,0.15685388264246283,Focused
2026-01-10T05:07:27.906686,0.14287128569558263,Focused
2026-01-10T05:07:27.972995,0.1508095760596916,Focused
2026-01-10T05:07:28.034135,0.17224048329517247,Focused
2026-01-10T05:07:28.094164,0.15858192718587813,Focused
2026-01-10T05:07:28.153168,0.1512956934282556,Focused
2026-01-10T05:07:28.220521,0.1462044846266508,Focused
2026-01-10T05:07:28.281869,0.17281537477392703,Focused
2026-01-10T05:07:28.343111,0.17379315281286836,Focused
2026-01-10T05:07:28.405286,0.12380010189954191,Focused
2026-01-10T05:07:28.467064,0.1300000798655674,Focused
2026-01-10T05:07:28.524246,0.11095574223436414,Focused
2026-01-10T05:07:28.589684,0.11095574223436414,Focused
2026-01-10T05:07:28.650156,0.14216243128757924,Focused
2026-01-10T05:07:28.714591,0.14261310889851303,Focused
2026-01-10T05:07:28.776806,0.14261310889851303,Focused
2026-01-10T05:07:28.834519,0.12747104186564684,Focused
2026-01-10T05:07:28.892132,0.14828192400746049,Focused
2026-01-10T05:07:28.952069,0.14828192400746049,Focused
2026-01-10T05:07:29.017616,0.15664922394789754,Focused
2026-01-10T05:07:29.079940,0.15664922394789754,Focused
2026-01-10T05:07:29.137621,0.14138731362763793,Focused
2026-01-10T05:07:29.199817,0.13031100714579225,Focused
2026-01-10T05:07:29.258785,0.1397872386034578,Focused
2026-01-10T05:07:29.317842,0.13073610535357147,Focused
2026-01-10T05:07:29.377034,0.12904906598851085,Focused
2026-01-10T05:07:29.437486,0.12904906598851085,Focused
2026-01-10T05:07:29.495708,0.0983051786199212,Focused
2026-01-10T05:07:29.557629,0.12910420724656432,Focused
2026-01-10T05:07:29.623320,0.11482055112719536,Focused
2026-01-10T05:07:29.682751,0.11482055112719536,Focused
2026-01-10T05:07:29.740944,0.11336389074567704,Focused
2026-01-10T05:07:29.803371,0.12351978400256486,Focused
2026-01-10T05:07:29.860882,0.1311537112807855,Focused
2026-01-10T05:07:29.922535,0.12254877840168774,Focused
2026-01-10T05:07:29.982899,0.09974356233142316,Focused
2026-01-10T05:07:30.051934,0.1325374953565188,Focused
2026-01-10T05:07:30.113610,0.12633042635861785,Focused
2026-01-10T05:07:30.172065,0.13046557125635444,Focused
2026-01-10T05:07:30.231094,0.10121829486452043,Focused
2026-01-10T05:07:30.292457,0.12293161078123375,Focused
2026-01-10T05:07:30.352374,0.169377702777274,Focused
2026-01-10T05:07:30.417673,0.16648246977711095,Focused
2026-01-10T05:07:30.481557,0.15024271947331724,Focused
2026-01-10T05:07:30.546866,0.15024271947331724,Focused
2026-01-10T05:07:30.606707,0.12511867993162012,Focused
2026-01-10T05:07:30.665071,0.11301980088901473,Focused
2026-01-10T05:07:30.725214,0.11301980088901473,Focused
2026-01-10T05:07:30.784823,0.13345884566078894,Focused
2026-01-10T05:07:30.846559,0.12617443063500103,Focused
2026-01-10T05:07:30.909842,0.1446058610716136,Focused
2026-01-10T05:07:30.974014,0.12988788132788615,Focused
2026-01-10T05:07:31.038278,0.1297546705289278,Focused
2026-01-10T05:07:31.097888,0.1297546705289278,Focused
2026-01-10T05:07:31.156746,0.12694277566624804,Focused
2026-01-10T05:07:31.220909,0.08831302612670697,Focused
2026-01-10T05:07:31.284693,0.10463686981820501,Focused
2026-01-10T05:07:31.346243,0.10159625614469406,Focused
2026-01-10T05:07:31.405797,0.14466467707534322,Focused
2026-01-10T05:07:31.464187,0.14466467707534322,Focused
2026-01-10T05:07:31.522042,0.12569687356590292,Focused
2026-01-10T05:07:31.586066,0.13933526473701932,Focused
2026-01-10T05:07:31.645355,0.13933526473701932,Focused
2026-01-10T05:07:31.702833,0.1523503618896939,Focused
2026-01-10T05:07:31.762947,0.1172673767025117,Focused
2026-01-10T05:07:31.822136,0.1172673767025117,Focused
2026-01-10T05:07:31.880230,0.1041080930881435,Focused
2026-01-10T05:07:31.952324,0.11404194512579124,Focused
2026-01-10T05:07:32.011923,0.12161966109997593,Focused
2026-01-10T05:07:32.071037,0.12100784922076856,Focused
2026-01-10T05:07:32.132850,0.10935841358150354,Focused
2026-01-10T05:07:32.196926,0.11329218810424208,Focused
2026-01-10T05:07:32.298057,0.09444637979613617,Focused
2026-01-10T05:07:32.423990,0.09895345044787973,Focused
2026-01-10T05:07:32.525266,0.10457740648416802,Focused
2026-01-10T05:07:32.627010,0.1114951875875704,Focused
2026-01-10T05:07:32.748538,0.09966419677075464,Focused
2026-01-10T05:07:32.855250,0.11409629725385458,Focused
2026-01-10T05:07:33.020450,0.09910954740771558,Focused
2026-01-10T05:07:33.144675,0.08900283636467064,Focused
2026-01-10T05:07:33.282217,0.08181219617254101,Focused
2026-01-10T05:07:33.397735,0.07369897077442147,Focused
2026-01-10T05:07:33.508878,0.12227806000737473,Focused
2026-01-10T05:07:33.621271,0.15028846204513685,Focused
2026-01-10T05:07:33.733573,0.10879800018155947,Focused
2026-01-10T05:07:33.853258,0.14453028671559878,Focused
2026-01-10T05:07:33.964795,0.1452826957043726,Focused
2026-01-10T05:07:34.171037,0.1488614442467224,Focused
2026-01-10T05:07:34.294600,0.15878375325119123,Focused
2026-01-10T05:07:34.402916,0.1761309183726553,Focused
2026-01-10T05:07:34.511398,0.19633599852677436,Focused
2026-01-10T05:07:34.640437,0.17721968103433028,Focused
2026-01-10T05:07:34.774552,0.1871315905591473,Focused
2026-01-10T05:07:34.898847,0.18849170620378572,Focused
2026-01-10T05:07:35.020252,0.12135810422478244,Focused
2026-01-10T05:07:35.137996,0.07021494915243238,Focused
2026-01-10T05:07:35.355931,0.09449498635949567,Focused
2026-01-10T05:07:35.473763,0.10990530471608509,Focused
2026-01-10T05:07:35.586285,0.10046195893519325,Focused
2026-01-10T05:07:35.700634,0.13123991687316447,Focused
2026-01-10T05:07:35.809673,0.11645707761053926,Focused
2026-01-10T05:07:35.925520,0.11609750233765226,Focused
2026-01-10T05:07:36.029421,0.12099375998077448,Focused
2026-01-10T05:07:36.138108,0.18451121556281577,Focused
2026-01-10T05:07:36.294797,0.19357840990123804,Focused
2026-01-10T05:07:36.444903,0.23296742615930272,Focused
2026-01-10T05:07:36.556834,0.2916502883017529,Focused
2026-01-10T05:07:36.674839,0.24959378537605517,Focused
2026-01-10T05:07:36.784269,0.22598098844755438,Focused
2026-01-10T05:07:36.907666,0.19956329458509572,Focused
2026-01-10T05:07:37.023488,0.17903204380127136,Focused
2026-01-10T05:07:37.141060,0.16053626682260072,Focused
2026-01-10T05:07:37.251027,0.1995357207721099,Focused
2026-01-10T05:07:37.470049,0.21017363019636834,Focused
2026-01-10T05:07:37.580254,0.18020838842494413,Focused
2026-01-10T05:07:37.684690,0.19511673023225742,Focused
2026-01-10T05:07:37.803966,0.17811901040258818,Focused
2026-01-10T05:07:37.927251,0.227768870422733,Focused
2026-01-10T05:07:38.042317,0.17138910005160143,Focused
2026-01-10T05:07:38.160321,0.2558443551213713,Focused
2026-01-10T05:07:38.285923,0.24439565379288977,Focused
2026-01-10T05:07:38.414442,0.207664193038363,Focused
2026-01-10T05:07:38.627479,0.15253438236977673,Focused
2026-01-10T05:07:38.750330,0.12535062512033618,Focused
2026-01-10T05:07:38.866337,0.1634525452449452,Focused
2026-01-10T05:07:38.994803,0.1355284220102476,Focused
2026-01-10T05:07:39.123946,0.175316693627974,Focused
2026-01-10T05:07:39.239829,0.1581452335609356,Focused
2026-01-10T05:07:39.358865,0.1936818566988222,Focused
2026-01-10T05:07:39.497066,0.19819673494785092,Focused
2026-01-10T05:07:39.699899,0.1722968972171657,Focused
2026-01-10T05:07:39.824840,0.1315388701739721,Focused
2026-01-10T05:07:39.932266,0.20112082351115532,Focused
2026-01-10T05:07:40.053351,0.19641542447498067,Focused
2026-01-10T05:07:40.166657,0.18477164697833356,Focused
2026-01-10T05:07:40.279877,0.21009938109782522,Focused
2026-01-10T05:07:40.383605,0.21703484696336092,Focused
2026-01-10T05:07:40.493777,0.2261481827677926,Focused
2026-01-10T05:07:40.621070,0.2035754554904997,Focused
2026-01-10T05:07:40.804790,0.1864161679521203,Focused
2026-01-10T05:07:40.914989,0.2175897508859634,Focused
2026-01-10T05:07:41.034969,0.26813775575719767,Focused
2026-01-10T05:07:41.156247,0.316751577379182,Focused
2026-01-10T05:07:41.263560,0.2447114079259336,Focused
2026-01-10T05:07:41.378073,0.22145787875633688,Focused
2026-01-10T05:07:41.505508,0.22379074813798072,Focused
2026-01-10T05:07:41.633822,0.16912961453199388,Focused
2026-01-10T05:07:41.836447,0.2548568056430668,Focused
2026-01-10T05:07:41.946765,0.17705361106200143,Focused
2026-01-10T05:07:42.055632,0.25898924968205395,Focused
2026-01-10T05:07:42.157878,0.2901548026566161,Focused
2026-01-10T05:07:42.268920,0.2550541163524031,Focused
2026-01-10T05:07:42.391479,0.17369136191555298,Focused
2026-01-10T05:07:42.504957,0.15514880869741318,Focused
2026-01-10T05:07:42.631463,0.21704724224109667,Focused
2026-01-10T05:07:42.755572,0.2269467758887913,Focused
2026-01-10T05:07:42.945725,0.2577764512156136,Focused
2026-01-10T05:07:43.067471,0.23069705668604001,Focused
2026-01-10T05:07:43.198515,0.1746942838828545,Focused
2026-01-10T05:07:43.309400,0.21207960494211875,Focused
2026-01-10T05:07:43.410498,0.20268238928692883,Focused
2026-01-10T05:07:43.521407,0.29633906740345994,Focused
2026-01-10T05:07:43.677636,0.2235816427899408,Focused
2026-01-10T05:07:43.792242,0.21720813119318336,Focused
2026-01-10T05:07:43.897233,0.1953008586264332,Focused
2026-01-10T05:07:44.081820,0.25537445382797164,Focused
2026-01-10T05:07:44.199678,0.16192093653371556,Focused
2026-01-10T05:07:44.300383,0.1890715940404334,Focused
2026-01-10T05:07:44.405359,0.14555564913898708,Focused
2026-01-10T05:07:44.530199,0.220858598977793,Focused
2026-01-10T05:07:44.661398,0.14451814088388346,Focused
2026-01-10T05:07:44.786932,0.10895009974774439,Focused
2026-01-10T05:07:44.889164,0.1356328369845869,Focused
2026-01-10T05:07:45.048713,0.1724240771320183,Focused
2026-01-10T05:07:45.169476,0.15091615107085088,Focused
2026-01-10T05:07:45.264134,0.12967688459320925,Focused
2026-01-10T05:07:45.358253,0.08915772913605906,Focused
2026-01-10T05:07:45.459146,0.0624323778814869,Focused
2026-01-10T05:07:45.553023,0.07423591172264422,Focused
2026-01-10T05:07:45.661096,0.06481304044718854,Focused
2026-01-10T05:07:45.790045,0.06454194828693288,Focused
2026-01-10T05:07:45.894290,0.058393593136133855,Focused
2026-01-10T05:07:45.996051,0.05078927001886768,Focused
2026-01-10T05:07:46.176216,0.028588500835030572,Focused
2026-01-10T05:07:46.288676,0.04003118388500298,Focused
2026-01-10T05:07:46.402906,0.030166277618991443,Focused
2026-01-10T05:07:46.528370,0.04174162515919306,Focused
2026-01-10T05:07:46.657580,0.09285104048612992,Focused
2026-01-10T05:07:46.778766,0.10981034055585041,Focused
2026-01-10T05:07:46.899191,0.07562281022546813,Focused
2026-01-10T05:07:47.021560,0.09341939682490191,Focused
2026-01-10T05:07:47.149368,0.09341939682490191,Focused
2026-01-10T05:07:47.308399,0.08945249153766781,Focused
2026-01-10T05:07:47.419193,0.05799200818582903,Focused
2026-01-10T05:07:47.528443,0.05799200818582903,Focused
2026-01-10T05:07:47.638054,0.0571689983997203,Focused
2026-01-10T05:07:47.762148,0.05929200170648982,Focused
2026-01-10T05:07:47.898931,0.10202819843689212,Focused
2026-01-10T05:07:48.015516,0.0927338674053317,Focused
2026-01-10T05:07:48.127585,0.06413091275026091,Focused
2026-01-10T05:07:48.296466,0.022702398608089425,Focused
2026-01-10T05:07:48.406908,0.030466595839243382,Focused
2026-01-10T05:07:48.512963,0.028925034958228932,Focused
2026-01-10T05:07:48.621083,0.04217408871627413,Focused
2026-01-10T05:07:48.741491,0.05363808457914274,Focused
2026-01-10T05:07:48.872712,0.05388559030252509,Focused
2026-01-10T05:07:48.997119,0.0805009399249684,Focused
2026-01-10T05:07:49.132897,0.03715750443807337,Focused
2026-01-10T05:07:49.263716,0.07769888285838533,Focused
2026-01-10T05:07:49.465378,0.1387811931606848,Focused
2026-01-10T05:07:49.583820,0.08051714911125601,Focused
2026-01-10T05:07:49.712532,0.06325329511309974,Focused
2026-01-10T05:07:49.846893,0.15269962121383288,Focused
2026-01-10T05:07:49.980718,0.1990186916402308,Focused
2026-01-10T05:07:50.081609,0.21729591050097952,Focused
2026-01-10T05:07:50.181323,0.19134258027770557,Focused
2026-01-10T05:07:50.293747,0.22047716973465867,Focused
2026-01-10T05:07:50.393363,0.16599849503254518,Focused
2026-01-10T05:07:50.576652,0.20007014427101238,Focused
2026-01-10T05:07:50.686217,0.24078369429334998,Focused
2026-01-10T05:07:50.806348,0.16756257422966883,Focused
2026-01-10T05:07:50.901605,0.19510683870175852,Focused
2026-01-10T05:07:51.019312,0.17861846622545272,Focused
2026-01-10T05:07:51.128365,0.15955471639754248,Focused
2026-01-10T05:07:51.231541,0.18009603876271285,Focused
2026-01-10T05:07:51.340701,0.14605265252466776,Focused
2026-01-10T05:07:51.435692,0.14552629099343903,Focused
2026-01-10T05:07:51.611147,0.09826148161082528,Focused
2026-01-10T05:07:51.703361,0.08106732494197785,Focused
2026-01-10T05:07:51.806016,0.18760737380944192,Focused
2026-01-10T05:07:51.929085,0.3688044408569113,Focused
2026-01-10T05:07:52.046161,0.40180960387224335,Focused
2026-01-10T05:07:52.149486,0.38107530164998027,Focused
2026-01-10T05:07:52.247172,0.2772100959118688,Focused
2026-01-10T05:07:52.353087,0.40322491342085415,Focused
2026-01-10T05:07:52.450742,0.3988478796556592,Focused
2026-01-10T05:07:52.548704,0.0,Focused
2026-01-10T05:07:52.710291,0.22253596722148358,Focused
2026-01-10T05:07:52.810490,0.11946398734580725,Focused
2026-01-10T05:07:52.911009,0.04098894971539266,Focused
2026-01-10T05:07:53.046006,0.05583053368900437,Focused
2026-01-10T05:07:53.165325,0.1781262974254787,Focused
2026-01-10T05:07:53.270708,0.04498404725891305,Focused
2026-01-10T05:07:53.388352,0.1447369979141513,Focused
2026-01-10T05:07:53.484297,0.14823255213850642,Focused
2026-01-10T05:07:53.579581,0.13052802770398558,Focused
2026-01-10T05:07:53.744254,0.06439599361183354,Focused
2026-01-10T05:07:53.840648,0.08284677129704504,Focused
2026-01-10T05:07:53.949895,0.1016656031977618,Focused
2026-01-10T05:07:54.082267,0.16193850337585902,Focused
2026-01-10T05:07:54.182997,0.14229217068641445,Focused
2026-01-10T05:07:54.279315,0.09730305620323633,Focused
2026-01-10T05:07:54.373455,0.11123825942631811,Focused
2026-01-10T05:07:54.472945,0.1356921782833524,Focused
2026-01-10T05:07:54.606851,0.14728164924308657,Focused
2026-01-10T05:07:54.727818,0.16352071159635673,Focused
2026-01-10T05:07:54.874570,0.19310569885419682,Focused
2026-01-10T05:07:54.988046,0.14693403367127758,Focused
2026-01-10T05:07:55.112395,0.1999173049145611,Focused
2026-01-10T05:07:55.215315,0.1774883511097869,Focused
2026-01-10T05:07:55.309414,0.1991338345804252,Focused
2026-01-10T05:07:55.412463,0.2172005051514134,Focused
2026-01-10T05:07:55.518424,0.2338742894353345,Focused
2026-01-10T05:07:55.623518,0.2528641287062783,Focused
2026-01-10T05:07:55.735782,0.24666601814096792,Focused
2026-01-10T05:07:55.899473,0.2819119711115491,Focused
2026-01-10T05:07:56.029340,0.23298540986143051,Focused
2026-01-10T05:07:56.145747,0.22383316813211424,Focused
2026-01-10T05:07:56.247206,0.22288241896312683,Focused
2026-01-10T05:07:56.341460,0.19552909884369,Focused
2026-01-10T05:07:56.437466,0.22704324070364235,Focused
2026-01-10T05:07:56.533383,0.19509774336765984,Focused
2026-01-10T05:07:56.628392,0.2584803321398795,Focused
2026-01-10T05:07:56.749220,0.24441661742457654,Focused
2026-01-10T05:07:56.844727,0.24629971649846993,Focused
2026-01-10T05:07:57.024173,0.23132073945598677,Focused
2026-01-10T05:07:57.134442,0.1999855119094718,Focused
2026-01-10T05:07:57.249936,0.20346382959687617,Focused
2026-01-10T05:07:57.346165,0.24581884435319806,Focused
2026-01-10T05:07:57.438253,0.1886812504264526,Focused
2026-01-10T05:07:57.543923,0.19292609402909874,Focused
2026-01-10T05:07:57.639012,0.2007655066496227,Focused
2026-01-10T05:07:57.738415,0.2101380944252014,Focused
2026-01-10T05:07:57.829451,0.19310492717777378,Focused
2026-01-10T05:07:57.927109,0.13242922472418286,Focused
2026-01-10T05:07:58.103088,0.18516171664523426,Focused
2026-01-10T05:07:58.227993,0.18303027374204248,Focused
2026-01-10T05:07:58.355614,0.16872034434927624,Focused
2026-01-10T05:07:58.484500,0.16008826838224194,Focused
2026-01-10T05:07:58.605470,0.1890120635915082,Focused
2026-01-10T05:07:58.716671,0.19314899741148112,Focused
2026-01-10T05:07:58.838072,0.1762074218277121,Focused
2026-01-10T05:07:58.953064,0.1794769274391001,Focused
2026-01-10T05:07:59.154566,0.16185497824917547,Focused
2026-01-10T05:07:59.284353,0.17279167251545005,Focused
2026-01-10T05:07:59.399297,0.1374869030667469,Focused
2026-01-10T05:07:59.512100,0.1937728619435802,Focused
2026-01-10T05:07:59.627281,0.20081036193005275,Focused
2026-01-10T05:07:59.728960,0.18207198708259967,Focused
2026-01-10T05:07:59.842529,0.18590205847285687,Focused
2026-01-10T05:07:59.946548,0.18590205847285687,Focused
2026-01-10T05:08:00.059071,0.2531702538282843,Focused
2026-01-10T05:08:00.267869,0.1248531627759803,Focused
2026-01-10T05:08:00.378193,0.1963948036369402,Focused
2026-01-10T05:08:00.492193,0.1601412407850148,Focused
2026-01-10T05:08:00.611067,0.1020276086172089,Focused
2026-01-10T05:08:00.727404,0.1144278324165498,Focused
2026-01-10T05:08:00.843477,0.1590030043851584,Focused
2026-01-10T05:08:00.958256,0.18118034000581246,Focused
2026-01-10T05:08:01.084877,0.13716966225765645,Focused
2026-01-10T05:08:01.210633,0.10061283573450056,Focused
2026-01-10T05:08:01.397402,0.10527227479033172,Focused
2026-01-10T05:08:01.497341,0.13826442513964138,Focused
2026-01-10T05:08:01.593170,0.15928838168329093,Focused
2026-01-10T05:08:01.697600,0.1283193181734532,Focused
2026-01-10T05:08:01.801397,0.10648643140448258,Focused
2026-01-10T05:08:01.918274,0.11107645555457565,Focused
2026-01-10T05:08:02.016626,0.13918634413857944,Focused
2026-01-10T05:08:02.119876,0.12663346253102645,Focused
2026-01-10T05:08:02.244078,0.15716447464656086,Focused
2026-01-10T05:08:02.455401,0.16148273696016985,Focused
2026-01-10T05:08:02.568523,0.14847818377311342,Focused
2026-01-10T05:08:02.685531,0.14144737781898586,Focused
2026-01-10T05:08:02.801170,0.15686249063292051,Focused
2026-01-10T05:08:02.928698,0.1594213952252176,Focused
2026-01-10T05:08:03.050706,0.13637823775643482,Focused
2026-01-10T05:08:03.162967,0.1293746073206421,Focused
2026-01-10T05:08:03.287789,0.1475815869634971,Focused
2026-01-10T05:08:03.458421,0.1402017412474379,Focused
2026-01-10T05:08:03.589398,0.13553132605156862,Focused
2026-01-10T05:08:03.701940,0.13350603608123493,Focused
2026-01-10T05:08:03.818399,0.1292638119775802,Focused
2026-01-10T05:08:03.930452,0.13861295327078552,Focused
2026-01-10T05:08:04.045128,0.14306661321897993,Focused
2026-01-10T05:08:04.150617,0.1771501913870452,Focused
2026-01-10T05:08:04.266472,0.18724415207980202,Focused
2026-01-10T05:08:04.400347,0.1655006251181476,Focused
2026-01-10T05:08:04.606017,0.15924491931218654,Focused
2026-01-10T05:08:04.718296,0.12086492064408957,Focused
2026-01-10T05:08:04.840218,0.14642989552812652,Focused
2026-01-10T05:08:04.952343,0.15593013859761412,Focused
2026-01-10T05:08:05.076280,0.16019301001215352,Focused
2026-01-10T05:08:05.185993,0.16576755514397518,Focused
2026-01-10T05:08:05.301159,0.20188628557370975,Focused
2026-01-10T05:08:05.428082,0.18979763971001376,Focused
2026-01-10T05:08:05.551456,0.1928227243741276,Focused
2026-01-10T05:08:05.755702,0.20651547308370935,Focused
2026-01-10T05:08:05.876401,0.17613026535836981,Focused
2026-01-10T05:08:05.990564,0.19124823971069416,Focused
2026-01-10T05:08:06.108348,0.1848464499518741,Focused
2026-01-10T05:08:06.221573,0.18345961211598477,Focused
2026-01-10T05:08:06.331634,0.1924723838455975,Focused
2026-01-10T05:08:06.446828,0.19639700670377352,Focused
2026-01-10T05:08:06.562694,0.1992742085363716,Focused
2026-01-10T05:08:06.684224,0.21128905885852872,Focused
2026-01-10T05:08:06.894024,0.20241542984731495,Focused
2026-01-10T05:08:07.015066,0.19170272158808074,Focused
2026-01-10T05:08:07.138414,0.20384833937278019,Focused
2026-01-10T05:08:07.255575,0.1941699433722533,Focused
2026-01-10T05:08:07.365140,0.19584847283549606,Focused
2026-01-10T05:08:07.481520,0.19755866607883946,Focused
2026-01-10T05:08:07.597390,0.17582755209878084,Focused
2026-01-10T05:08:07.716776,0.14359080245776568,Focused
2026-01-10T05:08:07.920513,0.16218836089537947,Focused
2026-01-10T05:08:08.040472,0.10688268994563259,Focused
2026-01-10T05:08:08.156677,0.09743100159394089,Focused
2026-01-10T05:08:08.274903,0.11528196248982567,Focused
2026-01-10T05:08:08.393980,0.11751330648403381,Focused
2026-01-10T05:08:08.509076,0.16046932455938076,Focused
2026-01-10T05:08:08.625681,0.17443673159577883,Focused
2026-01-10T05:08:08.736876,0.18839588504924906,Focused
2026-01-10T05:08:08.842851,0.12806492280506063,Focused
2026-01-10T05:08:09.034103,0.12806492280506063,Focused
2026-01-10T05:08:09.154521,0.1906051356345415,Focused
2026-01-10T05:08:09.270072,0.21556758706865364,Focused
2026-01-10T05:08:09.376484,0.15065445204963906,Focused
2026-01-10T05:08:09.518842,0.13308512820512988,Focused
2026-01-10T05:08:09.655362,0.10412863854435271,Focused
2026-01-10T05:08:09.771220,0.09058241919847206,Focused
2026-01-10T05:08:09.872975,0.09658616225933657,Focused
2026-01-10T05:08:10.007306,0.10207398688071406,Focused
2026-01-10T05:08:10.137095,0.10797919286997057,Focused
2026-01-10T05:08:10.256374,0.09922365894162795,Focused
2026-01-10T05:08:10.360424,0.12171318281907588,Focused
2026-01-10T05:08:10.461633,0.1231845429225359,Focused
2026-01-10T05:08:10.572806,0.11567786590894684,Focused
2026-01-10T05:08:10.679498,0.15492652624379843,Focused
2026-01-10T05:08:10.797570,0.14624170882161705,Focused
2026-01-10T05:08:10.898836,0.1282708830811316,Focused
2026-01-10T05:08:11.033118,0.15332965331617743,Focused
2026-01-10T05:08:11.218161,0.14424641330260785,Focused
2026-01-10T05:08:11.329325,0.18169173340138514,Focused
2026-01-10T05:08:11.434341,0.1378285148879513,Focused
2026-01-10T05:08:11.547307,0.12607929495570713,Focused
2026-01-10T05:08:11.659657,0.1275144122366328,Focused
2026-01-10T05:08:11.793626,0.1922710659535369,Focused
2026-01-10T05:08:11.919094,0.19011644587153567,Focused
2026-01-10T05:08:12.052488,0.1774216919133323,Focused
2026-01-10T05:08:12.243186,0.1916497735044686,Focused
2026-01-10T05:08:12.354661,0.1972494508634554,Focused
2026-01-10T05:08:12.463428,0.22758133340394124,Focused
2026-01-10T05:08:12.596531,0.2534409005806083,Focused
2026-01-10T05:08:12.718683,0.1805431276850868,Focused
2026-01-10T05:08:12.852235,0.19170795248355715,Focused
2026-01-10T05:08:12.993732,0.17943147796031553,Focused
2026-01-10T05:08:13.134150,0.2109683891059831,Focused
2026-01-10T05:08:13.328060,0.19791102794115434,Focused
2026-01-10T05:08:13.454253,0.17337656410090857,Focused
2026-01-10T05:08:13.576494,0.16312514312157872,Focused
2026-01-10T05:08:13.710808,0.1717153691162821,Focused
2026-01-10T05:08:13.830257,0.16545632665511217,Focused
2026-01-10T05:08:13.958962,0.15909802187525202,Focused
2026-01-10T05:08:14.081285,0.2297145393269602,Focused
2026-01-10T05:08:14.184009,0.2313132794952253,Focused
2026-01-10T05:08:14.292196,0.19466924650187137,Focused
2026-01-10T05:08:14.454153,0.19466924650187137,Focused
2026-01-10T05:08:14.552980,0.21822679053875618,Focused
2026-01-10T05:08:14.659781,0.18670332987094296,Focused
2026-01-10T05:08:14.780507,0.1783250061183935,Focused
2026-01-10T05:08:14.898553,0.17037832715723197,Focused
2026-01-10T05:08:15.017581,0.17745018071145752,Focused
2026-01-10T05:08:15.153608,0.1863209328643279,Focused
2026-01-10T05:08:15.258574,0.18020935298409313,Focused
2026-01-10T05:08:15.358755,0.17262683611770627,Focused
2026-01-10T05:08:15.533333,0.1792281303583877,Focused
2026-01-10T05:08:15.632497,0.1734476507961517,Focused
2026-01-10T05:08:15.744751,0.1794724646548275,Focused
2026-01-10T05:08:15.846727,0.16170732016616968,Focused
2026-01-10T05:08:15.950812,0.16555382260412443,Focused
2026-01-10T05:08:16.065624,0.17831785226007923,Focused
2026-01-10T05:08:16.189990,0.1737618913000915,Focused
2026-01-10T05:08:16.292706,0.17052971313969464,Focused
2026-01-10T05:08:16.398165,0.17088822269579396,Focused
2026-01-10T05:08:16.554356,0.1364880248424015,Focused
2026-01-10T05:08:16.679360,0.08752288284449605,Focused
2026-01-10T05:08:16.792663,0.09298589210666251,Focused
2026-01-10T05:08:16.901010,0.10286623314314056,Focused
2026-01-10T05:08:17.008455,0.17465013438632013,Focused
2026-01-10T05:08:17.121878,0.19251368807017571,Focused
2026-01-10T05:08:17.242864,0.1655101429700153,Focused
2026-01-10T05:08:17.342191,0.15695779608213342,Focused
2026-01-10T05:08:17.437933,0.15530204574170053,Focused
2026-01-10T05:08:17.541204,0.1442028199409833,Focused
2026-01-10T05:08:17.719779,0.1383207358245272,Focused
2026-01-10T05:08:17.824392,0.15641963516827673,Focused
2026-01-10T05:08:17.928877,0.16710250335745513,Focused
2026-01-10T05:08:18.031585,0.1760727746412158,Focused
2026-01-10T05:08:18.135116,0.15674475104315208,Focused
2026-01-10T05:08:18.261536,0.15437672703992575,Focused
2026-01-10T05:08:18.371967,0.1636506241746247,Focused
2026-01-10T05:08:18.466457,0.18160446081892587,Focused
2026-01-10T05:08:18.582038,0.16526949930121193,Focused
2026-01-10T05:08:18.680094,0.18066827280854342,Focused
2026-01-10T05:08:18.840514,0.19287372701219282,Focused
2026-01-10T05:08:18.949117,0.175386827084003,Focused
2026-01-10T05:08:19.051527,0.18086909518169705,Focused
2026-01-10T05:08:19.166926,0.18086909518169705,Focused
2026-01-10T05:08:19.293705,0.18624960780725813,Focused
2026-01-10T05:08:19.405724,0.18932767689693716,Focused
2026-01-10T05:08:19.510179,0.17273916748235935,Focused
2026-01-10T05:08:19.619679,0.16876947059063244,Focused
2026-01-10T05:08:19.718044,0.19286889656505082,Focused
2026-01-10T05:08:19.908625,0.18339211676211561,Focused
2026-01-10T05:08:20.019376,0.2006877251144033,Focused
2026-01-10T05:08:20.130860,0.18488308610976673,Focused
2026-01-10T05:08:20.240239,0.2176955107221147,Focused
2026-01-10T05:08:20.350285,0.2167045430483995,Focused
2026-01-10T05:08:20.446017,0.22447256914456376,Focused
2026-01-10T05:08:20.563982,0.24338434588571545,Focused
2026-01-10T05:08:20.690086,0.2622393918514717,Focused
2026-01-10T05:08:20.799304,0.25839479606656823,Focused
2026-01-10T05:08:21.007971,0.26651742617832497,Focused
2026-01-10T05:08:21.121408,0.2621141385927331,Focused
2026-01-10T05:08:21.235196,0.22866788018727677,Focused
2026-01-10T05:08:21.358712,0.26490445042873034,Focused
2026-01-10T05:08:21.463436,0.24994531770353207,Focused
2026-01-10T05:08:21.569402,0.2753125451345113,Focused
2026-01-10T05:08:21.683848,0.22530806692666375,Focused
2026-01-10T05:08:21.781552,0.22229436137422454,Focused
2026-01-10T05:08:21.877596,0.2031422031664988,Focused
2026-01-10T05:08:21.984490,0.22571622421673965,Focused
2026-01-10T05:08:22.146449,0.2158997933875071,Focused
2026-01-10T05:08:22.259320,0.1887486261752201,Focused
2026-01-10T05:08:22.386988,0.1887486261752201,Focused
2026-01-10T05:08:22.488206,0.17904761812242215,Focused
2026-01-10T05:08:22.594750,0.19172829200397246,Focused
2026-01-10T05:08:22.803225,0.18086345986230298,Focused
2026-01-10T05:08:22.902662,0.17919955036486498,Focused
2026-01-10T05:08:23.033313,0.18038526313030162,Focused
2026-01-10T05:08:23.236831,0.2566759036446456,Focused
2026-01-10T05:08:23.343531,0.26224076640792193,Focused
2026-01-10T05:08:23.502705,0.2558513961819699,Focused
2026-01-10T05:08:23.618058,0.2336314650659915,Focused
2026-01-10T05:08:23.715874,0.16021312420925823,Focused
2026-01-10T05:08:23.808778,0.16686750430380926,Focused
2026-01-10T05:08:23.904019,0.15798040371737443,Focused
2026-01-10T05:08:24.000078,0.2526369313942269,Focused
2026-01-10T05:08:24.092275,0.22186211659573019,Focused
2026-01-10T05:08:24.324267,0.19747884513344616,Focused
2026-01-10T05:08:24.423683,0.20490270251175388,Focused
2026-01-10T05:08:24.526414,0.21147931294399314,Focused
2026-01-10T05:08:24.627832,0.2045259561855346,Focused
2026-01-10T05:08:24.723903,0.20667047639144587,Focused
2026-01-10T05:08:24.835380,0.21649336307891642,Focused
2026-01-10T05:08:24.938201,0.18877115891082213,Focused
2026-01-10T05:08:25.032872,0.22077490403316916,Focused
2026-01-10T05:08:25.131764,0.21651136103319005,Focused
2026-01-10T05:08:25.239212,0.20889633873011917,Focused
2026-01-10T05:08:25.520718,0.20328380300197751,Focused
2026-01-10T05:08:25.638855,0.25013389596715574,Focused
2026-01-10T05:08:25.737733,0.20031391959928443,Focused
2026-01-10T05:08:25.845377,0.16052154489443637,Focused
2026-01-10T05:08:25.957073,0.20977700359071608,Focused
2026-01-10T05:08:26.058678,0.16764810828026383,Focused
2026-01-10T05:08:26.161970,0.13943304476561025,Focused
2026-01-10T05:08:26.265791,0.10938264427531975,Focused
2026-01-10T05:08:26.367682,0.12428865487454459,Focused
2026-01-10T05:08:26.584701,0.11719478159211576,Focused
2026-01-10T05:08:26.700977,0.08481727904872968,Focused
2026-01-10T05:08:26.839973,0.10201455443748272,Focused
2026-01-10T05:08:26.951729,0.0969002812882536,Focused
2026-01-10T05:08:27.064086,0.0803725316451164,Focused
2026-01-10T05:08:27.147026,0.06759934547353623,Focused
2026-01-10T05:08:27.222728,0.04404231542321213,Focused
2026-01-10T05:08:27.403466,0.0508415382795647,Focused
2026-01-10T05:08:27.478023,0.0848799792351201,Focused
2026-01-10T05:08:27.617846,0.15546047581592576,Focused
2026-01-10T05:08:27.693823,0.17546723472187295,Focused
2026-01-10T05:08:27.892319,0.17784614136617166,Focused
2026-01-10T05:08:27.950562,0.15683520748571028,Focused
2026-01-10T05:08:28.011401,0.14687819008831865,Focused
2026-01-10T05:08:28.086587,0.14687819008831865,Focused
2026-01-10T05:08:28.145201,0.1531220361139276,Focused
2026-01-10T05:08:28.274370,0.19771153283072634,Focused
2026-01-10T05:08:28.441954,0.22966731879423605,Focused
2026-01-10T05:08:28.499559,0.2672790558863199,Focused
2026-01-10T05:08:28.563164,0.2495179260382429,Focused
2026-01-10T05:08:28.621539,0.2863131875070394,Focused
2026-01-10T05:08:28.710662,0.255244033440249,Focused
2026-01-10T05:08:28.788773,0.3387044041897752,Focused
2026-01-10T05:08:28.844860,0.3560566066531464,Focused
2026-01-10T05:08:28.900879,0.31467745087575166,Focused
2026-01-10T05:08:28.957013,0.26283607312507223,Focused
2026-01-10T05:08:29.019307,0.3013051491827355,Focused
2026-01-10T05:08:29.080504,0.29300236341950947,Focused
2026-01-10T05:08:29.162689,0.28379732720932227,Focused
2026-01-10T05:08:29.223291,0.2701892039331142,Focused
2026-01-10T05:08:29.278202,0.27209689319133756,Focused
2026-01-10T05:08:29.334559,0.27209689319133756,Focused
2026-01-10T05:08:29.390980,0.265028275368968,Focused
2026-01-10T05:08:29.445690,0.22154678131919356,Focused
2026-01-10T05:08:29.536787,0.22154678131919356,Focused
2026-01-10T05:08:29.597609,0.15394318274920807,Focused
2026-01-10T05:08:29.661090,0.15256566225434653,Focused
2026-01-10T05:08:29.724659,0.17792418545577673,Focused
2026-01-10T05:08:29.861998,0.21755023472796894,Focused
2026-01-10T05:08:29.922825,0.20869438605441246,Focused
2026-01-10T05:08:29.982807,0.26045980512280953,Focused
2026-01-10T05:08:30.041912,0.2982168214133708,Focused
2026-01-10T05:08:30.102265,0.26911526558251353,Focused
2026-01-10T05:08:30.167131,0.2757697204477153,Focused
2026-01-10T05:08:30.226101,0.2303868029383011,Focused
2026-01-10T05:08:30.286966,0.2124971014985931,Focused
2026-01-10T05:08:33.557302,0.2124971014985931,Focused
2026-01-10T05:08:33.614759,0.19477809293020984,Focused
2026-01-10T05:08:33.699325,0.19477809293020984,Focused
2026-01-10T05:08:33.906392,0.16994863413856365,Focused
2026-01-10T05:08:33.970357,0.24039398856111804,Focused
2026-01-10T05:08:34.034310,0.262187452823855,Focused
2026-01-10T05:08:34.093631,0.2503312546934467,Focused
2026-01-10T05:08:34.159005,0.23571826342085841,Focused
2026-01-10T05:08:34.246364,0.19520683739974629,Focused
2026-01-10T05:08:34.319841,0.1955108299123822,Focused
2026-01-10T05:08:34.396246,0.24530815235048065,Focused
2026-01-10T05:08:34.471384,0.24826622675464022,Focused
2026-01-10T05:08:34.541256,0.23559442004479933,Focused
2026-01-10T05:08:34.615222,0.19365673564898317,Focused
2026-01-10T05:08:34.685589,0.19200570039974993,Focused
2026-01-10T05:08:34.745921,0.2119943776226137,Focused
2026-01-10T05:08:34.807202,0.23211406088084913,Focused
2026-01-10T05:08:34.866488,0.19133333518984727,Focused
2026-01-10T05:08:34.925070,0.24353445133892818,Focused
2026-01-10T05:08:34.985303,0.20555951304268094,Focused
2026-01-10T05:08:35.049327,0.19544730911147778,Focused
2026-01-10T05:08:35.115314,0.24005205874564123,Focused
2026-01-10T05:08:35.227553,0.2114866042509675,Focused
2026-01-10T05:08:35.288797,0.19949317998834887,Focused
2026-01-10T05:08:35.348321,0.20302192870294675,Focused
2026-01-10T05:08:35.408672,0.19130183045926968,Focused
2026-01-10T05:08:35.474320,0.19331753930891862,Focused
2026-01-10T05:08:35.537038,0.21959799794713034,Focused
2026-01-10T05:08:35.602374,0.19534002286964094,Focused
2026-01-10T05:08:35.665471,0.19639045028307006,Focused
2026-01-10T05:08:35.723699,0.2194517520198133,Focused
2026-01-10T05:08:35.790244,0.21647413840400986,Focused
2026-01-10T05:08:35.866822,0.22572208805941046,Focused
2026-01-10T05:08:35.923708,0.23748257030092645,Focused
2026-01-10T05:08:35.988584,0.27440260856819804,Focused
2026-01-10T05:08:36.048274,0.2385737777207396,Focused
2026-01-10T05:08:36.116514,0.1864731405323255,Focused
2026-01-10T05:08:36.177093,0.22264825513630057,Focused
2026-01-10T05:08:36.258058,0.1985783941418049,Focused
2026-01-10T05:08:36.322339,0.20109034882916604,Focused
2026-01-10T05:08:36.388385,0.23702752750832587,Focused
2026-01-10T05:08:36.452013,0.2540986529114889,Focused
2026-01-10T05:08:36.563256,0.2443838593491819,Focused
2026-01-10T05:08:36.674491,0.24474591781327037,Focused
2026-01-10T05:08:36.752041,0.2386807270551799,Focused
2026-01-10T05:08:36.811265,0.23052210378518795,Focused
2026-01-10T05:08:36.870180,0.23975873643648812,Focused
2026-01-10T05:08:36.927808,0.24190206894709265,Focused
2026-01-10T05:08:36.989873,0.2398196744557936,Focused
2026-01-10T05:08:37.053237,0.22249186877452304,Focused
2026-01-10T05:08:37.123147,0.22249186877452304,Focused
2026-01-10T05:08:37.184175,0.22234495217853692,Focused
2026-01-10T05:08:37.245785,0.23291639947274234,Focused
2026-01-10T05:08:37.320319,0.23291639947274234,Focused
2026-01-10T05:08:37.395174,0.2359564664075151,Focused
2026-01-10T05:08:37.455752,0.2359564664075151,Focused
2026-01-10T05:08:37.517696,0.22508728556276764,Focused
2026-01-10T05:08:37.594931,0.20182660089922136,Focused
2026-01-10T05:08:37.660169,0.17995456536591517,Focused
2026-01-10T05:08:37.728446,0.17995456536591517,Focused
2026-01-10T05:08:37.796325,0.2213814409682527,Focused
2026-01-10T05:08:37.858717,0.2213814409682527,Focused
2026-01-10T05:08:37.920992,0.21115177597093862,Focused
2026-01-10T05:08:37.985286,0.22107164432527496,Focused
2026-01-10T05:08:38.055002,0.22942073465674184,Focused
2026-01-10T05:08:38.127385,0.22942073465674184,Focused
2026-01-10T05:08:38.190280,0.20336656933650374,Focused
2026-01-10T05:08:38.275660,0.20336656933650374,Focused
2026-01-10T05:08:38.338823,0.22067343101662118,Focused
2026-01-10T05:08:38.406779,0.18620571512437892,Focused
2026-01-10T05:08:38.490176,0.20806675701751373,Focused
2026-01-10T05:08:38.554816,0.22130960908252748,Focused
2026-01-10T05:08:38.622323,0.20447349572204984,Focused
2026-01-10T05:08:38.686347,0.20447349572204984,Focused
2026-01-10T05:08:38.750584,0.20809161047509406,Focused
2026-01-10T05:08:38.812047,0.19884515494049992,Focused
2026-01-10T05:08:38.877903,0.20829447452852037,Focused
2026-01-10T05:08:38.944087,0.19812691347906367,Focused
2026-01-10T05:08:39.008666,0.19062181662011426,Focused
2026-01-10T05:08:39.065941,0.19062181662011426,Focused
2026-01-10T05:08:39.125925,0.19007151735131628,Focused
2026-01-10T05:08:39.193976,0.186289338208735,Focused
2026-01-10T05:08:39.270139,0.2058028995525092,Focused
2026-01-10T05:08:39.332980,0.2058028995525092,Focused
2026-01-10T05:08:39.414055,0.2067869761318434,Focused
2026-01-10T05:08:39.483201,0.2067869761318434,Focused
2026-01-10T05:08:39.557013,0.1611515839904314,Focused
2026-01-10T05:08:39.627282,0.20070435618108604,Focused
2026-01-10T05:08:39.692798,0.2122652630408993,Focused
2026-01-10T05:08:39.759090,0.22483026566915212,Focused
2026-01-10T05:08:39.825452,0.21038383033592256,Focused
2026-01-10T05:08:39.900546,0.21038383033592256,Focused
2026-01-10T05:08:39.960937,0.21028033036855048,Focused
2026-01-10T05:08:40.024387,0.1886482579720905,Focused
2026-01-10T05:08:40.104222,0.20291877774870956,Focused
2026-01-10T05:08:40.167478,0.20575681714108215,Focused
2026-01-10T05:08:40.232554,0.19916887505678457,Focused
2026-01-10T05:08:40.300204,0.19916887505678457,Focused
2026-01-10T05:08:40.361299,0.1773104492109269,Focused
2026-01-10T05:08:40.424086,0.22357681905123172,Focused
2026-01-10T05:08:40.486611,0.22357681905123172,Focused
2026-01-10T05:08:40.563865,0.2212157416099217,Focused
2026-01-10T05:08:40.636288,0.20758192092762326,Focused
2026-01-10T05:08:40.705905,0.20758192092762326,Focused
2026-01-10T05:08:40.772659,0.2183370419719722,Focused
2026-01-10T05:08:40.835163,0.20486581948935054,Focused
2026-01-10T05:08:40.897703,0.18243282238836403,Focused
2026-01-10T05:08:40.965685,0.19987299168133177,Focused
2026-01-10T05:08:41.030548,0.1817615908308653,Focused
2026-01-10T05:08:41.091507,0.1817615908308653,Focused
2026-01-10T05:08:41.154038,0.18014232757268472,Focused
2026-01-10T05:08:41.218509,0.1785208589339163,Focused
2026-01-10T05:08:41.298348,0.1785208589339163,Focused
2026-01-10T05:08:41.359672,0.19791355672641658,Focused
2026-01-10T05:08:41.423723,0.2134159200824797,Focused
2026-01-10T05:08:41.489420,0.2134159200824797,Focused
2026-01-10T05:08:41.549550,0.20202184366935397,Focused
2026-01-10T05:08:41.611194,0.19013784121489152,Focused
2026-01-10T05:08:41.680299,0.19013784121489152,Focused
2026-01-10T05:08:41.748437,0.19878923660726286,Focused
2026-01-10T05:08:41.813636,0.19131259745045098,Focused
2026-01-10T05:08:41.878745,0.19131259745045098,Focused
2026-01-10T05:08:41.944762,0.18029926355229692,Focused
2026-01-10T05:08:42.040296,0.19964793708204523,Focused
2026-01-10T05:08:42.100144,0.19438371575961355,Focused
2026-01-10T05:08:42.167308,0.20929779297730416,Focused
2026-01-10T05:08:42.229072,0.21138614527008032,Focused
2026-01-10T05:08:42.294481,0.21877813444007188,Focused
2026-01-10T05:08:42.356201,0.2111145536735421,Focused
2026-01-10T05:08:42.420458,0.19089027594891375,Focused
2026-01-10T05:08:42.486729,0.19089027594891375,Focused
2026-01-10T05:08:42.559074,0.182899277182878,Focused
2026-01-10T05:08:42.622887,0.18736717161373237,Focused
2026-01-10T05:08:42.689833,0.19159303366905076,Focused
2026-01-10T05:08:42.750685,0.18952091495157222,Focused
2026-01-10T05:08:42.827391,0.18131514741107824,Focused
2026-01-10T05:08:42.897612,0.18131514741107824,Focused
2026-01-10T05:08:42.960661,0.18463507832202594,Focused
2026-01-10T05:08:43.028057,0.18480080957233438,Focused
2026-01-10T05:08:43.091095,0.18480080957233438,Focused
2026-01-10T05:08:43.150610,0.18262125374749305,Focused
2026-01-10T05:08:43.212739,0.18726867495570332,Focused
2026-01-10T05:08:43.279305,0.18726867495570332,Focused
2026-01-10T05:08:43.344760,0.2149770083167823,Focused
2026-01-10T05:08:43.409290,0.1649192035809392,Focused
2026-01-10T05:08:43.473479,0.1649192035809392,Focused
2026-01-10T05:08:43.532526,0.14950917651003692,Focused
2026-01-10T05:08:43.596094,0.1649014142807573,Focused
2026-01-10T05:08:43.657671,0.23157222575391642,Focused
2026-01-10T05:08:43.723291,0.2217161024280358,Focused
2026-01-10T05:08:43.786197,0.19634464586561082,Focused
2026-01-10T05:08:43.849437,0.21095434000017121,Focused
2026-01-10T05:08:43.918649,0.18277322296053172,Focused
2026-01-10T05:08:43.980482,0.2004627107293345,Focused
2026-01-10T05:08:44.043743,0.18432673877396158,Focused
2026-01-10T05:08:44.104742,0.18818772335653192,Focused
2026-01-10T05:08:44.166741,0.1528347426006803,Focused
2026-01-10T05:08:44.223825,0.18675042131799274,Focused
2026-01-10T05:08:44.295904,0.17362699949881064,Focused
2026-01-10T05:08:44.359718,0.18826374073396435,Focused
2026-01-10T05:08:44.421505,0.17401565882901196,Focused
2026-01-10T05:08:44.489276,0.15509668040904218,Focused
2026-01-10T05:08:44.548891,0.1673287283309037,Focused
2026-01-10T05:08:44.609944,0.16817686262365894,Focused
2026-01-10T05:08:44.671103,0.16463735190336592,Focused
2026-01-10T05:08:44.735859,0.1678623269777745,Focused
2026-01-10T05:08:44.796516,0.15090988682641182,Focused
2026-01-10T05:08:44.858672,0.15572690320550467,Focused
2026-01-10T05:08:44.918633,0.16357183484651616,Focused
2026-01-10T05:08:44.981645,0.16357183484651616,Focused
2026-01-10T05:08:45.044404,0.1754713342234027,Focused
2026-01-10T05:08:45.107244,0.15127586671151222,Focused
2026-01-10T05:08:45.167478,0.15127586671151222,Focused
2026-01-10T05:08:45.227268,0.15544970422197368,Focused
2026-01-10T05:08:45.293143,0.15846574862662238,Focused
2026-01-10T05:08:45.358570,0.15993695608340205,Focused
2026-01-10T05:08:45.449494,0.15967248882516288,Focused
2026-01-10T05:08:45.519972,0.16855993200442754,Focused
2026-01-10T05:08:45.601519,0.16855993200442754,Focused
2026-01-10T05:08:45.667944,0.1644833063124679,Focused
2026-01-10T05:08:45.744567,0.15777512320200915,Focused
2026-01-10T05:08:45.816484,0.16057342342683112,Focused
2026-01-10T05:08:45.878118,0.1522074179491028,Focused
2026-01-10T05:08:45.943917,0.15915713941794818,Focused
2026-01-10T05:08:46.006159,0.1479797090549255,Focused
2026-01-10T05:08:46.077911,0.15163422157638706,Focused
2026-01-10T05:08:46.148497,0.15163422157638706,Focused
2026-01-10T05:08:46.213641,0.1835859449056443,Focused
2026-01-10T05:08:46.275412,0.19147507485467938,Focused
2026-01-10T05:08:46.336258,0.16037506030115764,Focused
2026-01-10T05:08:46.399411,0.15504775979206897,Focused
2026-01-10T05:08:46.463277,0.16191644467762673,Focused
2026-01-10T05:08:46.525012,0.16191644467762673,Focused
2026-01-10T05:08:46.589499,0.16962957021605687,Focused
2026-01-10T05:08:46.652915,0.15258412708644753,Focused
2026-01-10T05:08:46.715508,0.1746956448245328,Focused
2026-01-10T05:08:46.781187,0.1746956448245328,Focused
2026-01-10T05:08:46.841076,0.17179349194047971,Focused
2026-01-10T05:08:46.905950,0.14519388770568184,Focused
2026-01-10T05:08:46.967665,0.15109267559309955,Focused
2026-01-10T05:08:47.032257,0.1548392874537967,Focused
2026-01-10T05:08:47.095389,0.1548392874537967,Focused
2026-01-10T05:08:47.154100,0.208008349967713,Focused
2026-01-10T05:08:47.220998,0.19068039732519537,Focused
2026-01-10T05:08:47.289572,0.18244502652523803,Focused
2026-01-10T05:08:47.357399,0.16921688412840014,Focused
2026-01-10T05:08:47.423188,0.16180277676030524,Focused
2026-01-10T05:08:47.498355,0.16180277676030524,Focused
2026-01-10T05:08:47.558163,0.1646811674552737,Focused
2026-01-10T05:08:47.620924,0.15754681644903032,Focused
2026-01-10T05:08:47.690301,0.16072654917952606,Focused
2026-01-10T05:08:47.760258,0.1650528894708259,Focused
2026-01-10T05:08:47.833731,0.1635879471694352,Focused
2026-01-10T05:08:47.908249,0.1635879471694352,Focused
2026-01-10T05:08:47.976489,0.14964705004240383,Focused
2026-01-10T05:08:48.043021,0.16995981082727665,Focused
2026-01-10T05:08:48.103947,0.15634338158706668,Focused
2026-01-10T05:08:48.165649,0.16478135764191393,Focused
2026-01-10T05:08:48.228227,0.15146892966004089,Focused
2026-01-10T05:08:48.292923,0.15146892966004089,Focused
2026-01-10T05:08:48.388539,0.14988748164323623,Focused
2026-01-10T05:08:48.468382,0.1687902443954954,Focused
2026-01-10T05:08:48.542751,0.14707700644212307,Focused
2026-01-10T05:08:48.623297,0.1506308882846497,Focused
2026-01-10T05:08:48.700057,0.1601514910784317,Focused
2026-01-10T05:08:48.777678,0.16595462964032776,Focused
2026-01-10T05:08:48.850501,0.16218237012508324,Focused
2026-01-10T05:08:48.917680,0.1506801063369494,Focused
2026-01-10T05:08:48.984510,0.1739986131666228,Focused
2026-01-10T05:08:49.058266,0.1698107975127641,Focused
2026-01-10T05:08:49.183720,0.18094548002409283,Focused
2026-01-10T05:08:49.293773,0.17110121542064008,Focused
2026-01-10T05:08:49.471983,0.1645013559551444,Focused
2026-01-10T05:08:49.635495,0.15958316051692237,Focused
2026-01-10T05:08:49.758563,0.1448368961137021,Focused
2026-01-10T05:08:49.874222,0.15424999292881694,Focused
2026-01-10T05:08:50.001526,0.15424999292881694,Focused
2026-01-10T05:08:50.116941,0.18919017859152518,Focused
2026-01-10T05:08:50.248611,0.18487642727559433,Focused
2026-01-10T05:08:50.374271,0.22350685007986612,Focused
2026-01-10T05:08:50.494027,0.2102295145858079,Focused
2026-01-10T05:08:50.723415,0.2119369040679885,Focused
2026-01-10T05:08:50.843874,0.2359337460860843,Focused
2026-01-10T05:08:50.960508,0.22799887420551387,Focused
2026-01-10T05:08:51.074515,0.21164087164215742,Focused
2026-01-10T05:08:51.169338,0.21164087164215742,Focused
2026-01-10T05:08:51.257054,0.22838753180112692,Focused
2026-01-10T05:08:51.352663,0.2124418312567286,Focused
2026-01-10T05:08:51.466932,0.2124418312567286,Focused
2026-01-10T05:08:51.607447,0.23295758734457195,Focused
2026-01-10T05:08:51.804483,0.2623923925682903,Focused
2026-01-10T05:08:51.914817,0.2577000934834359,Focused
2026-01-10T05:08:52.033100,0.2630620796931908,Focused
2026-01-10T05:08:52.147744,0.29194535778951825,Focused
2026-01-10T05:08:52.265887,0.2937185940041672,Focused
2026-01-10T05:08:52.382610,0.2868887395248748,Focused
2026-01-10T05:08:52.496523,0.2555010418669553,Focused
2026-01-10T05:08:52.605992,0.25084840435592926,Focused
2026-01-10T05:08:52.736932,0.26217407511430796,Focused
2026-01-10T05:08:52.898818,0.24376317007117906,Focused
2026-01-10T05:08:53.006082,0.2541187571187038,Focused
2026-01-10T05:08:53.131895,0.25008554808737243,Focused
2026-01-10T05:08:53.244090,0.2572610863688169,Focused
2026-01-10T05:08:53.352276,0.2691046320222086,Focused
2026-01-10T05:08:53.474399,0.22153120416332966,Focused
2026-01-10T05:08:53.599680,0.24723146091564557,Focused
2026-01-10T05:08:53.712557,0.24523749641375617,Focused
2026-01-10T05:08:53.820213,0.23352576251199936,Focused
2026-01-10T05:08:53.997991,0.18612880394794049,Focused
2026-01-10T05:08:54.104004,0.23165983415674415,Focused
2026-01-10T05:08:54.210274,0.2283043119183276,Focused
2026-01-10T05:08:54.322036,0.18286879063816744,Focused
2026-01-10T05:08:54.434306,0.18484498527541293,Focused
2026-01-10T05:08:54.550160,0.2271550190780545,Focused
2026-01-10T05:08:54.658848,0.22321348718542142,Focused
2026-01-10T05:08:54.771349,0.1812597839452792,Focused
2026-01-10T05:08:54.874446,0.17208657767041585,Focused
2026-01-10T05:08:55.063249,0.2753980960871559,Focused
2026-01-10T05:08:55.177531,0.27986908750608563,Focused
2026-01-10T05:08:55.291023,0.2435376274312148,Focused
2026-01-10T05:08:55.401562,0.2962673480447848,Focused
2026-01-10T05:08:55.506449,0.21218250950041692,Focused
2026-01-10T05:08:55.635687,0.2422236494719982,Focused
2026-01-10T05:08:55.768381,0.27186352788703516,Focused
2026-01-10T05:08:55.888885,0.3416532416478731,Focused
2026-01-10T05:08:55.997231,0.3010665483219782,Focused
2026-01-10T05:08:56.181764,0.28729919567122125,Focused
2026-01-10T05:08:56.279204,0.27871685881982555,Focused
2026-01-10T05:08:56.371067,0.29030469938297754,Focused
2026-01-10T05:08:56.468625,0.2408858433365822,Focused
2026-01-10T05:08:56.566238,0.22950552313996012,Focused
2026-01-10T05:08:56.680906,0.22521074308315292,Focused
2026-01-10T05:08:56.775071,0.23551788328622936,Focused
2026-01-10T05:08:56.897013,0.21569944023212884,Focused
2026-01-10T05:08:57.009027,0.26449095603602474,Focused
2026-01-10T05:08:57.116747,0.20512826570193285,Focused
2026-01-10T05:08:57.269050,0.21293303654529155,Focused
2026-01-10T05:08:57.364237,0.1973655035428237,Focused
2026-01-10T05:08:57.460076,0.18686782814911565,Focused
2026-01-10T05:08:57.556733,0.19809690887341277,Focused
2026-01-10T05:08:57.662663,0.1933021035976708,Focused
2026-01-10T05:08:57.763681,0.262579267314868,Focused
2026-01-10T05:08:57.867298,0.262579267314868,Focused
2026-01-10T05:08:57.967826,0.2043983871350065,Focused
2026-01-10T05:08:58.071397,0.11310305278166197,Focused
2026-01-10T05:08:58.161247,0.196815819980111,Focused
2026-01-10T05:08:58.349283,0.16148609672673045,Focused
2026-01-10T05:08:58.444382,0.1711885759345023,Focused
2026-01-10T05:08:58.538589,0.20253264220664277,Focused
2026-01-10T05:08:58.634426,0.18536553698941133,Focused
2026-01-10T05:08:58.738453,0.18536553698941133,Focused
2026-01-10T05:08:58.844258,0.186700130943791,Focused
2026-01-10T05:08:58.967419,0.1285481533792336,Focused
2026-01-10T05:08:59.083034,0.15779020234476776,Focused
2026-01-10T05:08:59.175247,0.17153015285148285,Focused
2026-01-10T05:08:59.269639,0.17163822734728454,Focused
2026-01-10T05:08:59.452516,0.15404679441126065,Focused
2026-01-10T05:08:59.554600,0.22765664318285417,Focused
2026-01-10T05:08:59.649534,0.22471907763974744,Focused
2026-01-10T05:08:59.756540,0.18664306696737185,Focused
2026-01-10T05:08:59.877208,0.20191640168777666,Focused
2026-01-10T05:08:59.993556,0.16111500840634108,Focused
2026-01-10T05:09:00.119920,0.1897692896425724,Focused
2026-01-10T05:09:00.237574,0.21692801937460898,Focused
2026-01-10T05:09:00.332511,0.2045185711234808,Focused
2026-01-10T05:09:00.517397,0.22459505125880241,Focused
2026-01-10T05:09:00.613777,0.2241833409294486,Focused
2026-01-10T05:09:00.706031,0.1968112550675869,Focused
2026-01-10T05:09:00.822586,0.20356368217617274,Focused
2026-01-10T05:09:00.933623,0.15788323739543556,Focused
2026-01-10T05:09:01.058602,0.19743595197796823,Focused
2026-01-10T05:09:01.171420,0.17766012297943234,Focused
2026-01-10T05:09:01.265325,0.15888123195618392,Focused
2026-01-10T05:09:01.362292,0.17964495513588188,Focused
2026-01-10T05:09:01.455101,0.17324608443304898,Focused
2026-01-10T05:09:01.638015,0.19506021598353981,Focused
2026-01-10T05:09:01.732736,0.15827955510467293,Focused
2026-01-10T05:09:01.846364,0.17187808323651552,Focused
2026-01-10T05:09:01.947936,0.1935974506661296,Focused
2026-01-10T05:09:02.062407,0.16710726004093884,Focused
2026-01-10T05:09:02.156075,0.15370504818856714,Focused
2026-01-10T05:09:02.255724,0.1640721844509244,Focused
2026-01-10T05:09:02.358042,0.18072355301119386,Focused
2026-01-10T05:09:02.465125,0.17258347487077116,Focused
2026-01-10T05:09:02.576796,0.1868170495145023,Focused
2026-01-10T05:09:02.744161,0.1734525855630636,Focused
2026-01-10T05:09:02.860672,0.16461468022316694,Focused
2026-01-10T05:09:02.981138,0.19464116245508195,Focused
2026-01-10T05:09:03.104666,0.18322596652433276,Focused
2026-01-10T05:09:03.199475,0.2304105805698782,Focused
2026-01-10T05:09:03.293731,0.19474616264924408,Focused
2026-01-10T05:09:03.386966,0.1885297688189894,Focused
2026-01-10T05:09:03.493948,0.20212469352409246,Focused
2026-01-10T05:09:03.592406,0.19421891071833672,Focused
2026-01-10T05:09:03.785954,0.17487405561842023,Focused
2026-01-10T05:09:03.903573,0.1870384338311851,Focused
2026-01-10T05:09:04.027178,0.19840947636403142,Focused
2026-01-10T05:09:04.129740,0.16136702578514814,Focused
2026-01-10T05:09:04.227632,0.18264229930937287,Focused
2026-01-10T05:09:04.335071,0.18276358582079408,Focused
2026-01-10T05:09:04.429931,0.16614219564944502,Focused
2026-01-10T05:09:04.537324,0.15287413103505967,Focused
2026-01-10T05:09:04.634590,0.1730182336177677,Focused
2026-01-10T05:09:04.735261,0.1730182336177677,Focused
2026-01-10T05:09:04.945493,0.15709846327081323,Focused
2026-01-10T05:09:05.060809,0.1566615247633308,Focused
2026-01-10T05:09:05.178153,0.16909620789811014,Focused
2026-01-10T05:09:05.269912,0.1845135245122947,Focused
2026-01-10T05:09:05.375447,0.18812067585531622,Focused
2026-01-10T05:09:05.474024,0.17252069814130663,Focused
2026-01-10T05:09:05.584143,0.19865847956389188,Focused
2026-01-10T05:09:05.677003,0.19927015809807924,Focused
2026-01-10T05:09:05.783142,0.19927015809807924,Focused
2026-01-10T05:09:05.963280,0.20511246104724706,Focused
2026-01-10T05:09:06.070688,0.22496227761730553,Focused
2026-01-10T05:09:06.166024,0.24916352904401717,Focused
2026-01-10T05:09:06.276018,0.2214543453184888,Focused
2026-01-10T05:09:06.388822,0.262735267332755,Focused
2026-01-10T05:09:06.487192,0.2432301391614601,Focused
2026-01-10T05:09:06.597413,0.2373022701125592,Focused
2026-01-10T05:09:06.690673,0.22367505370639265,Focused
2026-01-10T05:09:06.794297,0.23805163451470435,Focused
2026-01-10T05:09:06.890544,0.21909568603150545,Focused
2026-01-10T05:09:07.084269,0.2296579660149291,Focused
2026-01-10T05:09:07.197992,0.22337169845122842,Focused
2026-01-10T05:09:07.316376,0.2042064629960805,Focused
2026-01-10T05:09:07.413149,0.2327557498705573,Focused
2026-01-10T05:09:07.507063,0.2327557498705573,Focused
2026-01-10T05:09:07.603989,0.20388807029230518,Focused
2026-01-10T05:09:07.709597,0.22105337959947066,Focused
2026-01-10T05:09:07.798368,0.20632384062046186,Focused
2026-01-10T05:09:07.891221,0.18329952543135733,Focused
2026-01-10T05:09:07.985859,0.19816015890100971,Focused
2026-01-10T05:09:08.193561,0.2023584085982293,Focused
2026-01-10T05:09:08.301388,0.18462285302230158,Focused
2026-01-10T05:09:08.393762,0.15929891042178496,Focused
2026-01-10T05:09:08.495040,0.15929891042178496,Focused
2026-01-10T05:09:08.598774,0.18774621129268781,Focused
2026-01-10T05:09:08.700531,0.19446806971100158,Focused
2026-01-10T05:09:08.796041,0.19676591301104052,Focused
2026-01-10T05:09:08.903201,0.18370562305208296,Focused
2026-01-10T05:09:09.006647,0.2073287030449137,Focused
2026-01-10T05:09:09.109533,0.2130010800436139,Focused
2026-01-10T05:09:09.311359,0.17619384629651902,Focused
2026-01-10T05:09:09.414418,0.19046042630216106,Focused
2026-01-10T05:09:09.542649,0.1920834538526833,Focused
2026-01-10T05:09:09.675374,0.15963751524686814,Focused
2026-01-10T05:09:09.777610,0.17730854125111364,Focused
2026-01-10T05:09:09.889848,0.2067255717003718,Focused
2026-01-10T05:09:09.985392,0.18870014596031978,Focused
2026-01-10T05:09:10.090260,0.19108229007106275,Focused
2026-01-10T05:09:10.191403,0.18891104343929327,Focused
2026-01-10T05:09:10.389326,0.18246487582218832,Focused
2026-01-10T05:09:10.484967,0.19294035254570188,Focused
2026-01-10T05:09:10.594039,0.18310947791615034,Focused
2026-01-10T05:09:10.690384,0.1925718514510663,Focused
2026-01-10T05:09:10.791818,0.1925718514510663,Focused
2026-01-10T05:09:10.896153,0.2060118683206383,Focused
2026-01-10T05:09:11.003103,0.1880606376333162,Focused
2026-01-10T05:09:11.105875,0.20478999026236122,Focused
2026-01-10T05:09:11.200544,0.28285259276744906,Focused
2026-01-10T05:09:11.304088,0.2781318895635195,Focused
2026-01-10T05:09:11.506307,0.27592565948434644,Focused
2026-01-10T05:09:11.624986,0.34379000855842606,Focused
2026-01-10T05:09:11.719877,0.3321888528065756,Focused
2026-01-10T05:09:11.824772,0.3058164874848444,Focused
2026-01-10T05:09:11.925073,0.31550233616144396,Focused
2026-01-10T05:09:12.021333,0.2946847799757961,Focused
2026-01-10T05:09:12.124740,0.3064648060244508,Focused
2026-01-10T05:09:12.231347,0.28882915051071906,Focused
2026-01-10T05:09:12.345340,0.29022187070222566,Focused
2026-01-10T05:09:12.449423,0.2797326514089946,Focused
2026-01-10T05:09:12.619698,0.3245055364677683,Focused
2026-01-10T05:09:12.720701,0.35437190824886783,Focused
2026-01-10T05:09:12.823364,0.27171509896870705,Focused
2026-01-10T05:09:12.922073,0.3198879447911167,Focused
2026-01-10T05:09:13.029920,0.3039079184323782,Focused
2026-01-10T05:09:13.136019,0.3237175967427902,Focused
2026-01-10T05:09:13.258449,0.29410762386978606,Focused
2026-01-10T05:09:13.397954,0.3010216186172329,Focused
2026-01-10T05:09:13.523297,0.2842083450232167,Focused
2026-01-10T05:09:13.709446,0.31642429140629247,Focused
2026-01-10T05:09:13.801125,0.28628749169874934,Focused
2026-01-10T05:09:13.906081,0.2668175539933145,Focused
2026-01-10T05:09:14.005043,0.31266317793633785,Focused
2026-01-10T05:09:14.099782,0.2807407407322899,Focused
2026-01-10T05:09:14.203799,0.2738950854865834,Focused
2026-01-10T05:09:14.310394,0.25853796614683233,Focused
2026-01-10T05:09:14.434949,0.27287039695656856,Focused
2026-01-10T05:09:14.569607,0.2825951687933412,Focused
2026-01-10T05:09:14.734814,0.3153268291091081,Focused
2026-01-10T05:09:14.837823,0.28272202200605534,Focused
2026-01-10T05:09:14.902859,0.3089991823129822,Focused
2026-01-10T05:09:14.969482,0.31283511872752573,Focused
2026-01-10T05:09:15.033795,0.3214463121723384,Focused
2026-01-10T05:09:15.096231,0.3214463121723384,Focused
2026-01-10T05:09:15.160708,0.2775983108673245,Focused
2026-01-10T05:09:15.235117,0.25314449290744956,Focused
2026-01-10T05:09:15.305553,0.2879829123616219,Focused
2026-01-10T05:09:15.371318,0.24009014608454893,Focused
2026-01-10T05:09:15.435900,0.27760052604426166,Focused
2026-01-10T05:09:15.495245,0.27760052604426166,Focused
2026-01-10T05:09:15.558313,0.25575018528616056,Focused
2026-01-10T05:09:15.618990,0.2801598463323899,Focused
2026-01-10T05:09:15.681489,0.21652996646589598,Focused
2026-01-10T05:09:15.748097,0.21355628086603248,Focused
2026-01-10T05:09:15.813895,0.250074823590694,Focused
2026-01-10T05:09:15.882996,0.21190127034205944,Focused
2026-01-10T05:09:15.951331,0.23436684707412497,Focused
2026-01-10T05:09:16.017865,0.2259621943347156,Focused
2026-01-10T05:09:16.085866,0.21816952232620682,Focused
2026-01-10T05:09:16.155806,0.18962274085497483,Focused
2026-01-10T05:09:16.231790,0.1693679936986882,Focused
2026-01-10T05:09:16.293380,0.17736644262331536,Focused
2026-01-10T05:09:16.353109,0.16144378554890865,Focused
2026-01-10T05:09:16.421697,0.17749663319555112,Focused
2026-01-10T05:09:16.483588,0.1451907129434403,Focused
2026-01-10T05:09:16.546294,0.150086586055113,Focused
2026-01-10T05:09:16.614508,0.1592608986713458,Focused
2026-01-10T05:09:16.674620,0.17987575883744286,Focused
2026-01-10T05:09:16.734053,0.16963422384578736,Focused
2026-01-10T05:09:16.795013,0.15400286031072027,Focused
2026-01-10T05:09:16.856016,0.1678444790712092,Focused
2026-01-10T05:09:16.920516,0.15986068528145553,Focused
2026-01-10T05:09:16.979673,0.14972110210801473,Focused
2026-01-10T05:09:17.044422,0.194401244452456,Focused
2026-01-10T05:09:17.105107,0.163198783446569,Focused
2026-01-10T05:09:17.167565,0.17663871303084305,Focused
2026-01-10T05:09:17.229606,0.16701097833865788,Focused
2026-01-10T05:09:17.289844,0.15155364979873412,Focused
2026-01-10T05:09:17.357373,0.15155364979873412,Focused
2026-01-10T05:09:17.419573,0.16165708558401093,Focused
2026-01-10T05:09:17.481176,0.16594839515164495,Focused
2026-01-10T05:09:17.542859,0.15363256496202665,Focused
2026-01-10T05:09:17.610500,0.15363256496202665,Focused
2026-01-10T05:09:17.672464,0.16020525589119644,Focused
2026-01-10T05:09:17.733243,0.18514009512146,Focused
2026-01-10T05:09:17.793332,0.16667509607505052,Focused
2026-01-10T05:09:17.852613,0.17165785807883366,Focused
2026-01-10T05:09:17.914239,0.17165785807883366,Focused
2026-01-10T05:09:17.973227,0.17817019963986241,Focused
2026-01-10T05:09:18.057366,0.1940225396421738,Focused
2026-01-10T05:09:18.124601,0.1780891361820977,Focused
2026-01-10T05:09:18.187231,0.16552298021269962,Focused
2026-01-10T05:09:18.250769,0.16354235420003532,Focused
2026-01-10T05:09:18.312817,0.16354235420003532,Focused
2026-01-10T05:09:18.370932,0.1559752694913186,Focused
2026-01-10T05:09:18.433122,0.17544988953450227,Focused
2026-01-10T05:09:18.497704,0.13737364983535372,Focused
2026-01-10T05:09:18.559999,0.10080195766640827,Focused
2026-01-10T05:09:18.620182,0.13521103792008946,Focused
2026-01-10T05:09:18.685731,0.13521103792008946,Focused
2026-01-10T05:09:18.747984,0.1520929087884724,Focused
2026-01-10T05:09:18.809453,0.15812130309641362,Focused
2026-01-10T05:09:18.868397,0.15812130309641362,Focused
2026-01-10T05:09:18.933626,0.15817781407386064,Focused
2026-01-10T05:09:18.994520,0.13043271200731396,Focused
2026-01-10T05:09:19.055983,0.13043271200731396,Focused
2026-01-10T05:09:19.119056,0.13825444999965839,Focused
2026-01-10T05:09:19.191322,0.13331002562772482,Focused
2026-01-10T05:09:19.259331,0.13687125060241667,Focused
2026-01-10T05:09:19.325118,0.14155557812191547,Focused
2026-01-10T05:09:19.388280,0.15574249881319702,Focused
2026-01-10T05:09:19.450772,0.13380996459163724,Focused
2026-01-10T05:09:19.508151,0.15189186855568548,Focused
2026-01-10T05:09:19.567971,0.1502851550001651,Focused
2026-01-10T05:09:19.629904,0.1424485723255202,Focused
2026-01-10T05:09:19.692653,0.16124259119969792,Focused
2026-01-10T05:09:19.755330,0.1602598437835695,Focused
2026-01-10T05:09:19.816203,0.11979991528205573,Focused
2026-01-10T05:09:19.878297,0.13299871357157828,Focused
2026-01-10T05:09:19.940928,0.16099579713772982,Focused
2026-01-10T05:09:19.997895,0.15611786325462162,Focused
2026-01-10T05:09:20.062621,0.15701760300435127,Focused
2026-01-10T05:09:20.129505,0.13843752536922693,Focused
2026-01-10T05:09:20.200471,0.1420731317484751,Focused
2026-01-10T05:09:20.269241,0.14270003768615422,Focused
2026-01-10T05:09:20.343278,0.14784984283614902,Focused
2026-01-10T05:09:20.405506,0.16480057722656055,Focused
2026-01-10T05:09:20.465110,0.15993764966260643,Focused
2026-01-10T05:09:20.530619,0.15378135554492472,Focused
2026-01-10T05:09:20.600832,0.14880289835855365,Focused
2026-01-10T05:09:20.667233,0.15890783446375278,Focused
2026-01-10T05:09:20.731375,0.1666639086091891,Focused
2026-01-10T05:09:20.796837,0.1666639086091891,Focused
2026-01-10T05:09:20.858462,0.15343265503179282,Focused
2026-01-10T05:09:20.922572,0.15622376804240048,Focused
2026-01-10T05:09:20.987780,0.15622376804240048,Focused
2026-01-10T05:09:21.053781,0.1323255590396002,Focused
2026-01-10T05:09:21.118480,0.10683662765659392,Focused
2026-01-10T05:09:21.186461,0.10683662765659392,Focused
2026-01-10T05:09:21.249984,0.13731853803619742,Focused
2026-01-10T05:09:21.321741,0.1522803880739957,Focused
2026-01-10T05:09:21.396793,0.1522803880739957,Focused
2026-01-10T05:09:21.471345,0.1709654800593853,Focused
2026-01-10T05:09:21.544300,0.16803544842405246,Focused
2026-01-10T05:09:21.617965,0.16475110666360707,Focused
2026-01-10T05:09:21.695132,0.1745589760830626,Focused
2026-01-10T05:09:21.766931,0.17898590527474884,Focused
2026-01-10T05:09:21.845416,0.13542427294887602,Focused
2026-01-10T05:09:21.915197,0.1517028238158673,Focused
2026-01-10T05:09:21.975875,0.16570650755893437,Focused
2026-01-10T05:09:22.049175,0.1556444525718689,Focused
2026-01-10T05:09:22.114483,0.15393622606061397,Focused
2026-01-10T05:09:22.179853,0.1725013679359108,Focused
2026-01-10T05:09:22.250486,0.16537826312705872,Focused
2026-01-10T05:09:22.325217,0.15041518330108375,Focused
2026-01-10T05:09:22.398696,0.1588446343317628,Focused
2026-01-10T05:09:22.468574,0.14912334682885559,Focused
2026-01-10T05:09:22.540844,0.13614100518170744,Focused
2026-01-10T05:09:22.603361,0.161688482016325,Focused
2026-01-10T05:09:22.673620,0.12961332187987865,Focused
2026-01-10T05:09:22.737651,0.14622036708751693,Focused
2026-01-10T05:09:22.809014,0.16765937907621264,Focused
2026-01-10T05:09:22.879463,0.16765937907621264,Focused
2026-01-10T05:09:22.942607,0.13900070872623474,Focused
2026-01-10T05:09:23.006547,0.13900070872623474,Focused
2026-01-10T05:09:23.069154,0.15398309853626413,Focused
2026-01-10T05:09:23.139646,0.13828377178870144,Focused
2026-01-10T05:09:23.211412,0.1544164928374812,Focused
2026-01-10T05:09:23.284782,0.1544164928374812,Focused
2026-01-10T05:09:23.372484,0.1312802813015878,Focused
2026-01-10T05:09:23.445372,0.1312802813015878,Focused
2026-01-10T05:09:23.512584,0.15517187071964145,Focused
2026-01-10T05:09:23.589441,0.15043187201954425,Focused
2026-01-10T05:09:23.660353,0.12430664738640189,Focused
2026-01-10T05:09:23.729601,0.12034296130295842,Focused
2026-01-10T05:09:23.795019,0.13994668666273355,Focused
2026-01-10T05:09:23.861166,0.13994668666273355,Focused
2026-01-10T05:09:23.931812,0.14002294249366967,Focused
2026-01-10T05:09:24.005116,0.1496907849796116,Focused
2026-01-10T05:09:24.076777,0.1419192660599947,Focused
2026-01-10T05:09:24.150043,0.13456898869480938,Focused
2026-01-10T05:09:24.213357,0.12943759923800824,Focused
2026-01-10T05:09:24.276289,0.12943759923800824,Focused
2026-01-10T05:09:24.333892,0.11746008507907389,Focused
2026-01-10T05:09:24.397698,0.1348101282957941,Focused
2026-01-10T05:09:24.469434,0.13869397593662144,Focused
2026-01-10T05:09:24.533291,0.12528392113745213,Focused
2026-01-10T05:09:24.598044,0.13379837695974856,Focused
2026-01-10T05:09:24.665818,0.13379837695974856,Focused
2026-01-10T05:09:24.732670,0.13447572612203657,Focused
2026-01-10T05:09:24.799959,0.12596602619159966,Focused
2026-01-10T05:09:24.856736,0.13858803366310893,Focused
2026-01-10T05:09:24.921051,0.11332911918871104,Focused
2026-01-10T05:09:24.985955,0.1529202322475612,Focused
2026-01-10T05:09:25.048265,0.1529202322475612,Focused
2026-01-10T05:09:25.105420,0.12717196685262025,Focused
2026-01-10T05:09:25.168671,0.13000654887873678,Focused
2026-01-10T05:09:25.230846,0.13496630222070963,Focused
2026-01-10T05:09:25.292840,0.13496630222070963,Focused
2026-01-10T05:09:25.356383,0.13685786386486143,Focused
2026-01-10T05:09:25.423097,0.1494678038172424,Focused
2026-01-10T05:09:25.495419,0.14315028744749725,Focused
2026-01-10T05:09:25.556260,0.1328865395858884,Focused
2026-01-10T05:09:25.619193,0.1328865395858884,Focused
2026-01-10T05:09:25.686865,0.13797264774329962,Focused
2026-01-10T05:09:25.747765,0.13108993805944918,Focused
2026-01-10T05:09:25.811523,0.13494016653858124,Focused
2026-01-10T05:09:25.880428,0.13126131147146225,Focused
2026-01-10T05:09:25.946143,0.13930451022461054,Focused
2026-01-10T05:09:26.012342,0.13510991109069437,Focused
2026-01-10T05:09:26.073798,0.1147267285734415,Focused
2026-01-10T05:09:26.132148,0.12504548178985714,Focused
2026-01-10T05:09:26.194831,0.11189194801263512,Focused
2026-01-10T05:09:26.255210,0.12690173690207301,Focused
2026-01-10T05:09:26.312282,0.1236474777921103,Focused
2026-01-10T05:09:26.374589,0.1242846642184304,Focused
2026-01-10T05:09:26.439103,0.10912939918634948,Focused
2026-01-10T05:09:26.501485,0.11431319438852369,Focused
2026-01-10T05:09:26.566723,0.1231073863338679,Focused
2026-01-10T05:09:26.626363,0.13326905146241186,Focused
2026-01-10T05:09:26.686443,0.140954714640975,Focused
2026-01-10T05:09:26.748154,0.1706334830261767,Focused
2026-01-10T05:09:26.813042,0.1706334830261767,Focused
2026-01-10T05:09:26.870968,0.18250612625852225,Focused
2026-01-10T05:09:26.929088,0.18250612625852225,Focused
2026-01-10T05:09:26.996518,0.18348802700638772,Focused
2026-01-10T05:09:27.059385,0.1816466280724853,Focused
2026-01-10T05:09:27.122590,0.17653776118531825,Focused
2026-01-10T05:09:27.180425,0.17653776118531825,Focused
2026-01-10T05:09:27.235673,0.16186186438426375,Focused
2026-01-10T05:09:27.293205,0.17350515834987165,Focused
2026-01-10T05:09:27.352624,0.18366933558136225,Focused
2026-01-10T05:09:27.420862,0.19913301705382766,Focused
2026-01-10T05:09:27.477441,0.1944728539325297,Focused
2026-01-10T05:09:27.539776,0.1945750297512859,Focused
2026-01-10T05:09:27.605481,0.18022888442501425,Focused
2026-01-10T05:09:27.666290,0.1897320746444166,Focused
2026-01-10T05:09:27.726130,0.17422495889477432,Focused
2026-01-10T05:09:27.788006,0.1813833071733825,Focused
2026-01-10T05:09:27.849997,0.1813833071733825,Focused
2026-01-10T05:09:27.905672,0.17879683425417167,Focused
2026-01-10T05:09:27.967247,0.16147862817160785,Focused
2026-01-10T05:09:28.033640,0.16147862817160785,Focused
2026-01-10T05:09:28.098678,0.17939727787161244,Focused
2026-01-10T05:09:28.166566,0.14401907899882646,Focused
2026-01-10T05:09:28.228020,0.14401907899882646,Focused
2026-01-10T05:09:28.292841,0.13991601241286844,Focused
2026-01-10T05:09:28.357057,0.13991601241286844,Focused
2026-01-10T05:09:28.420228,0.1511337429867126,Focused
2026-01-10T05:09:28.485026,0.14862893518293277,Focused
2026-01-10T05:09:28.548467,0.17140607872279362,Focused
2026-01-10T05:09:28.611627,0.16570018532220274,Focused
2026-01-10T05:09:28.676165,0.16125938947952817,Focused
2026-01-10T05:09:28.740849,0.16125938947952817,Focused
2026-01-10T05:09:28.802380,0.1681351502542384,Focused
2026-01-10T05:09:28.872215,0.18410975484875963,Focused
2026-01-10T05:09:28.931516,0.19535208843299187,Focused
2026-01-10T05:09:28.992129,0.18385704335523767,Focused
2026-01-10T05:09:29.054648,0.16774401595466773,Focused
2026-01-10T05:09:29.114088,0.16774401595466773,Focused
2026-01-10T05:09:29.176267,0.176284384255996,Focused
2026-01-10T05:09:29.240703,0.15398631503339857,Focused
2026-01-10T05:09:29.309112,0.1716501488001086,Focused
2026-01-10T05:09:29.371257,0.1541420966037549,Focused
2026-01-10T05:09:29.437036,0.17192621011054143,Focused
2026-01-10T05:09:29.494350,0.17192621011054143,Focused
2026-01-10T05:09:29.556614,0.18622909199912102,Focused
2026-01-10T05:09:29.615995,0.14354616666678338,Focused
2026-01-10T05:09:29.676198,0.17023339720908554,Focused
2026-01-10T05:09:29.734144,0.17023339720908554,Focused
2026-01-10T05:09:29.797269,0.17693590167909862,Focused
2026-01-10T05:09:29.864424,0.18349962136708198,Focused
2026-01-10T05:09:29.929734,0.17492331797257063,Focused
2026-01-10T05:09:29.995037,0.1733350986847654,Focused
2026-01-10T05:09:30.061293,0.17181604213546964,Focused
2026-01-10T05:09:30.124335,0.16981965275481342,Focused
2026-01-10T05:09:30.194104,0.1757804054301232,Focused
2026-01-10T05:09:30.263673,0.15421973409829662,Focused
2026-01-10T05:09:30.332168,0.13586382697103544,Focused
2026-01-10T05:09:30.399142,0.18706918737152592,Focused
2026-01-10T05:09:30.466367,0.15976151957875118,Focused
2026-01-10T05:09:30.531951,0.15976151957875118,Focused
2026-01-10T05:09:30.594716,0.1540520392358303,Focused
2026-01-10T05:09:30.659225,0.13426152797765098,Focused
2026-01-10T05:09:30.729610,0.14454327234998346,Focused
2026-01-10T05:09:30.793140,0.17739748368039726,Focused
2026-01-10T05:09:30.854299,0.19534807999734768,Focused
2026-01-10T05:09:30.923444,0.13946059779264033,Focused
2026-01-10T05:09:30.984545,0.19266454052994958,Focused
2026-01-10T05:09:31.045264,0.20349295906489714,Focused
2026-01-10T05:09:31.109751,0.19653444013674742,Focused
2026-01-10T05:09:31.170768,0.1928116887633223,Focused
2026-01-10T05:09:31.229390,0.2031307911733165,Focused
2026-01-10T05:09:31.295912,0.17982532111345792,Focused
2026-01-10T05:09:31.396563,0.17524240228231064,Focused
2026-01-10T05:09:31.476557,0.15016908384859562,Focused
2026-01-10T05:09:31.560254,0.16166920257965103,Focused
2026-01-10T05:09:31.638572,0.13724186762119642,Focused
2026-01-10T05:09:31.709423,0.13724186762119642,Focused
2026-01-10T05:09:31.779477,0.15456670791609214,Focused
2026-01-10T05:09:31.883719,0.170590457378421,Focused
2026-01-10T05:09:32.004932,0.170590457378421,Focused
2026-01-10T05:09:32.106168,0.18571437175269237,Focused
2026-01-10T05:09:32.201829,0.183816020807717,Focused
2026-01-10T05:09:32.295833,0.1783188541419804,Focused
2026-01-10T05:09:32.406274,0.1896215661923634,Focused
2026-01-10T05:09:32.587616,0.15850419825001155,Focused
2026-01-10T05:09:32.690047,0.17144027119211389,Focused
2026-01-10T05:09:32.804828,0.18169601206463995,Focused
2026-01-10T05:09:32.936140,0.14827497778460383,Focused
2026-01-10T05:09:33.075438,0.13893406899587718,Focused
2026-01-10T05:09:33.202749,0.12684648435388227,Focused
2026-01-10T05:09:33.312900,0.16909576223406475,Focused
2026-01-10T05:09:33.434158,0.15450040991127026,Focused
2026-01-10T05:09:33.635194,0.16745664632762783,Focused
2026-01-10T05:09:33.740043,0.1545130970625905,Focused
2026-01-10T05:09:33.850758,0.1703367159316258,Focused
2026-01-10T05:09:33.950650,0.17320378072327003,Focused
2026-01-10T05:09:34.070414,0.14713006319070704,Focused
2026-01-10T05:09:34.168527,0.1854440578550566,Focused
2026-01-10T05:09:34.271303,0.1943006323388545,Focused
2026-01-10T05:09:34.378442,0.15158906194847077,Focused
2026-01-10T05:09:34.493163,0.16185076019610278,Focused
2026-01-10T05:09:34.606733,0.15053406882216222,Focused
2026-01-10T05:09:34.777686,0.19850512443226762,Focused
2026-01-10T05:09:34.879691,0.18053082731785253,Focused
2026-01-10T05:09:34.973555,0.1726757158059627,Focused
2026-01-10T05:09:35.117814,0.20531426630914212,Focused
2026-01-10T05:09:35.237572,0.21079628448933363,Focused
2026-01-10T05:09:35.330495,0.2122766349464655,Focused
2026-01-10T05:09:35.423186,0.1922816552221775,Focused
2026-01-10T05:09:35.534325,0.1966161012649536,Focused
2026-01-10T05:09:35.629049,0.20077622681856155,Focused
2026-01-10T05:09:35.817481,0.2557315848767757,Focused
2026-01-10T05:09:35.911980,0.27730478867888453,Focused
2026-01-10T05:09:36.004240,0.3261851862072944,Focused
2026-01-10T05:09:36.124783,0.3103798389434814,Focused
2026-01-10T05:09:36.228991,0.3179370641708374,Focused
2026-01-10T05:09:36.333677,0.3051458939909935,Focused
2026-01-10T05:09:36.423332,0.3056599348783493,Focused
2026-01-10T05:09:36.518066,0.2920336425304413,Focused
2026-01-10T05:09:36.617770,0.33706883937120435,Focused
2026-01-10T05:09:36.719545,0.2974140837788582,Focused
2026-01-10T05:09:36.907731,0.31971660554409026,Focused
2026-01-10T05:09:37.013565,0.3183507069945335,Focused
2026-01-10T05:09:37.144860,0.32393169850111003,Focused
2026-01-10T05:09:37.257392,0.24537444934248925,Focused
2026-01-10T05:09:37.356087,0.21561600044369697,Focused
2026-01-10T05:09:37.451537,0.20925188809633252,Focused
2026-01-10T05:09:37.546940,0.23244026824831965,Focused
2026-01-10T05:09:37.651613,0.20644761025905609,Focused
2026-01-10T05:09:37.743982,0.2194396950304508,Focused
2026-01-10T05:09:37.861322,0.23364635184407234,Focused
2026-01-10T05:09:38.042053,0.2196680892026052,Focused
2026-01-10T05:09:38.144233,0.24481531069613993,Focused
2026-01-10T05:09:38.248503,0.23371534235775474,Focused
2026-01-10T05:09:38.357757,0.2194999732077122,Focused
2026-01-10T05:09:38.468250,0.22115945715922863,Focused
2026-01-10T05:09:38.580187,0.21091189363505694,Focused
2026-01-10T05:09:38.689087,0.21703717033378778,Focused
2026-01-10T05:09:38.797594,0.2593338171951473,Focused
2026-01-10T05:09:38.919715,0.22895494470139965,Focused
2026-01-10T05:09:39.114141,0.24120212917914613,Focused
2026-01-10T05:09:39.240098,0.1935856164607685,Focused
2026-01-10T05:09:39.351394,0.20682430903543716,Focused
2026-01-10T05:09:39.451458,0.178715507639572,Focused
2026-01-10T05:09:39.561774,0.20074334273231215,Focused
2026-01-10T05:09:39.683216,0.16688351496704854,Focused
2026-01-10T05:09:39.788127,0.17782516471343116,Focused
2026-01-10T05:09:39.895875,0.1559341906220652,Focused
2026-01-10T05:09:39.998186,0.15709339276654646,Focused
2026-01-10T05:09:40.190808,0.15569716274039822,Focused
2026-01-10T05:09:40.301199,0.18946524102648257,Focused
2026-01-10T05:09:40.404907,0.16421328002470542,Focused
2026-01-10T05:09:40.510357,0.1455008959630504,Focused
2026-01-10T05:09:40.610997,0.18984896952752026,Focused
2026-01-10T05:09:40.726490,0.16289810611633584,Focused
2026-01-10T05:09:40.824458,0.16173814178910106,Focused
2026-01-10T05:09:40.950977,0.154262432269752,Focused
2026-01-10T05:09:41.061778,0.14216554649174212,Focused
2026-01-10T05:09:41.292874,0.14178319461643696,Focused
2026-01-10T05:09:41.409116,0.19927305988967417,Focused
2026-01-10T05:09:41.510300,0.3174703426659107,Focused
2026-01-10T05:09:41.621399,0.33129452243447305,Focused
2026-01-10T05:09:41.747671,0.37651235014200213,Focused
2026-01-10T05:09:41.848206,0.3671596005558968,Focused
2026-01-10T05:09:41.954895,0.419759264588356,Focused
2026-01-10T05:09:42.059744,0.3594935208559036,Focused
2026-01-10T05:09:42.160605,0.4385511830449104,Focused
2026-01-10T05:09:42.267039,0.4022516399621964,Focused
2026-01-10T05:09:42.451059,0.4223031535744667,Focused
2026-01-10T05:09:42.564207,0.4285449177026749,Focused
2026-01-10T05:09:42.665437,0.39467910677194595,Focused
2026-01-10T05:09:42.784610,0.3051850698888302,Focused
2026-01-10T05:09:42.881131,0.34965626806952055,Focused
2026-01-10T05:09:42.985184,0.28575159814208745,Focused
2026-01-10T05:09:43.094586,0.2559689020738006,Focused
2026-01-10T05:09:43.204141,0.29591394066810606,Focused
2026-01-10T05:09:43.325656,0.31149094700813296,Focused
2026-01-10T05:09:43.539062,0.2547969561070204,Focused
2026-01-10T05:09:43.639735,0.31950456693302837,Focused
2026-01-10T05:09:43.750026,0.23288489319384098,Focused
2026-01-10T05:09:43.858882,0.24328170759254134,Focused
2026-01-10T05:09:43.971551,0.2445136609254405,Focused
2026-01-10T05:09:44.087632,0.21491930100601167,Focused
2026-01-10T05:09:44.198343,0.20339240984758364,Focused
2026-01-10T05:09:44.307660,0.21908901723800228,Focused
2026-01-10T05:09:44.423043,0.194099851034116,Focused
2026-01-10T05:09:44.626832,0.16710997733753175,Focused
2026-01-10T05:09:44.724422,0.2243209836189635,Focused
2026-01-10T05:09:44.856693,0.21928684767335654,Focused
2026-01-10T05:09:44.956017,0.2030666581937112,Focused
2026-01-10T05:09:45.092500,0.2304662076989189,Focused
2026-01-10T05:09:45.195379,0.20318438537651673,Focused
2026-01-10T05:09:45.307662,0.14748284643283116,Focused
2026-01-10T05:09:45.453594,0.24742840602993968,Focused
2026-01-10T05:09:45.582959,0.23732039638562125,Focused
2026-01-10T05:09:45.748001,0.2383255025080871,Focused
2026-01-10T05:09:45.849361,0.2512575910717715,Focused
2026-01-10T05:09:45.952549,0.20910223152604887,Focused
2026-01-10T05:09:46.050344,0.24603860176284797,Focused
2026-01-10T05:09:46.170028,0.21871801869710908,Focused
2026-01-10T05:09:46.267504,0.20298548761056737,Focused
2026-01-10T05:09:46.364183,0.23340876429574564,Focused
2026-01-10T05:09:46.498840,0.23429150999290868,Focused
2026-01-10T05:09:46.605777,0.20674448865465822,Focused
2026-01-10T05:09:46.794958,0.17568075073650108,Focused
2026-01-10T05:09:46.897614,0.19092900468967855,Focused
2026-01-10T05:09:46.996000,0.14369150721468033,Focused
2026-01-10T05:09:47.099926,0.20446397059131416,Focused
2026-01-10T05:09:47.224449,0.23660265602811706,Focused
2026-01-10T05:09:47.325935,0.17744742986978965,Focused
2026-01-10T05:09:47.417831,0.14314093560678884,Focused
2026-01-10T05:09:47.512485,0.18039675423060542,Focused
2026-01-10T05:09:47.616288,0.20033106790506283,Focused
2026-01-10T05:09:47.724046,0.14425783096812667,Focused
2026-01-10T05:09:47.918226,0.23965266932500529,Focused
2026-01-10T05:09:48.013231,0.2502184619894251,Focused
2026-01-10T05:09:48.109139,0.18503051379229873,Focused
2026-01-10T05:09:48.215978,0.14649044389952906,Focused
2026-01-10T05:09:48.320072,0.15701000414555893,Focused
2026-01-10T05:09:48.426357,0.16029205030063165,Focused
2026-01-10T05:09:48.536960,0.19828562662005425,Focused
2026-01-10T05:09:48.658531,0.14457197625306437,Focused
2026-01-10T05:09:48.770323,0.21895829224959015,Focused
2026-01-10T05:09:48.951470,0.14042770246742295,Focused
2026-01-10T05:09:49.065195,0.24153603174490854,Focused
2026-01-10T05:09:49.196943,0.2666325278638396,Focused
2026-01-10T05:09:49.338282,0.24853287597943563,Focused
2026-01-10T05:09:49.477342,0.24172070369240828,Focused
2026-01-10T05:09:49.606947,0.20135340036358684,Focused
2026-01-10T05:09:49.744448,0.20353322832379492,Focused
2026-01-10T05:09:49.868992,0.2174570134782698,Focused
2026-01-10T05:09:50.030395,0.22131212520180268,Focused
2026-01-10T05:09:50.141851,0.20770230304915457,Focused
2026-01-10T05:09:50.250666,0.20109776008757763,Focused
2026-01-10T05:09:50.362581,0.2618248383747414,Focused
2026-01-10T05:09:50.469391,0.2277998830075376,Focused
2026-01-10T05:09:50.583342,0.1936662564519793,Focused
2026-01-10T05:09:50.688950,0.1891745263361372,Focused
2026-01-10T05:09:50.807512,0.1891745263361372,Focused
2026-01-10T05:09:50.929558,0.17901828735484743,Focused
2026-01-10T05:09:51.034231,0.15008683972992,Focused
2026-01-10T05:09:51.230163,0.14810862891026774,Focused
2026-01-10T05:09:51.351963,0.18753929481608794,Focused
2026-01-10T05:09:51.466146,0.1001382765418384,Focused
2026-01-10T05:09:51.579144,0.1001382765418384,Focused
2026-01-10T05:09:51.683794,0.13276045490638352,Focused
2026-01-10T05:09:51.809345,0.1839890412404202,Focused
2026-01-10T05:09:51.917625,0.1484843980986625,Focused
2026-01-10T05:09:52.036371,0.14786015808640512,Focused
2026-01-10T05:09:52.151798,0.15911536058411002,Focused
2026-01-10T05:09:52.312969,0.17104288020200328,Focused
2026-01-10T05:09:52.430416,0.13210510094359051,Focused
2026-01-10T05:09:52.550075,0.14836632603546607,Focused
2026-01-10T05:09:52.690807,0.1546810009458568,Focused
2026-01-10T05:09:52.812454,0.16405465138959702,Focused
2026-01-10T05:09:52.916538,0.18883532215841115,Focused
2026-01-10T05:09:53.038897,0.18353598584071731,Focused
2026-01-10T05:09:53.179969,0.1740453808044549,Focused
2026-01-10T05:09:53.375838,0.14700565887324046,Focused
2026-01-10T05:09:53.485358,0.15086072291596792,Focused
2026-01-10T05:09:53.611094,0.16986769392387943,Focused
2026-01-10T05:09:53.723943,0.13794720199657604,Focused
2026-01-10T05:09:53.837260,0.18054941927257456,Focused
2026-01-10T05:09:53.939198,0.16041295473987702,Focused
2026-01-10T05:09:54.060050,0.12156620236346498,Focused
2026-01-10T05:09:54.185715,0.14552684970840346,Focused
2026-01-10T05:09:54.299859,0.16112578848551495,Focused
2026-01-10T05:09:54.498899,0.12912698035361245,Focused
2026-01-10T05:09:54.610569,0.17995122490101495,Focused
2026-01-10T05:09:54.715126,0.13645421067194546,Focused
2026-01-10T05:09:54.823894,0.16647500950202812,Focused
2026-01-10T05:09:54.939149,0.15938275375519878,Focused
2026-01-10T05:09:55.044515,0.13182977464748546,Focused
2026-01-10T05:09:55.164456,0.13182977464748546,Focused
2026-01-10T05:09:55.284787,0.1501210028771311,Focused
2026-01-10T05:09:55.390999,0.14569309207436165,Focused
2026-01-10T05:09:55.585566,0.17144598777522335,Focused
2026-01-10T05:09:55.697852,0.1631875907711219,Focused
2026-01-10T05:09:55.807581,0.1586449957394507,Focused
2026-01-10T05:09:55.928850,0.16593695455812846,Focused
2026-01-10T05:09:56.041100,0.14047869390342382,Focused
2026-01-10T05:09:56.164095,0.13926978978561239,Focused
2026-01-10T05:09:56.286201,0.14741173069342042,Focused
2026-01-10T05:09:56.388002,0.14744186892639846,Focused
2026-01-10T05:09:56.494915,0.15275664057699032,Focused
2026-01-10T05:09:56.683073,0.1601520630894811,Focused
2026-01-10T05:09:56.791477,0.1739787201397121,Focused
2026-01-10T05:09:56.904456,0.1578230356943095,Focused
2026-01-10T05:09:57.016545,0.1530330122273881,Focused
2026-01-10T05:09:57.128832,0.1448754380515311,Focused
2026-01-10T05:09:57.241543,0.15470985365100207,Focused
2026-01-10T05:09:57.359969,0.1697138157993322,Focused
2026-01-10T05:09:57.465935,0.1492515196208842,Focused
2026-01-10T05:09:57.578549,0.14573254881979664,Focused
2026-01-10T05:09:57.810033,0.13283080599358074,Focused
2026-01-10T05:09:57.918824,0.1514767050597584,Focused
2026-01-10T05:09:58.040897,0.14170085624209605,Focused
2026-01-10T05:09:58.151548,0.15811457535455703,Focused
2026-01-10T05:09:58.266906,0.1443572075018892,Focused
2026-01-10T05:09:58.381731,0.23271789254213215,Focused
2026-01-10T05:09:58.507870,0.1741537901107222,Focused
2026-01-10T05:09:58.636777,0.1272611334657995,Focused
2026-01-10T05:09:58.831456,0.20493781806144395,Focused
2026-01-10T05:09:58.944685,0.14780725387681742,Focused
2026-01-10T05:09:59.063317,0.17960308325855295,Focused
2026-01-10T05:09:59.176049,0.3447135684080422,Focused
2026-01-10T05:09:59.294366,0.36645118438173085,Focused
2026-01-10T05:09:59.419907,0.2441141019342467,Focused
2026-01-10T05:09:59.532358,0.22849489322397856,Focused
2026-01-10T05:09:59.645108,0.27918681934243067,Focused
2026-01-10T05:09:59.753142,0.29357399956788865,Focused
2026-01-10T05:09:59.937346,0.24821225786581635,Focused
2026-01-10T05:10:00.059015,0.18421565387398006,Focused
2026-01-10T05:10:00.172534,0.26589055359363556,Focused
2026-01-10T05:10:00.295782,0.05890874897595495,Focused
2026-01-10T05:10:00.421448,0.15295766933122648,Focused
2026-01-10T05:10:00.535520,0.06038623695494607,Focused
2026-01-10T05:10:00.640905,0.14147642225725576,Focused
2026-01-10T05:10:00.748729,0.20363003913662397,Focused
2026-01-10T05:10:00.873811,0.21323070929793175,Focused
2026-01-10T05:10:01.055532,0.20910996010934468,Focused
2026-01-10T05:10:01.187623,0.20197027717222227,Focused
2026-01-10T05:10:01.307456,0.19259170839213766,Focused
2026-01-10T05:10:01.421109,0.08134163793583866,Focused
2026-01-10T05:10:01.531320,0.0804611582774669,Focused
2026-01-10T05:10:01.639782,0.08238276988849975,Focused
2026-01-10T05:10:01.749420,0.11790006188093684,Focused
2026-01-10T05:10:01.874540,0.1732379522989504,Focused
2026-01-10T05:10:02.051602,0.14334400338120756,Focused
2026-01-10T05:10:02.174390,0.18371015915909084,Focused
2026-01-10T05:10:02.276458,0.164416736777639,Focused
2026-01-10T05:10:02.399926,0.10762118755519623,Focused
2026-01-10T05:10:02.526700,0.11492884173057974,Focused
2026-01-10T05:10:02.636432,0.14209873166983017,Focused
2026-01-10T05:10:02.752289,0.11856589193921536,Focused
2026-01-10T05:10:02.853423,0.15129286393057553,Focused
2026-01-10T05:10:02.977414,0.14160475095850414,Focused
2026-01-10T05:10:03.158778,0.15803564650705085,Focused
2026-01-10T05:10:03.280820,0.15174727404955773,Focused
2026-01-10T05:10:03.398475,0.18102962898556144,Focused
2026-01-10T05:10:03.517870,0.07963449353119359,Focused
2026-01-10T05:10:03.623431,0.12573353116167707,Focused
2026-01-10T05:10:03.732400,0.06935843394021503,Focused
2026-01-10T05:10:03.840112,0.14596080704941414,Focused
2026-01-10T05:10:03.952772,0.14354524792870504,Focused
2026-01-10T05:10:04.065421,0.12359697529464028,Focused
2026-01-10T05:10:04.254313,0.10737379119673278,Focused
2026-01-10T05:10:04.366802,0.17836210296081842,Focused
2026-01-10T05:10:04.489332,0.2323540745448554,Focused
2026-01-10T05:10:04.612575,0.17326683807186782,Focused
2026-01-10T05:10:04.722623,0.19661142986151392,Focused
2026-01-10T05:10:04.831958,0.14416562256665202,Focused
2026-01-10T05:10:04.941315,0.18207185323990413,Focused
2026-01-10T05:10:05.065702,0.1836156258796109,Focused
2026-01-10T05:10:05.193459,0.24043233402335315,Focused
2026-01-10T05:10:05.389325,0.2717550578250666,Focused
2026-01-10T05:10:05.513321,0.19474559494410643,Focused
2026-01-10T05:10:05.631752,0.18388330412853976,Focused
2026-01-10T05:10:05.742184,0.15565479117503855,Focused
2026-01-10T05:10:05.849950,0.13810225820343475,Focused
2026-01-10T05:10:05.961626,0.14441490284953032,Focused
2026-01-10T05:10:06.099911,0.13209248100902185,Focused
2026-01-10T05:10:06.215355,0.09704065576661378,Focused
2026-01-10T05:10:06.323764,0.11845179510419257,Focused
2026-01-10T05:10:06.480166,0.15849524943041615,Focused
2026-01-10T05:10:06.596961,0.1434848281845916,Focused
2026-01-10T05:10:06.720840,0.12319901387090794,Focused
2026-01-10T05:10:06.832414,0.14058218236314132,Focused
2026-01-10T05:10:06.940856,0.05579710535239429,Focused
2026-01-10T05:10:07.052185,0.0687297478929395,Focused
2026-01-10T05:10:08.149836,0.0687297478929395,Focused
2026-01-10T05:10:08.259184,0.15775680671213194,Focused
2026-01-10T05:10:08.369183,0.10449811812140979,Focused
2026-01-10T05:10:08.477250,0.1222360920452047,Focused
2026-01-10T05:10:08.655922,0.19043687603261789,Focused
2026-01-10T05:10:08.770641,0.13558551526293738,Focused
2026-01-10T05:10:08.884219,0.13644622796418845,Focused
2026-01-10T05:10:08.985873,0.11318763842718908,Focused
2026-01-10T05:10:09.092721,0.182471713310224,Focused
2026-01-10T05:10:09.221474,0.182471713310224,Focused
2026-01-10T05:10:09.333491,0.18844236309523693,Focused
2026-01-10T05:10:09.461769,0.20389822036377156,Focused
2026-01-10T05:10:09.657076,0.1620003308460582,Focused
2026-01-10T05:10:09.782775,0.14061782743083312,Focused
2026-01-10T05:10:09.879891,0.11880417054053395,Focused
2026-01-10T05:10:09.990454,0.11880417054053395,Focused
2026-01-10T05:10:10.099422,0.1551641204758198,Focused
2026-01-10T05:10:10.234708,0.14094762894965243,Focused
2026-01-10T05:10:10.328628,0.1158235868992051,Focused
2026-01-10T05:10:10.445752,0.09037690202821978,Focused
2026-01-10T05:10:10.553006,0.1076432443340309,Focused
2026-01-10T05:10:10.656159,0.06849900500092189,Focused
2026-01-10T05:10:10.872835,0.13071174331125804,Focused
2026-01-10T05:10:10.995712,0.11387006721633952,Focused
2026-01-10T05:10:11.107921,0.14045780369779096,Focused
2026-01-10T05:10:11.227089,0.14651318922988138,Focused
2026-01-10T05:10:11.359248,0.1297152264160104,Focused
2026-01-10T05:10:11.477159,0.1604086111387005,Focused
2026-01-10T05:10:11.591168,0.15953549645200835,Focused
2026-01-10T05:10:11.695009,0.15761700641887727,Focused
2026-01-10T05:10:11.891912,0.15352728186408057,Focused
2026-01-10T05:10:11.997733,0.18717008598323445,Focused
2026-01-10T05:10:12.099163,0.1638671898690518,Focused
2026-01-10T05:10:12.210255,0.18942957164108523,Focused
2026-01-10T05:10:12.338070,0.16381464978039728,Focused
2026-01-10T05:10:12.447605,0.16321358842251357,Focused
2026-01-10T05:10:12.632183,0.20506380372680724,Focused
2026-01-10T05:10:12.737089,0.20571216614043805,Focused
2026-01-10T05:10:12.836918,0.18404282741248607,Focused
2026-01-10T05:10:13.025980,0.2048989166127285,Focused
2026-01-10T05:10:13.128590,0.1795928483392345,Focused
2026-01-10T05:10:13.249285,0.1710691435742774,Focused
2026-01-10T05:10:13.377766,0.20954112694016658,Focused
2026-01-10T05:10:13.484622,0.15093109384470152,Focused
2026-01-10T05:10:13.625623,0.1365988298173761,Focused
2026-01-10T05:10:13.761986,0.14857984680857045,Focused
2026-01-10T05:10:13.876403,0.1336328712030081,Focused
2026-01-10T05:10:14.072904,0.15136108490405603,Focused
2026-01-10T05:10:14.180106,0.15104493386461398,Focused
2026-01-10T05:10:14.306264,0.15968346247682347,Focused
2026-01-10T05:10:14.431247,0.18902664492488838,Focused
2026-01-10T05:10:14.540435,0.1873484826879576,Focused
2026-01-10T05:10:14.638310,0.11614935979596339,Focused
2026-01-10T05:10:14.727556,0.11614935979596339,Focused
2026-01-10T05:10:14.818420,0.14736549344379454,Focused
2026-01-10T05:10:14.911353,0.20933892230386847,Focused
2026-01-10T05:10:15.020969,0.20933892230386847,Focused
2026-01-10T05:10:15.216136,0.19166760578227696,Focused
2026-01-10T05:10:15.323454,0.20976882425602528,Focused
2026-01-10T05:10:15.431240,0.20976882425602528,Focused
2026-01-10T05:10:15.529903,0.195851560117444,Focused
2026-01-10T05:10:15.634326,0.24089579944266004,Focused
2026-01-10T05:10:15.726795,0.3526310574845411,Focused
2026-01-10T05:10:15.820642,0.40645258769509385,Focused
2026-01-10T05:10:15.913057,0.39059383746935056,Focused
2026-01-10T05:10:16.008449,0.387670394073939,Focused
2026-01-10T05:10:16.107181,0.4470616857986897,Focused
2026-01-10T05:10:16.302826,0.3305705700739054,Focused
2026-01-10T05:10:16.398536,0.28314853002666496,Focused
2026-01-10T05:10:16.521290,0.32389782535028644,Focused
2026-01-10T05:10:16.632785,0.3537093209539307,Focused
2026-01-10T05:10:16.725483,0.3543688492907676,Focused
2026-01-10T05:10:16.819265,0.23929383859504014,Focused
2026-01-10T05:10:16.913561,0.20371885099448264,Focused
2026-01-10T05:10:17.007422,0.25374220882076765,Focused
2026-01-10T05:10:17.120932,0.25039787574787625,Focused
2026-01-10T05:10:17.234509,0.3134954764740542,Focused
2026-01-10T05:10:17.418012,0.29166985915508126,Focused
2026-01-10T05:10:17.543274,0.25728201908059417,Focused
2026-01-10T05:10:17.666502,0.2875792537466623,Focused
2026-01-10T05:10:17.766786,0.25398507230274847,Focused
2026-01-10T05:10:17.862878,0.19134093812608624,Focused
2026-01-10T05:10:17.957885,0.2334185952306143,Focused
2026-01-10T05:10:18.053667,0.22011017654731405,Focused
2026-01-10T05:10:18.158757,0.2038529418670805,Focused
2026-01-10T05:10:18.255448,0.2000484372896608,Focused
2026-01-10T05:10:18.422067,0.22766367277363317,Focused
2026-01-10T05:10:18.528348,0.2908723777130945,Focused
2026-01-10T05:10:18.636549,0.12044643047556747,Focused
2026-01-10T05:10:18.738403,0.12874789152701852,Focused
2026-01-10T05:10:18.834211,0.15021868797193746,Focused
2026-01-10T05:10:18.925240,0.13934471773682164,Focused
2026-01-10T05:10:19.018799,0.0876535973045975,Focused
2026-01-10T05:10:19.110618,0.08255500255618245,Focused
2026-01-10T05:10:19.222883,0.057060380812617946,Focused
2026-01-10T05:10:19.326527,0.045576042431639506,Focused
2026-01-10T05:10:19.422696,0.10133242284646256,Focused
2026-01-10T05:10:19.622336,0.18688207410741595,Focused
2026-01-10T05:10:19.736247,0.12709228172316217,Focused
2026-01-10T05:10:19.829610,0.11414232857932802,Focused
2026-01-10T05:10:19.922351,0.11763099053059704,Focused
2026-01-10T05:10:20.016838,0.10039280696655623,Focused
2026-01-10T05:10:20.111619,0.10526336842740419,Focused
2026-01-10T05:10:20.213714,0.11026700988586526,Focused
2026-01-10T05:10:20.308577,0.1279364725400228,Focused
2026-01-10T05:10:20.419335,0.10294754220230971,Focused
2026-01-10T05:10:20.514271,0.09476293995685411,Focused
2026-01-10T05:10:20.709556,0.1064742431466584,Focused
2026-01-10T05:10:20.810676,0.13431382309936454,Focused
2026-01-10T05:10:20.916122,0.08584761285455898,Focused
2026-01-10T05:10:21.007280,0.08197182995791082,Focused
2026-01-10T05:10:21.101073,0.051320757830399084,Focused
2026-01-10T05:10:21.202205,0.06803431014122907,Focused
2026-01-10T05:10:21.313831,0.1427424344306928,Focused
2026-01-10T05:10:21.411610,0.1073168240400264,Focused
2026-01-10T05:10:21.503902,0.1073168240400264,Focused
2026-01-10T05:10:21.606376,0.20668818875274156,Focused
2026-01-10T05:10:21.815417,0.18896751824067903,Focused
2026-01-10T05:10:21.910313,0.19022737891937141,Focused
2026-01-10T05:10:22.005927,0.2175469312816858,Focused
2026-01-10T05:10:22.099546,0.15119488827185704,Focused
2026-01-10T05:10:22.192816,0.1592008865554817,Focused
2026-01-10T05:10:22.299817,0.14513308721070642,Focused
2026-01-10T05:10:22.399852,0.12325977529399097,Focused
2026-01-10T05:10:22.512261,0.12946477664227132,Focused
2026-01-10T05:10:22.634640,0.15075288270018064,Focused
2026-01-10T05:10:22.771271,0.14698384263028855,Focused
2026-01-10T05:10:22.902000,0.06546276579611003,Focused
2026-01-10T05:10:22.992989,0.07457069513329771,Focused
2026-01-10T05:10:23.084721,0.09664898279588668,Focused
2026-01-10T05:10:23.178704,0.13024928834056482,Focused
2026-01-10T05:10:23.288701,0.12040413566573989,Focused
2026-01-10T05:10:23.388637,0.11213164882501588,Focused
2026-01-10T05:10:23.495351,0.1423798253003042,Focused
2026-01-10T05:10:23.600705,0.14065385030116886,Focused
2026-01-10T05:10:23.694342,0.10230236769712064,Focused
2026-01-10T05:10:23.787963,0.11867962761607487,Focused
2026-01-10T05:10:23.986671,0.12292042996268719,Focused
2026-01-10T05:10:24.086541,0.17943049808964132,Focused
2026-01-10T05:10:24.189882,0.18044461311073973,Focused
2026-01-10T05:10:24.283922,0.17592980801418887,Focused
2026-01-10T05:10:24.390247,0.22159974233363755,Focused
2026-01-10T05:10:24.486694,0.19918012372509108,Focused
2026-01-10T05:10:24.596388,0.19619956610840747,Focused
2026-01-10T05:10:24.694705,0.199016661697533,Focused
2026-01-10T05:10:24.787320,0.199016661697533,Focused
2026-01-10T05:10:24.897001,0.1804697390529327,Focused
2026-01-10T05:10:25.085709,0.11023056572594214,Focused
2026-01-10T05:10:25.175892,0.16117532838252374,Focused
2026-01-10T05:10:25.278107,0.12378114927560091,Focused
2026-01-10T05:10:25.397780,0.1367938014882384,Focused
2026-01-10T05:10:25.488878,0.09350745723058934,Focused
2026-01-10T05:10:25.602902,0.11894868386443705,Focused
2026-01-10T05:10:25.711950,0.13380397457804064,Focused
2026-01-10T05:10:25.814340,0.08208848768263123,Focused
2026-01-10T05:10:25.923591,0.04977914620540105,Focused
2026-01-10T05:10:26.035218,0.19079381982592167,Focused
2026-01-10T05:10:26.187306,0.17186098082456738,Focused
2026-01-10T05:10:26.285644,0.174852411338361,Focused
2026-01-10T05:10:26.385022,0.174852411338361,Focused
2026-01-10T05:10:26.490198,0.1651297485397663,Focused
2026-01-10T05:10:26.589441,0.14327445694070776,Focused
2026-01-10T05:10:26.726330,0.1646674803341739,Focused
2026-01-10T05:10:26.832032,0.14040440832613965,Focused
2026-01-10T05:10:26.940002,0.14330762938188854,Focused
2026-01-10T05:10:27.052906,0.15076020011911168,Focused
2026-01-10T05:10:27.232067,0.11597393471747637,Focused
2026-01-10T05:10:27.343412,0.10412747981899884,Focused
2026-01-10T05:10:27.458063,0.08005229177651926,Focused
2026-01-10T05:10:27.555552,0.13209390811389313,Focused
2026-01-10T05:10:27.660516,0.12884502340457402,Focused
2026-01-10T05:10:27.755356,0.11941601975122465,Focused
2026-01-10T05:10:27.847696,0.11173926400369964,Focused
2026-01-10T05:10:27.940317,0.12109430026321207,Focused
2026-01-10T05:10:28.057064,0.10918232235999312,Focused
2026-01-10T05:10:28.164844,0.11880207104841248,Focused
2026-01-10T05:10:28.350892,0.14682201303658074,Focused
2026-01-10T05:10:28.454698,0.1446383590926416,Focused
2026-01-10T05:10:28.552312,0.16161838734988124,Focused
2026-01-10T05:10:28.643322,0.19423411492607556,Focused
2026-01-10T05:10:28.745936,0.18915016144455876,Focused
2026-01-10T05:10:28.841556,0.05934986390639096,Focused
2026-01-10T05:10:28.938321,0.09358392843860201,Focused
2026-01-10T05:10:29.048061,0.07582772450405173,Focused
2026-01-10T05:10:29.148756,0.13529987009824251,Focused
2026-01-10T05:10:29.262440,0.09988758816907647,Focused
2026-01-10T05:10:29.444710,0.14717972775397356,Focused
2026-01-10T05:10:29.564930,0.19427464071195572,Focused
2026-01-10T05:10:29.676441,0.17657222207053563,Focused
2026-01-10T05:10:29.813235,0.15969281895668247,Focused
2026-01-10T05:10:29.905726,0.1202476190868765,Focused
2026-01-10T05:10:30.003053,0.14696308390120974,Focused
2026-01-10T05:10:30.138904,0.14996496759704314,Focused
2026-01-10T05:10:30.255238,0.15350210837787015,Focused
2026-01-10T05:10:30.380719,0.14709577091562095,Focused
2026-01-10T05:10:30.578638,0.1505851492052898,Focused
2026-01-10T05:10:30.676542,0.12800384235451928,Focused
2026-01-10T05:10:30.805483,0.14670343877514824,Focused
2026-01-10T05:10:30.910181,0.11973745189607143,Focused
2026-01-10T05:10:31.010955,0.12471761946799234,Focused
2026-01-10T05:10:31.144078,0.16408282448537645,Focused
2026-01-10T05:10:31.255539,0.08665839240420609,Focused
2026-01-10T05:10:31.357309,0.12243632471654563,Focused
2026-01-10T05:10:31.453000,0.1599137434561271,Focused
2026-01-10T05:10:31.646861,0.1599137434561271,Focused
2026-01-10T05:10:31.746048,0.1434079352300614,Focused
2026-01-10T05:10:31.854137,0.11119299142155796,Focused
2026-01-10T05:10:31.948239,0.08229029566282406,Focused
2026-01-10T05:10:32.044030,0.13505844187457114,Focused
2026-01-10T05:10:32.166295,0.06544224094832315,Focused
2026-01-10T05:10:32.262544,0.1718018947634846,Focused
2026-01-10T05:10:32.353878,0.1450023847166449,Focused
2026-01-10T05:10:32.451004,0.09992159272078424,Focused
2026-01-10T05:10:32.559904,0.05616181356963352,Focused
2026-01-10T05:10:32.739913,0.04213435859128367,Focused
2026-01-10T05:10:32.858047,0.05022525631356984,Focused
2026-01-10T05:10:32.949363,0.035646795034699606,Focused
2026-01-10T05:10:33.046652,0.058132217066304295,Focused
2026-01-10T05:10:33.183343,0.058132217066304295,Focused
2026-01-10T05:10:33.298596,0.18036960629979149,Focused
2026-01-10T05:10:33.400721,0.15480074647057335,Focused
2026-01-10T05:10:33.497143,0.18183371509076096,Focused
2026-01-10T05:10:33.614210,0.19886974362889306,Focused
2026-01-10T05:10:33.785512,0.1752805703348713,Focused
2026-01-10T05:10:33.893616,0.19486892383138182,Focused
2026-01-10T05:10:33.991356,0.18574526244483422,Focused
2026-01-10T05:10:34.082536,0.16477269556198734,Focused
2026-01-10T05:10:34.182166,0.17643875495123212,Focused
2026-01-10T05:10:34.295525,0.18382591174158733,Focused
2026-01-10T05:10:34.396626,0.20189053522190079,Focused
2026-01-10T05:10:34.491908,0.2265117941366043,Focused
2026-01-10T05:10:34.590138,0.23081430973252282,Focused
2026-01-10T05:10:34.701975,0.21082193122711035,Focused
2026-01-10T05:10:34.883755,0.2578844685835065,Focused
2026-01-10T05:10:35.001852,0.20777291135455017,Focused
2026-01-10T05:10:35.106547,0.21661279138934333,Focused
2026-01-10T05:10:35.221116,0.22017415475711458,Focused
2026-01-10T05:10:35.350435,0.2395449331612326,Focused
2026-01-10T05:10:35.471072,0.2588306341378484,Focused
2026-01-10T05:10:35.570642,0.27575423976086316,Focused
2026-01-10T05:10:35.686607,0.27575423976086316,Focused
2026-01-10T05:10:35.784964,0.3088213360955706,Focused
2026-01-10T05:10:35.880866,0.307288672417053,Focused
2026-01-10T05:10:36.033956,0.2875894261524081,Focused
2026-01-10T05:10:36.128623,0.26221818406775127,Focused
2026-01-10T05:10:36.222766,0.24210475727450104,Focused
2026-01-10T05:10:36.345525,0.2505734258535085,Focused
2026-01-10T05:10:36.438846,0.2590567626466509,Focused
2026-01-10T05:10:36.535285,0.2392438369744923,Focused
2026-01-10T05:10:36.626235,0.24287498411431446,Focused
2026-01-10T05:10:36.743057,0.2258361870539375,Focused
2026-01-10T05:10:36.842258,0.25361270644934847,Focused
2026-01-10T05:10:36.936758,0.23670540371676907,Focused
2026-01-10T05:10:37.109881,0.25804410738637673,Focused
2026-01-10T05:10:37.210837,0.2432323576824274,Focused
2026-01-10T05:10:37.328553,0.2791305908787763,Focused
2026-01-10T05:10:37.426757,0.24239822743693368,Focused
2026-01-10T05:10:37.532475,0.2432197207584977,Focused
2026-01-10T05:10:37.626815,0.26300164796994063,Focused
2026-01-10T05:10:37.718484,0.2084121372346999,Focused
2026-01-10T05:10:37.812549,0.26071336173336024,Focused
2026-01-10T05:10:37.903668,0.23155487103504127,Focused
2026-01-10T05:10:37.997505,0.23945982207078487,Focused
2026-01-10T05:10:38.183650,0.22228484628139994,Focused
2026-01-10T05:10:38.281533,0.3343035012017936,Focused
2026-01-10T05:10:38.394479,0.2763081173063256,Focused
2026-01-10T05:10:38.494204,0.28742929453146643,Focused
2026-01-10T05:10:38.594725,0.22481785562413278,Focused
2026-01-10T05:10:38.695402,0.27977613265684337,Focused
2026-01-10T05:10:38.808728,0.26690635640698024,Focused
2026-01-10T05:10:38.900774,0.31029212053108496,Focused
2026-01-10T05:10:38.995577,0.26567579398106317,Focused
2026-01-10T05:10:39.117252,0.2952743063418893,Focused
2026-01-10T05:10:39.303080,0.2786576576210792,Focused
2026-01-10T05:10:39.404289,0.2643456862861058,Focused
2026-01-10T05:10:39.511926,0.2683455932681682,Focused
2026-01-10T05:10:39.609662,0.3209083786787232,Focused
2026-01-10T05:10:39.710688,0.27301060159225016,Focused
2026-01-10T05:10:39.814282,0.2554860704345629,Focused
2026-01-10T05:10:39.914102,0.2821284274192294,Focused
2026-01-10T05:10:40.008364,0.22577455014688894,Focused
2026-01-10T05:10:40.104659,0.24899817104742397,Focused
2026-01-10T05:10:40.209483,0.24930104880186266,Focused
2026-01-10T05:10:40.392466,0.24930104880186266,Focused
2026-01-10T05:10:40.523698,0.29746393136738336,Focused
2026-01-10T05:10:40.622778,0.2624297078582458,Focused
2026-01-10T05:10:40.729581,0.2624297078582458,Focused
2026-01-10T05:10:40.819425,0.26113518726779145,Focused
2026-01-10T05:10:40.925840,0.23197743531200102,Focused
2026-01-10T05:10:41.023346,0.2625525666226167,Focused
2026-01-10T05:10:41.123568,0.2682739174342714,Focused
2026-01-10T05:10:41.239184,0.21947306729271077,Focused
2026-01-10T05:10:41.403032,0.23736336630827282,Focused
2026-01-10T05:10:41.500858,0.2543619164789561,Focused
2026-01-10T05:10:41.611611,0.2314674532477511,Focused
2026-01-10T05:10:41.711188,0.23617590338690206,Focused
2026-01-10T05:10:41.812348,0.23004413769522214,Focused
2026-01-10T05:10:41.958351,0.2507389416103251,Focused
2026-01-10T05:10:42.072515,0.20562447810370943,Focused
2026-01-10T05:10:42.192296,0.23494952150504106,Focused
2026-01-10T05:10:42.311373,0.2502843992813723,Focused
2026-01-10T05:10:42.416437,0.27947601941705214,Focused
2026-01-10T05:10:42.612843,0.25020952832419424,Focused
2026-01-10T05:10:42.735459,0.23277026035648307,Focused
2026-01-10T05:10:42.853892,0.25148613493656735,Focused
2026-01-10T05:10:42.974675,0.24185255760094151,Focused
2026-01-10T05:10:43.086438,0.25025818432623054,Focused
2026-01-10T05:10:43.196587,0.24867156475665977,Focused
2026-01-10T05:10:43.328793,0.2665163756988477,Focused
2026-01-10T05:10:43.446275,0.23966065324493685,Focused
2026-01-10T05:10:43.642384,0.3250671420653816,Focused
2026-01-10T05:10:43.744428,0.2144923064566683,Focused
2026-01-10T05:10:43.838642,0.2071364197996445,Focused
2026-01-10T05:10:43.932757,0.22637837263755498,Focused
2026-01-10T05:10:44.028053,0.21894277951214464,Focused
2026-01-10T05:10:44.136768,0.24850150701822712,Focused
2026-01-10T05:10:44.234295,0.20077751866192556,Focused
2026-01-10T05:10:44.352974,0.20625603055814282,Focused
2026-01-10T05:10:44.464006,0.21439224727801048,Focused
2026-01-10T05:10:44.603529,0.2715777020493988,Focused
2026-01-10T05:10:44.761613,0.11713160421350038,Focused
2026-01-10T05:10:44.871191,0.1451947230147198,Focused
2026-01-10T05:10:44.989497,0.16303017748869023,Focused
2026-01-10T05:10:45.088356,0.1355998234983417,Focused
2026-01-10T05:10:45.205801,0.1355998234983417,Focused
2026-01-10T05:10:45.321288,0.11992009681416674,Focused
2026-01-10T05:10:45.434778,0.13356938493961934,Focused
2026-01-10T05:10:45.550201,0.11984270389657467,Focused
2026-01-10T05:10:45.653669,0.12464748077327385,Focused
2026-01-10T05:10:45.845392,0.17558072743122466,Focused
2026-01-10T05:10:45.950718,0.1596563629049342,Focused
2026-01-10T05:10:46.075098,0.16892598326085137,Focused
2026-01-10T05:10:46.184366,0.12844544424442575,Focused
2026-01-10T05:10:46.299918,0.14662046325393022,Focused
2026-01-10T05:10:46.410115,0.1996911740861833,Focused
2026-01-10T05:10:46.517939,0.16030810970114542,Focused
2026-01-10T05:10:46.632665,0.1637686893431237,Focused
2026-01-10T05:10:46.746192,0.1429698728490621,Focused
2026-01-10T05:10:46.919088,0.13967965128831564,Focused
2026-01-10T05:10:47.018360,0.10272990962257608,Focused
2026-01-10T05:10:47.122140,0.11281867735087872,Focused
2026-01-10T05:10:47.221779,0.11473703152732923,Focused
2026-01-10T05:10:47.318845,0.07180436708731576,Focused
2026-01-10T05:10:47.437941,0.12976579823880457,Focused
2026-01-10T05:10:47.552814,0.10459435135999229,Focused
2026-01-10T05:10:47.671380,0.069706972775748,Focused
2026-01-10T05:10:47.780308,0.13801970152417198,Focused
2026-01-10T05:10:47.971287,0.15126364518946503,Focused
2026-01-10T05:10:48.076669,0.2635594378894894,Focused
2026-01-10T05:10:48.177193,0.3173968290386256,Focused
2026-01-10T05:10:48.269845,0.22617746765026822,Focused
2026-01-10T05:10:48.365202,0.22617746765026822,Focused
2026-01-10T05:10:48.459899,0.25834870969410983,Focused
2026-01-10T05:10:48.572731,0.26700935802073217,Focused
2026-01-10T05:10:48.686580,0.2647244323423365,Focused
2026-01-10T05:10:48.785675,0.24288751577842052,Focused
2026-01-10T05:10:48.889695,0.2576584647555137,Focused
2026-01-10T05:10:49.080032,0.21457739883917384,Focused
2026-01-10T05:10:49.187612,0.2655753117549466,Focused
2026-01-10T05:10:49.287596,0.25604720554547383,Focused
2026-01-10T05:10:49.397981,0.2145353834523121,Focused
2026-01-10T05:10:49.504508,0.1684888247255003,Focused
2026-01-10T05:10:49.613509,0.1942921870009741,Focused
2026-01-10T05:10:49.739232,0.12954398141591808,Focused
2026-01-10T05:10:49.847701,0.17999979017477016,Focused
2026-01-10T05:10:49.951202,0.16206055428192484,Focused
2026-01-10T05:10:50.046609,0.11925080473884007,Focused
2026-01-10T05:10:50.219154,0.10422242148197255,Focused
2026-01-10T05:10:50.313734,0.11055528004653752,Focused
2026-01-10T05:10:50.440697,0.10976061430410482,Focused
2026-01-10T05:10:50.549678,0.1519361873040907,Focused
2026-01-10T05:10:50.654752,0.14191717064240947,Focused
2026-01-10T05:10:50.770002,0.12076466342550703,Focused
2026-01-10T05:10:50.891642,0.0864005213486962,Focused
2026-01-10T05:10:51.018690,0.04989984867570456,Focused
2026-01-10T05:10:51.197743,0.0492385314690182,Focused
2026-01-10T05:10:51.322733,0.08335635320399888,Focused
2026-01-10T05:10:51.434676,0.11300914526218549,Focused
2026-01-10T05:10:51.542831,0.08764333108265417,Focused
2026-01-10T05:10:51.680845,0.07677506190375424,Focused
2026-01-10T05:10:51.805083,0.06048917685184278,Focused
2026-01-10T05:10:51.898699,0.08791061001902563,Focused
2026-01-10T05:10:51.999634,0.09402773289948525,Focused
2026-01-10T05:10:52.105190,0.11130398421228165,Focused
2026-01-10T05:10:52.214724,0.06208507128321799,Focused
2026-01-10T05:10:52.403072,0.05280312664326629,Focused
2026-01-10T05:10:52.511201,0.12968639105092733,Focused
2026-01-10T05:10:52.615790,0.1274746916256845,Focused
2026-01-10T05:10:52.714790,0.11800619661808014,Focused
2026-01-10T05:10:52.831789,0.13565427796565926,Focused
2026-01-10T05:10:52.929799,0.11794051259348634,Focused
2026-01-10T05:10:53.035387,0.14352244020119542,Focused
2026-01-10T05:10:53.140075,0.14352244020119542,Focused
2026-01-10T05:10:53.271944,0.1413493046653457,Focused
2026-01-10T05:10:53.454223,0.1260373827535659,Focused
2026-01-10T05:10:53.559710,0.14723071765038184,Focused
2026-01-10T05:10:53.662876,0.09083310058340431,Focused
2026-01-10T05:10:53.771189,0.12466138660383876,Focused
2026-01-10T05:10:53.881835,0.1431535918498412,Focused
2026-01-10T05:10:53.991028,0.1914869492466096,Focused
2026-01-10T05:10:54.094526,0.1784566903777886,Focused
2026-01-10T05:10:54.194478,0.1405455870379228,Focused
2026-01-10T05:10:54.308637,0.1525476947048446,Focused
2026-01-10T05:10:54.408099,0.16155267079593613,Focused
2026-01-10T05:10:54.575658,0.1396330896008294,Focused
2026-01-10T05:10:54.682012,0.14562540804618038,Focused
2026-01-10T05:10:54.793432,0.1463883082731627,Focused
2026-01-10T05:10:54.906533,0.18814751919999254,Focused
2026-01-10T05:10:55.001743,0.16673491147957975,Focused
2026-01-10T05:10:55.117605,0.14068642968486528,Focused
2026-01-10T05:10:55.221626,0.16000304486224196,Focused
2026-01-10T05:10:55.344752,0.15856899001519198,Focused
2026-01-10T05:10:55.456540,0.14757288137334398,Focused
2026-01-10T05:10:55.674978,0.14757288137334398,Focused
2026-01-10T05:10:55.816447,0.062321272422559554,Focused
2026-01-10T05:10:55.941792,0.07121375157439616,Focused
2026-01-10T05:10:56.058952,0.11706976342829875,Focused
2026-01-10T05:10:56.161542,0.09719332312815823,Focused
2026-01-10T05:10:56.265140,0.09254168247280176,Focused
2026-01-10T05:10:56.369341,0.11219524144980823,Focused
2026-01-10T05:10:56.471232,0.10838824068196118,Focused
2026-01-10T05:10:56.605711,0.09769789869169472,Focused
2026-01-10T05:10:56.774283,0.09774540647922549,Focused
2026-01-10T05:10:56.889035,0.07751758654485456,Focused
2026-01-10T05:10:56.999490,0.05539860148273874,Focused
2026-01-10T05:10:57.091353,0.07225803449982778,Focused
2026-01-10T05:10:57.197310,0.07605432173004373,Focused
2026-01-10T05:10:57.307005,0.0908237968047615,Focused
2026-01-10T05:10:57.421687,0.08276067100814544,Focused
2026-01-10T05:10:57.523487,0.10078816279419697,Focused
2026-01-10T05:10:57.635662,0.09113069025916049,Focused
2026-01-10T05:10:57.821448,0.1070666598767275,Focused
2026-01-10T05:10:57.929831,0.07770737121463753,Focused
2026-01-10T05:10:58.038492,0.11115228441776707,Focused
2026-01-10T05:10:58.135329,0.1074260433204472,Focused
2026-01-10T05:10:58.234609,0.07379317126469687,Focused
2026-01-10T05:10:58.339172,0.09363985290110577,Focused
2026-01-10T05:10:58.440071,0.07601902427268213,Focused
2026-01-10T05:10:58.545942,0.06524644174205604,Focused
2026-01-10T05:10:58.653316,0.04397624280245509,Focused
2026-01-10T05:10:58.780070,0.0956352753302781,Focused
2026-01-10T05:10:58.940202,0.07406788099906406,Focused
2026-01-10T05:10:59.145592,0.07255045053898357,Focused
2026-01-10T05:10:59.259709,0.09649015003524256,Focused
2026-01-10T05:10:59.366721,0.06627008840732741,Focused
2026-01-10T05:10:59.468454,0.10656031162361614,Focused
2026-01-10T05:10:59.580506,0.09711130230425624,Focused
2026-01-10T05:10:59.692485,0.0759222003573086,Focused
2026-01-10T05:10:59.812659,0.0936853436200181,Focused
2026-01-10T05:11:00.009551,0.0810787811904447,Focused
2026-01-10T05:11:00.122831,0.0814727487100754,Focused
2026-01-10T05:11:00.221310,0.08266557095630561,Focused
2026-01-10T05:11:00.322035,0.08683188771246932,Focused
2026-01-10T05:11:00.427171,0.0935867386026075,Focused
2026-01-10T05:11:00.539602,0.11574297537736129,Focused
2026-01-10T05:11:00.638398,0.10082648460520431,Focused
2026-01-10T05:11:00.794516,0.08504630240495317,Focused
2026-01-10T05:11:00.906239,0.08219677573652007,Focused
2026-01-10T05:11:01.093075,0.046533899768837726,Focused
2026-01-10T05:11:01.201729,0.07307928947848268,Focused
2026-01-10T05:11:01.324282,0.08866476299008355,Focused
2026-01-10T05:11:01.425847,0.06407799333683215,Focused
2026-01-10T05:11:01.533194,0.08272805336746387,Focused
2026-01-10T05:11:01.641249,0.09967018779279897,Focused
2026-01-10T05:11:01.740411,0.0892714296322083,Focused
2026-01-10T05:11:01.847476,0.0999610004524584,Focused
2026-01-10T05:11:01.946713,0.0819996346894186,Focused
2026-01-10T05:11:02.134854,0.0819996346894186,Focused
2026-01-10T05:11:02.241958,0.08169823042117058,Focused
2026-01-10T05:11:02.350001,0.08652874855324624,Focused
2026-01-10T05:11:02.443827,0.11051501232141163,Focused
2026-01-10T05:11:02.558545,0.08778092308493796,Focused
2026-01-10T05:11:02.671929,0.06514987326081609,Focused
2026-01-10T05:11:02.770917,0.07890899736376013,Focused
2026-01-10T05:11:02.872402,0.07380775167839601,Focused
2026-01-10T05:11:02.966591,0.07318464653217233,Focused
2026-01-10T05:11:03.059547,0.08387377547624056,Focused
2026-01-10T05:11:03.243488,0.10932766602782068,Focused
2026-01-10T05:11:03.362727,0.14264474874071312,Focused
2026-01-10T05:11:03.467595,0.07778961104340851,Focused
2026-01-10T05:11:03.581479,0.026998510782141237,Focused
2026-01-10T05:11:03.697329,0.03950281189463566,Focused
2026-01-10T05:11:03.800661,0.0544684256776236,Focused
2026-01-10T05:11:03.911458,0.05696967108524404,Focused
2026-01-10T05:11:04.018030,0.07278170099016279,Focused
2026-01-10T05:11:04.147594,0.07364705898507963,Focused
2026-01-10T05:11:04.339902,0.10604397309361957,Focused
2026-01-10T05:11:04.452737,0.12324274699203669,Focused
2026-01-10T05:11:04.551801,0.09177203320141417,Focused
2026-01-10T05:11:04.672510,0.0845817732879368,Focused
2026-01-10T05:11:04.776111,0.1363831026450498,Focused
2026-01-10T05:11:04.879715,0.09350099119474178,Focused
2026-01-10T05:11:04.986644,0.08100876669268472,Focused
2026-01-10T05:11:05.092306,0.12775006353185744,Focused
2026-01-10T05:11:05.196929,0.12086681434448109,Focused
2026-01-10T05:11:05.363906,0.08157585386070422,Focused
2026-01-10T05:11:05.481775,0.0,Focused
2026-01-10T05:11:05.613868,0.07052680955966935,Focused
2026-01-10T05:11:05.716825,0.05232598941074684,Focused
2026-01-10T05:11:05.828786,0.02419915000791661,Focused
2026-01-10T05:11:05.944264,0.04359049858758226,Focused
2026-01-10T05:11:06.048708,0.1083694731350988,Focused
2026-01-10T05:11:06.147288,0.16399614046677016,Focused
2026-01-10T05:11:06.254270,0.11753465068759397,Focused
2026-01-10T05:11:06.350992,0.11417212369851769,Focused
2026-01-10T05:11:06.536993,0.09197280243388377,Focused
2026-01-10T05:11:06.635855,0.0804395123355789,Focused
2026-01-10T05:11:06.746212,0.10738374430220574,Focused
2026-01-10T05:11:06.862025,0.027073104225564748,Focused
2026-01-10T05:11:06.971337,0.03248828997602686,Focused
2026-01-10T05:11:07.079980,0.03808991086552851,Focused
2026-01-10T05:11:07.182378,0.024101418652571736,Focused
2026-01-10T05:11:07.292260,0.028120246867183594,Focused
2026-01-10T05:11:07.404349,0.022467406920623035,Focused
2026-01-10T05:11:07.597202,0.03708163218980189,Focused
2026-01-10T05:11:07.712082,0.07163530362304299,Focused
2026-01-10T05:11:07.807349,0.043298478481301576,Focused
2026-01-10T05:11:07.903788,0.07047041545956745,Focused
2026-01-10T05:11:08.011036,0.06872195898031351,Focused
2026-01-10T05:11:08.115037,0.03556668877572519,Focused
2026-01-10T05:11:08.237586,0.05767324208572972,Focused
2026-01-10T05:11:08.341291,0.03540301472239662,Focused
2026-01-10T05:11:08.451290,0.054429223213810475,Focused
2026-01-10T05:11:08.557343,0.08679055243410402,Focused
2026-01-10T05:11:08.719504,0.1571263194316998,Focused
2026-01-10T05:11:08.819037,0.12721051488188093,Focused
2026-01-10T05:11:08.928236,0.06589451678955811,Focused
2026-01-10T05:11:09.030999,0.054137327633361564,Focused
2026-01-10T05:11:09.142055,0.07104542471497552,Focused
2026-01-10T05:11:09.247888,0.1090984141745139,Focused
2026-01-10T05:11:09.370113,0.08582079989428165,Focused
2026-01-10T05:11:09.474866,0.09210996191250159,Focused
2026-01-10T05:11:09.611424,0.09226273495005444,Focused
2026-01-10T05:11:09.818739,0.1029192347312346,Focused
2026-01-10T05:11:09.931846,0.14318963165860624,Focused
2026-01-10T05:11:10.025008,0.13911140518030155,Focused
2026-01-10T05:11:10.131656,0.14795366334728896,Focused
2026-01-10T05:11:10.236786,0.17192140060942623,Focused
2026-01-10T05:11:10.336406,0.17321657239808702,Focused
2026-01-10T05:11:10.429329,0.15280226096219848,Focused
2026-01-10T05:11:10.538427,0.11903891509282401,Focused
2026-01-10T05:11:10.633824,0.09686510946485213,Focused
2026-01-10T05:11:10.724346,0.09686510946485213,Focused
2026-01-10T05:11:10.913447,0.11897171186137712,Focused
2026-01-10T05:11:11.016913,0.13890753642772324,Focused
2026-01-10T05:11:11.122182,0.13890753642772324,Focused
2026-01-10T05:11:11.239684,0.09434328923089196,Focused
2026-01-10T05:11:11.345943,0.08568125446909107,Focused
2026-01-10T05:11:11.451700,0.03531785232626135,Focused
2026-01-10T05:11:11.558865,0.05796275469328975,Focused
2026-01-10T05:11:11.659180,0.05796048643387621,Focused
2026-01-10T05:11:11.751767,0.06252771583094727,Focused
2026-01-10T05:11:11.915472,0.0551290637391503,Focused
2026-01-10T05:11:12.030677,0.05490444015304092,Focused
2026-01-10T05:11:12.140052,0.07367057772062253,Focused
2026-01-10T05:11:12.240084,0.08109234601142816,Focused
2026-01-10T05:11:12.369750,0.06672293930896558,Focused
2026-01-10T05:11:12.478303,0.05546344249451067,Focused
2026-01-10T05:11:12.586316,0.06110947801316796,Focused
2026-01-10T05:11:12.686842,0.06329561383608961,Focused
2026-01-10T05:11:12.779322,0.07739711660469765,Focused
2026-01-10T05:11:12.886907,0.05496701736337854,Focused
2026-01-10T05:11:13.085391,0.07636166448210133,Focused
2026-01-10T05:11:13.197147,0.027992623571481093,Focused
2026-01-10T05:11:13.298313,0.048911294149002055,Focused
2026-01-10T05:11:13.413440,0.03810075789515394,Focused
2026-01-10T05:11:13.526994,0.036487243781448346,Focused
2026-01-10T05:11:13.623062,0.04027008031698642,Focused
2026-01-10T05:11:13.721693,0.03932349188253283,Focused
2026-01-10T05:11:13.828040,0.044410335326392665,Focused
2026-01-10T05:11:13.952797,0.031840159674175084,Focused
2026-01-10T05:11:14.164215,0.07717728518910007,Focused
2026-01-10T05:11:14.272603,0.06997034067171624,Focused
2026-01-10T05:11:14.380450,0.08635977310768794,Focused
2026-01-10T05:11:14.488220,0.14437672938220203,Focused
2026-01-10T05:11:14.626507,0.11836126463895198,Focused
2026-01-10T05:11:14.734677,0.0811325007583946,Focused
2026-01-10T05:11:14.842962,0.07446708915522321,Focused
2026-01-10T05:11:14.943897,0.07063108065485721,Focused
2026-01-10T05:11:15.042303,0.06521168006584047,Focused
2026-01-10T05:11:15.228276,0.029087327790330162,Focused
2026-01-10T05:11:15.335964,0.07331752744794356,Focused
2026-01-10T05:11:15.447002,0.09954853274393827,Focused
2026-01-10T05:11:15.552130,0.08741144467785489,Focused
2026-01-10T05:11:15.657547,0.08973589936504141,Focused
2026-01-10T05:11:15.763860,0.09421264732081909,Focused
2026-01-10T05:11:15.856786,0.12981377975374925,Focused
2026-01-10T05:11:15.970452,0.1021747946855612,Focused
2026-01-10T05:11:16.076633,0.09143074078019708,Focused
2026-01-10T05:11:16.180544,0.10986956562555861,Focused
2026-01-10T05:11:16.370709,0.10212738348345737,Focused
2026-01-10T05:11:16.496528,0.06884958266746252,Focused
2026-01-10T05:11:16.600710,0.0274772094853688,Focused
2026-01-10T05:11:16.696983,0.07411987545492593,Focused
2026-01-10T05:11:16.800528,0.10566886691813124,Focused
2026-01-10T05:11:16.900755,0.07939336892450229,Focused
2026-01-10T05:11:17.003562,0.08992836963152513,Focused
2026-01-10T05:11:17.100640,0.10656795750983292,Focused
2026-01-10T05:11:17.204300,0.09352755330037325,Focused
2026-01-10T05:11:17.353805,0.09172628923988668,Focused
2026-01-10T05:11:17.490689,0.08616215742367785,Focused
2026-01-10T05:11:17.595327,0.054675394139485425,Focused
2026-01-10T05:11:17.699289,0.061536488443380215,Focused
2026-01-10T05:11:17.813701,0.07987421721336432,Focused
2026-01-10T05:11:17.915042,0.07987421721336432,Focused
2026-01-10T05:11:18.018312,0.0971561850165017,Focused
2026-01-10T05:11:18.124334,0.09497354299528524,Focused
2026-01-10T05:11:18.238333,0.07860139986732975,Focused
2026-01-10T05:11:18.331187,0.14179454559925941,Focused
2026-01-10T05:11:18.527768,0.13689204319380224,Focused
2026-01-10T05:11:18.637102,0.15753367703873664,Focused
2026-01-10T05:11:18.737740,0.13790191149455497,Focused
2026-01-10T05:11:18.850387,0.16460842100204898,Focused
2026-01-10T05:11:18.958054,0.13094859943375922,Focused
2026-01-10T05:11:19.049476,0.1364213579770876,Focused
2026-01-10T05:11:19.157327,0.13852467741380678,Focused
2026-01-10T05:11:19.270550,0.1335789504504646,Focused
2026-01-10T05:11:19.380172,0.15452537017408757,Focused
2026-01-10T05:11:19.553506,0.15115173682570454,Focused
2026-01-10T05:11:19.651649,0.0936645266454434,Focused
2026-01-10T05:11:19.757100,0.08198376654472667,Focused
2026-01-10T05:11:19.874953,0.09454875778465065,Focused
2026-01-10T05:11:19.978385,0.09606211171631003,Focused
2026-01-10T05:11:20.071915,0.07950471924996237,Focused
2026-01-10T05:11:20.178417,0.1057839667162625,Focused
2026-01-10T05:11:20.289652,0.0766041069466155,Focused
2026-01-10T05:11:20.391181,0.08887273200380151,Focused
2026-01-10T05:11:20.506091,0.06683919360511936,Focused
2026-01-10T05:11:20.691518,0.0928541325731203,Focused
2026-01-10T05:11:20.801562,0.10739293153164908,Focused
2026-01-10T05:11:20.913839,0.04882608396073919,Focused
2026-01-10T05:11:21.012045,0.08346369736536872,Focused
2026-01-10T05:11:21.102866,0.08504993355745682,Focused
2026-01-10T05:11:21.210485,0.06372179038007743,Focused
2026-01-10T05:11:21.318259,0.05025319588603452,Focused
2026-01-10T05:11:21.427966,0.06629527425320703,Focused
2026-01-10T05:11:21.531786,0.1140307900888729,Focused
2026-01-10T05:11:21.633641,0.1403429047699319,Focused
2026-01-10T05:11:21.792295,0.14157401358534116,Focused
2026-01-10T05:11:21.896008,0.1368348480493296,Focused
2026-01-10T05:11:21.998264,0.11808020630269311,Focused
2026-01-10T05:11:22.096938,0.1412497128301766,Focused
2026-01-10T05:11:22.198355,0.11279894527397119,Focused
2026-01-10T05:11:22.300275,0.11182276634790468,Focused
2026-01-10T05:11:22.414250,0.12133786660269834,Focused
2026-01-10T05:11:22.506453,0.13892016853787936,Focused
2026-01-10T05:11:22.627330,0.11990632776432902,Focused
2026-01-10T05:11:22.737511,0.11130695448810002,Focused
2026-01-10T05:11:22.884464,0.12327024488040479,Focused
2026-01-10T05:11:23.004172,0.09644968045176938,Focused
2026-01-10T05:11:23.098307,0.09495494820876046,Focused
2026-01-10T05:11:23.190683,0.09495494820876046,Focused
2026-01-10T05:11:23.303319,0.09007775954378304,Focused
2026-01-10T05:11:23.444837,0.09843283309019171,Focused
2026-01-10T05:11:23.553081,0.11810363075201166,Focused
2026-01-10T05:11:23.692149,0.10399055478483206,Focused
2026-01-10T05:11:23.862308,0.09984186778892762,Focused
2026-01-10T05:11:23.992889,0.08778456536092562,Focused
2026-01-10T05:11:24.115940,0.06602977541624568,Focused
2026-01-10T05:11:24.255845,0.042660239480028395,Focused
2026-01-10T05:11:24.397222,0.032809906398324526,Focused
2026-01-10T05:11:24.527951,0.02594193080294644,Focused
2026-01-10T05:11:24.648401,0.03795880916441092,Focused
2026-01-10T05:11:24.784311,0.05595586570125306,Focused
2026-01-10T05:11:24.978368,0.08816515819489723,Focused
2026-01-10T05:11:25.103129,0.06558812311850487,Focused
2026-01-10T05:11:25.198045,0.09461754170770291,Focused
2026-01-10T05:11:25.293996,0.0750096865987871,Focused
2026-01-10T05:11:25.407854,0.05746244858019054,Focused
2026-01-10T05:11:25.527814,0.06786830819182796,Focused
2026-01-10T05:11:25.627988,0.07863650215585949,Focused
2026-01-10T05:11:25.750465,0.06470676547614856,Focused
2026-01-10T05:11:25.859457,0.020641374340630136,Focused
2026-01-10T05:11:26.025960,0.033496594388270746,Focused
2026-01-10T05:11:26.133598,0.03672300679900218,Focused
2026-01-10T05:11:26.234441,0.03128375159576535,Focused
2026-01-10T05:11:26.343416,0.030018137188744732,Focused
2026-01-10T05:11:26.460121,0.051657984923804176,Focused
2026-01-10T05:11:26.584048,0.062498607783345504,Focused
2026-01-10T05:11:26.683048,0.09854011241113766,Focused
2026-01-10T05:11:26.802188,0.06142236574087291,Focused
2026-01-10T05:11:26.906634,0.01868671503907535,Focused
2026-01-10T05:11:27.009847,0.048197258065920325,Focused
2026-01-10T05:11:27.177152,0.05681975638071889,Focused
2026-01-10T05:11:27.274097,0.08835711111023557,Focused
2026-01-10T05:11:27.378465,0.07206944444624241,Focused
2026-01-10T05:11:27.498362,0.09624274783709552,Focused
2026-01-10T05:11:27.619355,0.09826819388545119,Focused
2026-01-10T05:11:27.714757,0.08922467386582866,Focused
2026-01-10T05:11:27.829267,0.12176312383380719,Focused
2026-01-10T05:11:27.930700,0.10550499358942034,Focused
2026-01-10T05:11:28.044870,0.08351620524481404,Focused
2026-01-10T05:11:28.219360,0.07031244022364262,Focused
2026-01-10T05:11:28.317407,0.0890162899158895,Focused
2026-01-10T05:11:28.413666,0.10016108967247418,Focused
2026-01-10T05:11:28.522380,0.09140927950211335,Focused
2026-01-10T05:11:28.634100,0.06926842132015736,Focused
2026-01-10T05:11:28.728011,0.08971242643601726,Focused
2026-01-10T05:11:28.852726,0.11307219512527808,Focused
2026-01-10T05:11:28.963582,0.02968796556815505,Focused
2026-01-10T05:11:29.072176,0.0890950427739881,Focused
2026-01-10T05:11:29.167461,0.05691473048646002,Focused
2026-01-10T05:11:29.334850,0.030767658803961234,Focused
2026-01-10T05:11:29.440810,0.03973911788198165,Focused
2026-01-10T05:11:29.557019,0.01602566254150588,Focused
2026-01-10T05:11:29.667432,0.025596943072741848,Focused
2026-01-10T05:11:29.757465,0.08317253289569636,Focused
2026-01-10T05:11:29.856595,0.057147914508823304,Focused
2026-01-10T05:11:29.968904,0.037960374503745696,Focused
2026-01-10T05:11:30.073422,0.050799708929844194,Focused
2026-01-10T05:11:30.167282,0.03606302709667943,Focused
2026-01-10T05:11:30.262515,0.03606302709667943,Focused
2026-01-10T05:11:30.426382,0.11147500856895931,Focused
2026-01-10T05:11:30.531623,0.20574539606459438,Focused
2026-01-10T05:11:30.632086,0.13649045551937888,Focused
2026-01-10T05:11:30.739636,0.16294815285364164,Focused
2026-01-10T05:11:30.843087,0.1761585218147957,Focused
2026-01-10T05:11:30.959706,0.1479457361041568,Focused
2026-01-10T05:11:31.058399,0.14459202435100452,Focused
2026-01-10T05:11:31.167440,0.14459202435100452,Focused
2026-01-10T05:11:31.263153,0.1538564691392821,Focused
2026-01-10T05:11:31.376138,0.15748294182994868,Focused
2026-01-10T05:11:31.534161,0.14734417456929805,Focused
2026-01-10T05:11:31.644548,0.14520533249960862,Focused
2026-01-10T05:11:31.758202,0.14525701735692562,Focused
2026-01-10T05:11:31.851899,0.13898344639455898,Focused
2026-01-10T05:11:31.950614,0.15657240331638606,Focused
2026-01-10T05:11:32.056858,0.16568876544479277,Focused
2026-01-10T05:11:32.162096,0.16031562712742017,Focused
2026-01-10T05:11:32.270698,0.15453227225807495,Focused
2026-01-10T05:11:32.376757,0.15916466907947324,Focused
2026-01-10T05:11:32.561340,0.1605153544805944,Focused
2026-01-10T05:11:32.669760,0.15334473119000902,Focused
2026-01-10T05:11:32.793322,0.15942282865289598,Focused
2026-01-10T05:11:32.894262,0.0730690572061576,Focused
2026-01-10T05:11:33.030874,0.05962705687707057,Focused
2026-01-10T05:11:33.149715,0.06404709211492444,Focused
2026-01-10T05:11:33.283220,0.026569561267388055,Focused
2026-01-10T05:11:33.398667,0.038015733251813795,Focused
2026-01-10T05:11:33.574931,0.027639134755008853,Focused
2026-01-10T05:11:33.695018,0.028649661407689563,Focused
2026-01-10T05:11:33.819494,0.04026718304958194,Focused
2026-01-10T05:11:33.932950,0.04733130215317942,Focused
2026-01-10T05:11:34.049298,0.057561959468876,Focused
2026-01-10T05:11:34.156571,0.044245363261143214,Focused
2026-01-10T05:11:34.275639,0.04069336782849859,Focused
2026-01-10T05:11:34.383058,0.03633942838641815,Focused
2026-01-10T05:11:34.482415,0.03930783777614125,Focused
2026-01-10T05:11:34.590156,0.03227782606845722,Focused
2026-01-10T05:11:34.746270,0.03477506520430324,Focused
2026-01-10T05:11:34.865690,0.04743855315464316,Focused
2026-01-10T05:11:34.964761,0.04592809086607303,Focused
2026-01-10T05:11:35.062861,0.06178907671273918,Focused
2026-01-10T05:11:35.186678,0.07011320329329465,Focused
2026-01-10T05:11:35.290276,0.049579515212099065,Focused
2026-01-10T05:11:35.399565,0.07081922025681707,Focused
2026-01-10T05:11:35.503435,0.08423919353808741,Focused
2026-01-10T05:11:35.620974,0.060797682263364544,Focused
2026-01-10T05:11:35.795566,0.06620489127817564,Focused
2026-01-10T05:11:35.922170,0.05878337802132592,Focused
2026-01-10T05:11:36.024703,0.09918862106860614,Focused
2026-01-10T05:11:36.139304,0.09259502569912002,Focused
2026-01-10T05:11:36.243556,0.05496844140579924,Focused
2026-01-10T05:11:36.361155,0.06820972745772451,Focused
2026-01-10T05:11:36.474412,0.06410826482460834,Focused
2026-01-10T05:11:36.600078,0.05192870400496759,Focused
2026-01-10T05:11:36.698975,0.05832330744597129,Focused
2026-01-10T05:11:36.868868,0.08125931402901188,Focused
2026-01-10T05:11:36.980254,0.07485828554490581,Focused
2026-01-10T05:11:37.071540,0.11915890402160585,Focused
2026-01-10T05:11:37.225611,0.09592406788724474,Focused
2026-01-10T05:11:37.333668,0.11798380056279711,Focused
2026-01-10T05:11:37.442580,0.10958293957228306,Focused
2026-01-10T05:11:37.545649,0.11029760225501378,Focused
2026-01-10T05:11:37.669584,0.08650708679051604,Focused
2026-01-10T05:11:37.782412,0.13692668083531317,Focused
2026-01-10T05:11:37.967181,0.1375744097691495,Focused
2026-01-10T05:11:38.069073,0.08189112051622943,Focused
2026-01-10T05:11:38.166914,0.06052138069062493,Focused
2026-01-10T05:11:38.296125,0.07316423004376703,Focused
2026-01-10T05:11:38.419078,0.07907348410517442,Focused
2026-01-10T05:11:38.534927,0.07666498030157526,Focused
2026-01-10T05:11:38.743965,0.0741954173252452,Focused
2026-01-10T05:11:38.876977,0.06268539190059527,Focused
2026-01-10T05:11:39.060417,0.07288860192202264,Focused
2026-01-10T05:11:39.163127,0.0855663076188648,Focused
2026-01-10T05:11:39.258237,0.09784661753219552,Focused
2026-01-10T05:11:39.367308,0.07905112842709058,Focused
2026-01-10T05:11:39.483867,0.09117647205421235,Focused
2026-01-10T05:11:39.585869,0.05645996182865929,Focused
2026-01-10T05:11:39.681850,0.05645996182865929,Focused
2026-01-10T05:11:39.788304,0.0778149555902928,Focused
2026-01-10T05:11:39.880826,0.06387220535543747,Focused
2026-01-10T05:11:39.970956,0.04861415079212747,Focused
2026-01-10T05:11:40.125240,0.028881823015399277,Focused
2026-01-10T05:11:40.227445,0.03376624799566343,Focused
2026-01-10T05:11:40.345949,0.03376624799566343,Focused
2026-01-10T05:11:40.445390,0.0963237938034581,Focused
2026-01-10T05:11:40.548969,0.13128396209503987,Focused
2026-01-10T05:11:40.646340,0.09112394546973519,Focused
2026-01-10T05:11:40.761663,0.10146350538125261,Focused
2026-01-10T05:11:40.866318,0.08101115452009253,Focused
2026-01-10T05:11:40.957223,0.09285621484159491,Focused
2026-01-10T05:11:41.052638,0.05977616092422977,Focused
2026-01-10T05:11:41.217112,0.10065362959867342,Focused
2026-01-10T05:11:41.345934,0.1298778769749333,Focused
2026-01-10T05:11:41.455425,0.1437871797388652,Focused
2026-01-10T05:11:41.572672,0.1324850054777926,Focused
2026-01-10T05:11:41.671749,0.1246063779311953,Focused
2026-01-10T05:11:41.792857,0.06635467501182575,Focused
2026-01-10T05:11:41.898712,0.1435988649231149,Focused
2026-01-10T05:11:41.989327,0.11957944927853532,Focused
2026-01-10T05:11:42.082602,0.14812109817285088,Focused
2026-01-10T05:11:42.254180,0.11718205820943693,Focused
2026-01-10T05:11:42.350611,0.13127327228576177,Focused
2026-01-10T05:11:42.467159,0.1409050276502967,Focused
2026-01-10T05:11:42.584050,0.15736605663405498,Focused
2026-01-10T05:11:42.676740,0.18597216319176368,Focused
2026-01-10T05:11:42.771660,0.15158730835828463,Focused
2026-01-10T05:11:42.878635,0.18971047160157467,Focused
2026-01-10T05:11:42.974922,0.227419157953409,Focused
2026-01-10T05:11:43.067014,0.22596528819412923,Focused
2026-01-10T05:11:43.161421,0.22596528819412923,Focused
2026-01-10T05:11:43.354338,0.21531922413269058,Focused
2026-01-10T05:11:43.497779,0.21368631997029297,Focused
2026-01-10T05:11:43.622258,0.18835222899215295,Focused
2026-01-10T05:11:43.738658,0.22732519890996628,Focused
2026-01-10T05:11:43.861402,0.27017664079903625,Focused
2026-01-10T05:11:43.972837,0.2261341997538693,Focused
2026-01-10T05:11:44.083232,0.1848031439818442,Focused
2026-01-10T05:11:44.202044,0.2559909347939538,Focused
2026-01-10T05:11:44.325442,0.22322486120974647,Focused
2026-01-10T05:11:44.498527,0.2207422389299609,Focused
2026-01-10T05:11:44.625827,0.21956337082665414,Focused
2026-01-10T05:11:44.741315,0.21896711734589192,Focused
2026-01-10T05:11:44.857246,0.1508081402454991,Focused
2026-01-10T05:11:44.972693,0.13440927060437385,Focused
2026-01-10T05:11:45.084403,0.17582603491900956,Focused
2026-01-10T05:11:45.193501,0.17108991973072987,Focused
2026-01-10T05:11:45.293136,0.1480536401635618,Focused
2026-01-10T05:11:45.493817,0.1478609913494438,Focused
2026-01-10T05:11:45.620852,0.1646532305428991,Focused
2026-01-10T05:11:45.734387,0.1548743432300398,Focused
2026-01-10T05:11:45.832247,0.18210764777904842,Focused
2026-01-10T05:11:45.940858,0.1947110026841983,Focused
2026-01-10T05:11:46.039253,0.2101135587261524,Focused
2026-01-10T05:11:46.148016,0.20233187614940107,Focused
2026-01-10T05:11:46.257737,0.20393040394410492,Focused
2026-01-10T05:11:46.366028,0.19406591196311637,Focused
2026-01-10T05:11:46.475648,0.20885375312063842,Focused
2026-01-10T05:11:46.678027,0.1983327365713194,Focused
2026-01-10T05:11:46.788276,0.22048861645162107,Focused
2026-01-10T05:11:46.896147,0.1973045882768929,Focused
2026-01-10T05:11:47.019200,0.21886003492400052,Focused
2026-01-10T05:11:47.126586,0.20254557607695461,Focused
2026-01-10T05:11:47.223593,0.18417942859232425,Focused
2026-01-10T05:11:47.331557,0.18115007816813886,Focused
2026-01-10T05:11:47.456432,0.1801966952160001,Focused
2026-01-10T05:11:47.600709,0.18848838014528155,Focused
2026-01-10T05:11:47.773336,0.19772400483489036,Focused
2026-01-10T05:11:47.880726,0.19697976717725396,Focused
2026-01-10T05:11:47.987124,0.19650056581012904,Focused
2026-01-10T05:11:48.095225,0.20714486204087737,Focused
2026-01-10T05:11:48.195267,0.20546191406901926,Focused
2026-01-10T05:11:48.301527,0.22896711998619138,Focused
2026-01-10T05:11:48.412757,0.21081278915517032,Focused
2026-01-10T05:11:48.529040,0.2231424124795012,Focused
2026-01-10T05:11:48.646396,0.212618220038712,Focused
2026-01-10T05:11:48.845908,0.19147925504366867,Focused
2026-01-10T05:11:48.957881,0.20813629152253268,Focused
2026-01-10T05:11:49.078337,0.1996673829096835,Focused
2026-01-10T05:11:49.207926,0.22019008949282579,Focused
2026-01-10T05:11:49.335768,0.21302914397674613,Focused
2026-01-10T05:11:49.457373,0.20888245397363792,Focused
2026-01-10T05:11:49.584168,0.21097392115625552,Focused
2026-01-10T05:11:49.706528,0.20776140573434532,Focused
2026-01-10T05:11:49.871823,0.21118918952997776,Focused
2026-01-10T05:11:49.981454,0.2033238474628888,Focused
2026-01-10T05:11:50.104354,0.1889004233526066,Focused
2026-01-10T05:11:50.236368,0.1975377231836319,Focused
2026-01-10T05:11:50.362681,0.13926904873806054,Focused
2026-01-10T05:11:50.458445,0.16877873819903472,Focused
2026-01-10T05:11:50.569338,0.10284127460909075,Focused
2026-01-10T05:11:50.679019,0.12206329252221622,Focused
2026-01-10T05:11:50.775043,0.12568470251280814,Focused
2026-01-10T05:11:50.968982,0.14816324757412075,Focused
2026-01-10T05:11:51.079184,0.15686745714046993,Focused
2026-01-10T05:11:51.217831,0.15864367788017264,Focused
2026-01-10T05:11:51.329322,0.15129558503977023,Focused
2026-01-10T05:11:51.436996,0.20715753054537345,Focused
2026-01-10T05:11:51.552421,0.20715753054537345,Focused
2026-01-10T05:11:51.659698,0.19054010349791495,Focused
2026-01-10T05:11:51.763588,0.19492789076175543,Focused
2026-01-10T05:11:51.863110,0.19702764028916134,Focused
2026-01-10T05:11:51.979417,0.20871917592594397,Focused
2026-01-10T05:11:52.123016,0.21806186446920037,Focused
2026-01-10T05:11:52.224160,0.1687749314238317,Focused
2026-01-10T05:11:52.316223,0.19096095925197004,Focused
2026-01-10T05:11:52.407159,0.18213190715759991,Focused
2026-01-10T05:11:52.501257,0.18213190715759991,Focused
2026-01-10T05:11:52.598162,0.21269504029769448,Focused
2026-01-10T05:11:52.688983,0.21788146262988448,Focused
2026-01-10T05:11:52.800232,0.21140578605700283,Focused
2026-01-10T05:11:52.905744,0.1960915972245857,Focused
2026-01-10T05:11:53.017378,0.20656487504020332,Focused
2026-01-10T05:11:53.204006,0.17254053894430396,Focused
2026-01-10T05:11:53.315309,0.13820275040343405,Focused
2026-01-10T05:11:53.431408,0.13650138396769762,Focused
2026-01-10T05:11:53.547315,0.15975021608173848,Focused
2026-01-10T05:11:53.664686,0.17746455520391463,Focused
2026-01-10T05:11:53.774633,0.19119711685925722,Focused
2026-01-10T05:11:53.884492,0.206797151081264,Focused
2026-01-10T05:11:54.003222,0.26148021705448626,Focused
2026-01-10T05:11:54.105071,0.32339180558919906,Focused
2026-01-10T05:11:54.297682,0.3494573131203651,Focused
2026-01-10T05:11:54.421708,0.3954487532377243,Focused
2026-01-10T05:11:54.523831,0.3810012862086296,Focused
2026-01-10T05:11:54.619863,0.4200404450297356,Focused
2026-01-10T05:11:54.723862,0.3605932638049125,Focused
2026-01-10T05:11:54.845851,0.34302052333951,Focused
2026-01-10T05:11:54.948269,0.2791086327284575,Focused
2026-01-10T05:11:55.069087,0.3309384144842625,Focused
2026-01-10T05:11:55.170363,0.2955378726124763,Focused
2026-01-10T05:11:55.357356,0.36500318497419354,Focused
2026-01-10T05:11:55.473949,0.3872490555047989,Focused
2026-01-10T05:11:55.574748,0.35711672008037565,Focused
2026-01-10T05:11:55.678676,0.37976987361907955,Focused
2026-01-10T05:11:55.787016,0.38905176967382427,Focused
2026-01-10T05:11:55.903347,0.38905176967382427,Focused
2026-01-10T05:11:56.009853,0.3556260272860527,Focused
2026-01-10T05:11:56.143361,0.3996439054608345,Focused
2026-01-10T05:11:56.235243,0.3088079445064068,Focused
2026-01-10T05:11:56.415890,0.36779850870370867,Focused
2026-01-10T05:11:56.523280,0.37261903882026676,Focused
2026-01-10T05:11:56.619391,0.3907503351569176,Focused
2026-01-10T05:11:56.711131,0.3530627828091383,Focused
2026-01-10T05:11:56.823762,0.29909091852605346,Focused
2026-01-10T05:11:56.941866,0.3095954725518823,Focused
2026-01-10T05:11:57.036113,0.30169196613132954,Focused
2026-01-10T05:11:57.160042,0.3472823346033692,Focused
2026-01-10T05:11:57.255683,0.2818162842653692,Focused
2026-01-10T05:11:57.355657,0.2529118677601218,Focused
2026-01-10T05:11:57.533906,0.219931523501873,Focused
2026-01-10T05:11:57.636640,0.2563576379790902,Focused
2026-01-10T05:11:57.729056,0.2563576379790902,Focused
2026-01-10T05:11:57.831885,0.2740954376757145,Focused
2026-01-10T05:11:57.965725,0.2740954376757145,Focused
2026-01-10T05:11:58.056909,0.23208249807357786,Focused
2026-01-10T05:11:58.154353,0.21691268570721148,Focused
2026-01-10T05:11:58.264152,0.1777899691835046,Focused
2026-01-10T05:11:58.356124,0.22490024883300064,Focused
2026-01-10T05:11:58.452280,0.24273242373019455,Focused
2026-01-10T05:11:58.614212,0.21636520288884642,Focused
2026-01-10T05:11:58.710309,0.1790486364159733,Focused
2026-01-10T05:11:58.808429,0.1263331410475075,Focused
2026-01-10T05:11:58.905018,0.11020622183568776,Focused
2026-01-10T05:11:59.024201,0.10038675395771861,Focused
2026-01-10T05:11:59.119142,0.11572539508342743,Focused
2026-01-10T05:11:59.239182,0.09581025363877414,Focused
2026-01-10T05:11:59.334448,0.0863653214648366,Focused
2026-01-10T05:11:59.433248,0.10273061515763401,Focused
2026-01-10T05:11:59.556951,0.10273061515763401,Focused
2026-01-10T05:11:59.701872,0.20289695262908936,Focused
2026-01-10T05:11:59.803617,0.20755404075607656,Focused
2026-01-10T05:11:59.909018,0.20755404075607656,Focused
2026-01-10T05:12:00.009277,0.18669170800130813,Focused
2026-01-10T05:12:00.111598,0.15868291878141463,Focused
2026-01-10T05:12:00.207021,0.14757599311415107,Focused
2026-01-10T05:12:00.331827,0.13275451827794313,Focused
2026-01-10T05:12:00.432553,0.14172164781484753,Focused
2026-01-10T05:12:00.537286,0.14129511790815744,Focused
2026-01-10T05:12:00.632305,0.14507143630180508,Focused
2026-01-10T05:12:00.796254,0.14504659096710382,Focused
2026-01-10T05:12:00.902509,0.12392014095094053,Focused
2026-01-10T05:12:01.004302,0.14662219926249234,Focused
2026-01-10T05:12:01.111669,0.16796577188652007,Focused
2026-01-10T05:12:01.205753,0.11784946764819323,Focused
2026-01-10T05:12:01.330183,0.13940538950264456,Focused
2026-01-10T05:12:01.425437,0.14974367232061925,Focused
2026-01-10T05:12:01.537668,0.16473907381296157,Focused
2026-01-10T05:12:01.634648,0.1626208559377119,Focused
2026-01-10T05:12:01.740020,0.1603507440071553,Focused
2026-01-10T05:12:01.889377,0.15747644067741928,Focused
2026-01-10T05:12:01.998414,0.14501841329038143,Focused
2026-01-10T05:12:02.124839,0.1432690908201039,Focused
2026-01-10T05:12:02.219804,0.14864712042035533,Focused
2026-01-10T05:12:02.318661,0.15299640937009826,Focused
2026-01-10T05:12:02.443175,0.12169239094364456,Focused
2026-01-10T05:12:02.545431,0.11863656482310034,Focused
2026-01-10T05:12:02.641200,0.12798547464190052,Focused
2026-01-10T05:12:02.736940,0.1221914395573549,Focused
2026-01-10T05:12:02.874010,0.11184996551601216,Focused
2026-01-10T05:12:02.984135,0.12233152898843401,Focused
2026-01-10T05:12:03.076607,0.14025638713501393,Focused
2026-01-10T05:12:03.186214,0.12105319067486563,Focused
2026-01-10T05:12:03.283497,0.16022175898542626,Focused
2026-01-10T05:12:03.380482,0.13726359035354108,Focused
2026-01-10T05:12:03.504490,0.1480959399486892,Focused
2026-01-10T05:12:03.605842,0.14469116107793525,Focused
2026-01-10T05:12:03.704558,0.17356415749527515,Focused
2026-01-10T05:12:03.797613,0.17356415749527515,Focused
2026-01-10T05:12:03.890896,0.17910634931176903,Focused
2026-01-10T05:12:04.074762,0.17910634931176903,Focused
2026-01-10T05:12:04.185416,0.15236626473488288,Focused
2026-01-10T05:12:04.280936,0.10224515260197221,Focused
2026-01-10T05:12:04.378122,0.10224515260197221,Focused
2026-01-10T05:12:04.510270,0.09469629431259817,Focused
2026-01-10T05:12:04.619290,0.10893752065312583,Focused
2026-01-10T05:12:04.725171,0.08720141985686496,Focused
2026-01-10T05:12:04.852161,0.11367410396924242,Focused
2026-01-10T05:12:04.985867,0.07246359899872915,Focused
2026-01-10T05:12:05.182079,0.09894660650752485,Focused
2026-01-10T05:12:05.311226,0.1142657445714576,Focused
2026-01-10T05:12:05.438542,0.1527949928859016,Focused
2026-01-10T05:12:05.599259,0.15070755610940978,Focused
2026-01-10T05:12:05.719730,0.15309722929814598,Focused
2026-01-10T05:12:05.842428,0.16497863053664333,Focused
2026-01-10T05:12:05.980126,0.15285228051652666,Focused
2026-01-10T05:12:06.097624,0.18543017408810555,Focused
2026-01-10T05:12:06.296581,0.20779667990718736,Focused
2026-01-10T05:12:06.410854,0.17692369389114904,Focused
2026-01-10T05:12:06.535325,0.17492794189893174,Focused
2026-01-10T05:12:06.656542,0.1803965230268659,Focused
2026-01-10T05:12:06.780500,0.17190012690261938,Focused
2026-01-10T05:12:06.901070,0.1705366951297037,Focused
2026-01-10T05:12:07.021345,0.15739286457537674,Focused
2026-01-10T05:12:07.133177,0.1643842549761757,Focused
2026-01-10T05:12:07.336517,0.20137830562889578,Focused
2026-01-10T05:12:07.449684,0.18971057208254932,Focused
2026-01-10T05:12:07.574977,0.2128864165744744,Focused
2026-01-10T05:12:07.695446,0.1877028878312558,Focused
2026-01-10T05:12:07.804391,0.18428225214593114,Focused
2026-01-10T05:12:07.914640,0.18497448775451628,Focused
2026-01-10T05:12:08.015901,0.18090715960133819,Focused
2026-01-10T05:12:08.114446,0.18004915295168755,Focused
2026-01-10T05:12:08.209372,0.19621178642264567,Focused
2026-01-10T05:12:08.405550,0.1884763339185156,Focused
2026-01-10T05:12:08.510005,0.19004841656424104,Focused
2026-01-10T05:12:08.616077,0.1908228863030672,Focused
2026-01-10T05:12:08.714745,0.19025379894301295,Focused
2026-01-10T05:12:08.818013,0.22154878098517658,Focused
2026-01-10T05:12:08.910217,0.19119926430284978,Focused
2026-01-10T05:12:09.005335,0.19115858245640993,Focused
2026-01-10T05:12:09.096714,0.20904301367700098,Focused
2026-01-10T05:12:09.189417,0.21554838195443154,Focused
2026-01-10T05:12:09.287294,0.20819385200738907,Focused
2026-01-10T05:12:09.399319,0.188310800306499,Focused
2026-01-10T05:12:09.598252,0.1546027240343392,Focused
2026-01-10T05:12:09.756159,0.1699214331805706,Focused
2026-01-10T05:12:09.859342,0.17202473003417254,Focused
2026-01-10T05:12:09.955113,0.1747846834361553,Focused
2026-01-10T05:12:10.046782,0.19304624535143375,Focused
2026-01-10T05:12:10.137046,0.21859915424138307,Focused
2026-01-10T05:12:10.231166,0.196946872305125,Focused
2026-01-10T05:12:10.340740,0.20086722699925302,Focused
2026-01-10T05:12:10.447316,0.1992606667801738,Focused
2026-01-10T05:12:10.646325,0.20220439061522483,Focused
2026-01-10T05:12:10.777945,0.1293967744684778,Focused
2026-01-10T05:12:10.875866,0.14402307633426972,Focused
2026-01-10T05:12:10.967056,0.1520598604052793,Focused
2026-01-10T05:12:11.070108,0.1475424705829937,Focused
2026-01-10T05:12:11.170784,0.1832256338209845,Focused
2026-01-10T05:12:11.264895,0.1832256338209845,Focused
2026-01-10T05:12:11.366431,0.17817661713343114,Focused
2026-01-10T05:12:11.466012,0.1856119944015518,Focused
2026-01-10T05:12:11.579887,0.16694535739952698,Focused
2026-01-10T05:12:11.783579,0.17304652245948088,Focused
2026-01-10T05:12:11.883431,0.19052699452731758,Focused
2026-01-10T05:12:11.990324,0.14880832323106005,Focused
2026-01-10T05:12:12.092603,0.18363715404411776,Focused
2026-01-10T05:12:12.187571,0.18238944939803334,Focused
2026-01-10T05:12:12.282219,0.22549818898551163,Focused
2026-01-10T05:12:12.378494,0.23526421220740304,Focused
2026-01-10T05:12:12.488417,0.2343820545705967,Focused
2026-01-10T05:12:12.587973,0.26565178807359185,Focused
2026-01-10T05:12:12.703412,0.28064688653103076,Focused
2026-01-10T05:12:12.883483,0.26583818797953424,Focused
2026-01-10T05:12:12.980770,0.24407773551647552,Focused
2026-01-10T05:12:13.077904,0.22949602343724107,Focused
2026-01-10T05:12:13.170940,0.17504167123697698,Focused
2026-01-10T05:12:13.265717,0.14622389786527495,Focused
2026-01-10T05:12:13.361436,0.15179833859438077,Focused
2026-01-10T05:12:13.463267,0.17365704989642836,Focused
2026-01-10T05:12:13.580356,0.173511776511441,Focused
2026-01-10T05:12:13.679739,0.18268498648540116,Focused
2026-01-10T05:12:13.791127,0.16873195267689878,Focused
2026-01-10T05:12:13.978912,0.15929408343217802,Focused
2026-01-10T05:12:14.074871,0.1652808472601464,Focused
2026-01-10T05:12:14.175125,0.15706071899912785,Focused
2026-01-10T05:12:14.293184,0.1677938004868338,Focused
2026-01-10T05:12:14.426940,0.1653231617528945,Focused
2026-01-10T05:12:14.564078,0.16236018296331167,Focused
2026-01-10T05:12:14.658561,0.14869848585803994,Focused
2026-01-10T05:12:14.778960,0.05662093106657266,Focused
2026-01-10T05:12:14.871736,0.09851762472535483,Focused
2026-01-10T05:12:15.097508,0.16514307063189335,Focused
2026-01-10T05:12:15.224836,0.08868362366338262,Focused
2026-01-10T05:12:15.357061,0.1343194693676196,Focused
2026-01-10T05:12:15.479287,0.1820866542228032,Focused
2026-01-10T05:12:15.611459,0.10080648204166208,Focused
2026-01-10T05:12:15.724242,0.17081327622872775,Focused
2026-01-10T05:12:15.843807,0.13042904904577882,Focused
2026-01-10T05:12:15.956069,0.15666445395327175,Focused
2026-01-10T05:12:16.181748,0.1300111135758925,Focused
2026-01-10T05:12:16.314883,0.04848303978797048,Focused
2026-01-10T05:12:16.426528,0.023116840273723935,Focused
2026-01-10T05:12:16.532516,0.03328959717127873,Focused
2026-01-10T05:12:16.653430,0.10058055859990417,Focused
2026-01-10T05:12:16.774615,0.1355518445139751,Focused
2026-01-10T05:12:16.890038,0.08614713514398317,Focused
2026-01-10T05:12:16.998081,0.07060487027629278,Focused
2026-01-10T05:12:17.117230,0.07672469661556533,Focused
2026-01-10T05:12:17.322667,0.13233632716874127,Focused
2026-01-10T05:12:17.432524,0.10855783052538755,Focused
2026-01-10T05:12:17.553474,0.10855783052538755,Focused
2026-01-10T05:12:17.675309,0.18247191199916415,Focused
2026-01-10T05:12:17.776572,0.1770130243297899,Focused
2026-01-10T05:12:17.894990,0.16664691273472274,Focused
2026-01-10T05:12:17.997987,0.15210888067958878,Focused
2026-01-10T05:12:18.115762,0.15233112957212144,Focused
2026-01-10T05:12:18.227461,0.15196312130719888,Focused
2026-01-10T05:12:18.420743,0.16014436616678723,Focused
2026-01-10T05:12:18.532291,0.15763031813839917,Focused
2026-01-10T05:12:18.667155,0.16155231785669455,Focused
2026-01-10T05:12:18.778101,0.13448915970511735,Focused
2026-01-10T05:12:18.898864,0.15009089018567465,Focused
2026-01-10T05:12:19.001756,0.1558500843006186,Focused
2026-01-10T05:12:19.103753,0.1631626172165852,Focused
2026-01-10T05:12:19.229066,0.15731377706397326,Focused
2026-01-10T05:12:19.351363,0.1597676613368094,Focused
2026-01-10T05:12:19.532944,0.17674566428759134,Focused
2026-01-10T05:12:19.648038,0.19074851720215522,Focused
2026-01-10T05:12:19.774526,0.16969927122845546,Focused
2026-01-10T05:12:19.883935,0.09280250266456279,Focused
2026-01-10T05:12:19.994189,0.11059696389129385,Focused
2026-01-10T05:12:20.101245,0.14630880909680855,Focused
2026-01-10T05:12:20.214094,0.16089176729437896,Focused
2026-01-10T05:12:20.328226,0.1998725661484059,Focused
2026-01-10T05:12:20.426859,0.1871739854250336,Focused
2026-01-10T05:12:20.615417,0.2116116609890014,Focused
2026-01-10T05:12:20.723703,0.1501148664057837,Focused
2026-01-10T05:12:20.824034,0.15334381065622438,Focused
2026-01-10T05:12:20.936310,0.11604694325651507,Focused
2026-01-10T05:12:21.042102,0.12774047346902082,Focused
2026-01-10T05:12:21.148046,0.15175277083180844,Focused
2026-01-10T05:12:21.279188,0.18941277421545238,Focused
2026-01-10T05:12:21.403812,0.19473274636548013,Focused
2026-01-10T05:12:21.527455,0.16184463560057338,Focused
2026-01-10T05:12:21.711904,0.18234689942037222,Focused
2026-01-10T05:12:21.838798,0.18381830857542808,Focused
2026-01-10T05:12:21.950976,0.13827385677141138,Focused
2026-01-10T05:12:22.058106,0.19373745511402377,Focused
2026-01-10T05:12:22.164813,0.188514892020612,Focused
2026-01-10T05:12:22.283847,0.14363033107947556,Focused
2026-01-10T05:12:22.389977,0.11435504391847642,Focused
2026-01-10T05:12:22.499738,0.12508919591055018,Focused
2026-01-10T05:12:22.631723,0.11918974671280011,Focused
2026-01-10T05:12:22.807780,0.15552658255328425,Focused
2026-01-10T05:12:22.917059,0.16742908107698895,Focused
2026-01-10T05:12:23.033991,0.13712017867946996,Focused
2026-01-10T05:12:23.132577,0.1288712982845027,Focused
2026-01-10T05:12:23.233198,0.14453132951166478,Focused
2026-01-10T05:12:23.361694,0.1601118171645794,Focused
2026-01-10T05:12:23.466485,0.15218660192767855,Focused
2026-01-10T05:12:23.587272,0.15218660192767855,Focused
2026-01-10T05:12:23.707638,0.15153102535114157,Focused
2026-01-10T05:12:23.868967,0.12347396139230113,Focused
2026-01-10T05:12:23.979561,0.1621927556116134,Focused
2026-01-10T05:12:24.098500,0.153171561146155,Focused
2026-01-10T05:12:24.211483,0.10734017030627001,Focused
2026-01-10T05:12:24.322037,0.14832699230755678,Focused
2026-01-10T05:12:24.436979,0.13560790936462583,Focused
2026-01-10T05:12:24.554551,0.15424674363457597,Focused
2026-01-10T05:12:24.682281,0.1824679097684566,Focused
2026-01-10T05:12:24.793256,0.14323025479534407,Focused
2026-01-10T05:12:24.947177,0.17083474847895558,Focused
2026-01-10T05:12:25.059185,0.16411158473347312,Focused
2026-01-10T05:12:25.163560,0.11385137330653379,Focused
2026-01-10T05:12:25.272194,0.12757744895643555,Focused
2026-01-10T05:12:25.393753,0.14939616310584825,Focused
2026-01-10T05:12:25.494332,0.1444726882793475,Focused
2026-01-10T05:12:25.616192,0.16736059045651927,Focused
2026-01-10T05:12:25.740806,0.14834556480054745,Focused
2026-01-10T05:12:25.841596,0.15376083166338503,Focused
2026-01-10T05:12:26.017000,0.1524639096460305,Focused
2026-01-10T05:12:26.113352,0.12242608883534559,Focused
2026-01-10T05:12:26.218985,0.11503340359195136,Focused
2026-01-10T05:12:26.312082,0.11921283401316032,Focused
2026-01-10T05:12:26.421017,0.19484952753409743,Focused
2026-01-10T05:12:26.551415,0.12047270819311962,Focused
2026-01-10T05:12:26.663937,0.09789903067867271,Focused
2026-01-10T05:12:26.793564,0.11970321672852151,Focused
2026-01-10T05:12:26.914368,0.13074661943828686,Focused
2026-01-10T05:12:27.083720,0.09885684064647647,Focused
2026-01-10T05:12:27.195002,0.08523326508293393,Focused
2026-01-10T05:12:27.295264,0.11882755295373498,Focused
2026-01-10T05:12:27.390948,0.12752541829831898,Focused
2026-01-10T05:12:27.521950,0.12037038465496153,Focused
2026-01-10T05:12:27.653108,0.07524771286407486,Focused
2026-01-10T05:12:27.755236,0.07633502642274834,Focused
2026-01-10T05:12:27.856264,0.052079677535220976,Focused
2026-01-10T05:12:27.951617,0.04824697278672829,Focused
2026-01-10T05:12:28.112970,0.12297449025791138,Focused
2026-01-10T05:12:28.229092,0.09859729468589648,Focused
2026-01-10T05:12:28.325961,0.11812818931066431,Focused
2026-01-10T05:12:28.418361,0.08894648227578728,Focused
2026-01-10T05:12:28.537450,0.07195894157339354,Focused
2026-01-10T05:12:28.635035,0.040116969245718795,Focused
2026-01-10T05:12:28.740650,0.040116969245718795,Focused
2026-01-10T05:12:28.855180,0.023416766279842703,Focused
2026-01-10T05:12:28.949876,0.14421944153145885,Focused
2026-01-10T05:12:29.043523,0.19490465318376662,Focused
2026-01-10T05:12:29.211127,0.15203416696749628,Focused
2026-01-10T05:12:29.314095,0.16928140047821216,Focused
2026-01-10T05:12:29.413521,0.16928140047821216,Focused
2026-01-10T05:12:29.530015,0.17626486333901992,Focused
2026-01-10T05:12:29.639147,0.14884104835800827,Focused
2026-01-10T05:12:29.753074,0.11257949935097712,Focused
2026-01-10T05:12:29.847828,0.12043993625848087,Focused
2026-01-10T05:12:29.956651,0.13255002141813746,Focused
2026-01-10T05:12:30.053803,0.15403294399147854,Focused
2026-01-10T05:12:30.156642,0.1484336241017445,Focused
2026-01-10T05:12:30.328593,0.14784832055447622,Focused
2026-01-10T05:12:30.425094,0.11922800310421736,Focused
2026-01-10T05:12:30.523566,0.12846555797150358,Focused
2026-01-10T05:12:30.625923,0.1716562783200061,Focused
2026-01-10T05:12:30.723386,0.1716562783200061,Focused
2026-01-10T05:12:30.827610,0.18332162696169688,Focused
2026-01-10T05:12:30.953859,0.16922140938113445,Focused
2026-01-10T05:12:31.072676,0.1777579690562561,Focused
2026-01-10T05:12:31.175326,0.162391833748552,Focused
2026-01-10T05:12:31.350800,0.1697207832796266,Focused
2026-01-10T05:12:31.455620,0.1637843311356846,Focused
2026-01-10T05:12:31.568869,0.17731160363182424,Focused
2026-01-10T05:12:31.673964,0.15228645499446428,Focused
2026-01-10T05:12:31.772196,0.20139430692652238,Focused
2026-01-10T05:12:31.875890,0.16781724084867164,Focused
2026-01-10T05:12:32.003959,0.15464854244492016,Focused
2026-01-10T05:12:32.095616,0.14883678181795404,Focused
2026-01-10T05:12:32.193882,0.1479426687292289,Focused
2026-01-10T05:12:32.289920,0.1424621939891949,Focused
2026-01-10T05:12:32.465812,0.11518683740869164,Focused
2026-01-10T05:12:32.582221,0.11680825690273194,Focused
2026-01-10T05:12:32.694582,0.11513128414808306,Focused
2026-01-10T05:12:32.794205,0.11116200241376646,Focused
2026-01-10T05:12:32.906047,0.09600288794317748,Focused
2026-01-10T05:12:33.029130,0.1013952916895505,Focused
2026-01-10T05:12:33.127365,0.13090432327298912,Focused
2026-01-10T05:12:33.250423,0.10381758516887202,Focused
2026-01-10T05:12:33.354516,0.13111498816579115,Focused
2026-01-10T05:12:33.548203,0.10949129256769084,Focused
2026-01-10T05:12:33.660649,0.14220923212706113,Focused
2026-01-10T05:12:33.774120,0.11311110022652428,Focused
2026-01-10T05:12:33.883946,0.12250868967967107,Focused
2026-01-10T05:12:33.983950,0.1349335443577729,Focused
2026-01-10T05:12:34.103860,0.13249629767378793,Focused
2026-01-10T05:12:34.229141,0.10628427019109948,Focused
2026-01-10T05:12:34.332791,0.12857769948896022,Focused
2026-01-10T05:12:34.437276,0.1865461570152547,Focused
2026-01-10T05:12:34.618559,0.1374477781180758,Focused
2026-01-10T05:12:34.736971,0.15487804340955336,Focused
2026-01-10T05:12:34.842401,0.10929219439713052,Focused
2026-01-10T05:12:34.941701,0.138102664105827,Focused
2026-01-10T05:12:35.043168,0.12266721680935007,Focused
2026-01-10T05:12:35.173732,0.13178909358102828,Focused
2026-01-10T05:12:35.296808,0.12158517067728097,Focused
2026-01-10T05:12:35.396932,0.11912030918174422,Focused
2026-01-10T05:12:35.491779,0.11912030918174422,Focused
2026-01-10T05:12:35.603794,0.1283412386110285,Focused
2026-01-10T05:12:35.777318,0.12302554727357347,Focused
2026-01-10T05:12:35.872945,0.1382655304914806,Focused
2026-01-10T05:12:35.965631,0.12451786433521193,Focused
2026-01-10T05:12:36.058080,0.1181491550320061,Focused
2026-01-10T05:12:36.199316,0.13750409897184,Focused
2026-01-10T05:12:36.298601,0.13246182945440524,Focused
2026-01-10T05:12:36.398386,0.09855069844052196,Focused
2026-01-10T05:12:36.495939,0.19060445503273513,Focused
2026-01-10T05:12:36.592886,0.16995849542145153,Focused
2026-01-10T05:12:36.773014,0.0725047546060523,Focused
2026-01-10T05:12:36.878310,0.09328935106750577,Focused
2026-01-10T05:12:36.977936,0.08806408257223666,Focused
2026-01-10T05:12:37.085696,0.10971610241394955,Focused
2026-01-10T05:12:37.208920,0.11491973037045683,Focused
2026-01-10T05:12:37.309580,0.09372198576165829,Focused
2026-01-10T05:12:37.412944,0.09759839264297625,Focused
2026-01-10T05:12:37.508573,0.09759839264297625,Focused
2026-01-10T05:12:37.617359,0.12687938102171756,Focused
2026-01-10T05:12:37.713724,0.10862784040655242,Focused
2026-01-10T05:12:37.903251,0.1249240300458041,Focused
2026-01-10T05:12:38.009149,0.12883791230560745,Focused
2026-01-10T05:12:38.113791,0.13531037223001477,Focused
2026-01-10T05:12:38.231256,0.1200581329059787,Focused
2026-01-10T05:12:38.342779,0.12009464510774705,Focused
2026-01-10T05:12:38.444738,0.11599453751696275,Focused
2026-01-10T05:12:38.541039,0.10810952174069827,Focused
2026-01-10T05:12:38.637347,0.12136298489640465,Focused
2026-01-10T05:12:38.729381,0.11010464897553901,Focused
2026-01-10T05:12:38.835775,0.12170626487350092,Focused
2026-01-10T05:12:39.057008,0.11820345343730879,Focused
2026-01-10T05:12:39.216931,0.1133704282081453,Focused
2026-01-10T05:12:39.376136,0.11240963755990378,Focused
2026-01-10T05:12:39.507343,0.12588232617417813,Focused
2026-01-10T05:12:39.647720,0.10634266318229492,Focused
2026-01-10T05:12:39.772613,0.11244229374860878,Focused
2026-01-10T05:12:39.903086,0.09430918290454429,Focused
2026-01-10T05:12:40.107657,0.10555233668419532,Focused
2026-01-10T05:12:40.234648,0.08727813200675882,Focused
2026-01-10T05:12:40.371404,0.08141374946862924,Focused
2026-01-10T05:12:40.492799,0.10639708965318277,Focused
2026-01-10T05:12:40.605038,0.10201951976632699,Focused
2026-01-10T05:12:40.706980,0.12034326229477302,Focused
2026-01-10T05:12:40.806874,0.10964864056877559,Focused
2026-01-10T05:12:40.924537,0.13547920755518134,Focused
2026-01-10T05:12:41.035709,0.11353979643317871,Focused
2026-01-10T05:12:41.219343,0.12441672036948148,Focused
2026-01-10T05:12:41.317319,0.11784783775510732,Focused
2026-01-10T05:12:41.437085,0.09378023163590114,Focused
2026-01-10T05:12:41.545035,0.11758204052312067,Focused
2026-01-10T05:12:41.660449,0.11611347223515622,Focused
2026-01-10T05:12:41.756152,0.11442133686214219,Focused
2026-01-10T05:12:41.853573,0.10895121238136198,Focused
2026-01-10T05:12:41.973661,0.10294703199760988,Focused
2026-01-10T05:12:42.087357,0.10147848605993204,Focused
2026-01-10T05:12:42.267697,0.08459999728947878,Focused
2026-01-10T05:12:42.380745,0.09749997337930837,Focused
2026-01-10T05:12:42.495259,0.07979626816231758,Focused
2026-01-10T05:12:42.606265,0.08216612650430762,Focused
2026-01-10T05:12:42.710524,0.07890757725399453,Focused
2026-01-10T05:12:42.817007,0.07312114154919983,Focused
2026-01-10T05:12:42.916783,0.07704698658490088,Focused
2026-01-10T05:12:43.031234,0.0706767757597845,Focused
2026-01-10T05:12:43.145536,0.08364921289030464,Focused
2026-01-10T05:12:43.252228,0.10383391514187679,Focused
2026-01-10T05:12:43.427611,0.15018102731119143,Focused
2026-01-10T05:12:43.559633,0.1257518698403146,Focused
2026-01-10T05:12:43.674441,0.11036817105923546,Focused
2026-01-10T05:12:43.813618,0.1021461738841026,Focused
2026-01-10T05:12:43.938574,0.11230695782869589,Focused
2026-01-10T05:12:44.085905,0.10002609261719045,Focused
2026-01-10T05:12:44.259504,0.1206347498940886,Focused
2026-01-10T05:12:44.646794,0.13596450113109312,Focused
2026-01-10T05:12:44.843766,0.1364237803471042,Focused
2026-01-10T05:12:45.090927,0.1290563332644524,Focused
2026-01-10T05:12:45.311220,0.1143147825699998,Focused
2026-01-10T05:12:45.546205,0.12837217556661928,Focused
2026-01-10T05:12:45.717589,0.12981311175681184,Focused
2026-01-10T05:12:45.872077,0.1253935649234336,Focused
2026-01-10T05:12:46.007099,0.1024806135741528,Focused
2026-01-10T05:12:46.150161,0.10582109779061284,Focused
2026-01-10T05:12:46.295269,0.1099835647357395,Focused
2026-01-10T05:12:46.443448,0.0940892628612346,Focused
2026-01-10T05:12:46.601870,0.09219626106496435,Focused
2026-01-10T05:12:46.798188,0.10384391297993716,Focused
2026-01-10T05:12:46.945159,0.12468820698413766,Focused
2026-01-10T05:12:47.072638,0.12143128083262127,Focused
2026-01-10T05:12:48.934742,0.11777824224263896,Focused
2026-01-10T05:12:49.053289,0.12913733773020794,Focused
2026-01-10T05:12:49.163824,0.12508023947593755,Focused
2026-01-10T05:12:49.282334,0.12029680035630008,Focused
2026-01-10T05:12:49.407140,0.12020736525009852,Focused
2026-01-10T05:12:49.530738,0.12210749265068443,Focused
2026-01-10T05:12:49.663523,0.1192103247536579,Focused
2026-01-10T05:12:49.801242,0.11888819446758134,Focused
2026-01-10T05:12:50.007463,0.12974047431343935,Focused
2026-01-10T05:12:50.114296,0.11541973809216871,Focused
2026-01-10T05:12:50.235821,0.12157959601172479,Focused
2026-01-10T05:12:50.331422,0.12357686814502812,Focused
2026-01-10T05:12:50.440775,0.1352472425685846,Focused
2026-01-10T05:12:50.548826,0.12691646590537858,Focused
2026-01-10T05:12:50.659252,0.1187408308891463,Focused
2026-01-10T05:12:50.760448,0.1061614413643838,Focused
2026-01-10T05:12:50.870577,0.11351209662680048,Focused
2026-01-10T05:12:51.040218,0.088076403492596,Focused
2026-01-10T05:12:51.146618,0.09597016316547524,Focused
2026-01-10T05:12:51.266570,0.14162801963248056,Focused
2026-01-10T05:12:51.371384,0.1392223054455826,Focused
2026-01-10T05:12:51.473383,0.1289696922613075,Focused
2026-01-10T05:12:51.593868,0.14297602470760468,Focused
2026-01-10T05:12:51.721858,0.11789220407663378,Focused
2026-01-10T05:12:51.842690,0.11116611075703985,Focused
2026-01-10T05:12:51.953170,0.12205267177487258,Focused
2026-01-10T05:12:52.052788,0.11096319964854047,Focused
2026-01-10T05:12:52.252360,0.09791561903257388,Focused
2026-01-10T05:12:52.386453,0.07063398839818547,Focused
2026-01-10T05:12:52.498459,0.04984511022921652,Focused
2026-01-10T05:12:52.601101,0.13182232320541515,Focused
2026-01-10T05:12:52.709072,0.09759017647302244,Focused
2026-01-10T05:12:52.808735,0.07342820831981953,Focused
2026-01-10T05:12:52.908477,0.09804027988138841,Focused
2026-01-10T05:12:53.061868,0.1617688803242345,Focused
2026-01-10T05:12:53.273247,0.08306813114759279,Focused
2026-01-10T05:12:53.393734,0.130287052114727,Focused
2026-01-10T05:12:53.511542,0.1052588877035305,Focused
2026-01-10T05:12:53.633482,0.11811207660939545,Focused
2026-01-10T05:12:53.748169,0.14262241190299393,Focused
2026-01-10T05:12:53.855894,0.1512198993936181,Focused
2026-01-10T05:12:54.124034,0.0,Focused
2026-01-10T05:12:54.388180,0.0,Focused
2026-01-10T05:12:54.482645,0.0,Focused
2026-01-10T05:12:54.576300,0.0,Focused
2026-01-10T05:12:54.663858,0.0,Focused
2026-01-10T05:12:54.755182,0.0,Focused
2026-01-10T05:12:55.033801,0.0,Focused
2026-01-10T05:12:55.133771,0.0,Focused
2026-01-10T05:12:55.227471,0.0,Focused
2026-01-10T05:12:55.321162,0.0,Focused
2026-01-10T05:12:55.505509,0.0,Focused
2026-01-10T05:12:55.611741,0.0,Focused
2026-01-10T05:12:55.704823,0.0,Focused
2026-01-10T05:12:56.011055,0.14899516031146048,Focused
2026-01-10T05:12:56.116083,0.14437524534296242,Focused
2026-01-10T05:12:56.220375,0.19217860177741386,Focused
2026-01-10T05:12:56.333544,0.25211887251934967,Focused
2026-01-10T05:12:56.438538,0.18285941418725996,Focused
2026-01-10T05:12:56.633531,0.21236934565386037,Focused
2026-01-10T05:12:56.731860,0.20630639628216157,Focused
2026-01-10T05:12:56.844502,0.19447620179562364,Focused
2026-01-10T05:12:56.950046,0.13511920806777197,Focused
2026-01-10T05:12:57.064236,0.14256751484936103,Focused
2026-01-10T05:12:57.173540,0.20079900077253116,Focused
2026-01-10T05:12:57.279281,0.1382224750792375,Focused
2026-01-10T05:12:57.386170,0.15748265431029723,Focused
2026-01-10T05:12:57.494058,0.12964474182226693,Focused
2026-01-10T05:12:57.791698,0.0,Focused
2026-01-10T05:12:57.903595,0.0,Focused
2026-01-10T05:12:58.072218,0.0,Focused
2026-01-10T05:12:58.168191,0.0,Focused
2026-01-10T05:12:58.529160,0.0,Focused
2026-01-10T05:12:58.638307,0.0,Focused
2026-01-10T05:12:58.805662,0.0,Focused
2026-01-10T05:12:58.902341,0.0,Focused
2026-01-10T05:12:59.182404,0.0,Focused
2026-01-10T05:12:59.368852,0.0,Focused
2026-01-10T05:12:59.467451,0.0,Focused
2026-01-10T05:12:59.572688,0.0,Focused
2026-01-10T05:12:59.689638,0.0,Focused
2026-01-10T05:12:59.904791,0.0,Focused
2026-01-10T05:13:00.039646,0.0,Focused
2026-01-10T05:13:00.151519,0.0,Focused
2026-01-10T05:13:00.250092,0.0,Focused
2026-01-10T05:13:00.359471,0.0,Focused
2026-01-10T05:13:00.461225,0.0,Focused
2026-01-10T05:13:00.572812,0.0,Focused
2026-01-10T05:13:00.786171,0.0,Focused
2026-01-10T05:13:00.964575,0.0,Focused
2026-01-10T05:13:01.073647,0.0,Focused
2026-01-10T05:13:01.171977,0.0,Focused
2026-01-10T05:13:01.278374,0.0,Focused
2026-01-10T05:13:01.396652,0.0,Focused
2026-01-10T05:13:01.596079,0.0,Focused
2026-01-10T05:13:01.722207,0.0,Focused
2026-01-10T05:13:01.833153,0.0,Focused
2026-01-10T05:13:01.934438,0.0,Focused
2026-01-10T05:13:02.107709,0.0,Focused
2026-01-10T05:13:02.210542,0.0,Focused
2026-01-10T05:13:02.302666,0.0,Focused
2026-01-10T05:13:02.487881,0.0,Focused
2026-01-10T05:13:02.590639,0.0,Focused
2026-01-10T05:13:02.762568,0.0,Focused
2026-01-10T05:13:02.864776,0.0,Focused
2026-01-10T05:13:02.962123,0.0,Focused
2026-01-10T05:13:03.134626,0.0,Focused
2026-01-10T05:13:03.223579,0.0,Focused
2026-01-10T05:13:03.333266,0.0,Focused
2026-01-10T05:13:03.528279,0.0,Focused
2026-01-10T05:13:03.622178,0.0,Focused
2026-01-10T05:13:03.737965,0.0,Focused
2026-01-10T05:13:03.936445,0.0,Focused
2026-01-10T05:13:04.026162,0.0,Focused
2026-01-10T05:13:04.210389,0.0,Focused
2026-01-10T05:13:04.299335,0.0,Focused
2026-01-10T05:13:04.410551,0.0,Focused
2026-01-10T05:13:04.522748,0.0,Focused
2026-01-10T05:13:04.619678,0.0,Focused
2026-01-10T05:13:04.712921,0.0,Focused
2026-01-10T05:13:04.796011,0.0,Focused
2026-01-10T05:13:04.986490,0.0,Focused
2026-01-10T05:13:05.097766,0.0,Focused
2026-01-10T05:13:05.189493,0.0,Focused
2026-01-10T05:13:05.372462,0.0,Focused
2026-01-10T05:13:05.484083,0.0,Focused
2026-01-10T05:13:05.601373,0.0,Focused
2026-01-10T05:13:05.710911,0.0,Focused
2026-01-10T05:13:05.811163,0.0,Focused
2026-01-10T05:13:05.937830,0.0,Focused
2026-01-10T05:13:06.035627,0.0,Focused
2026-01-10T05:13:06.137849,0.0,Focused
2026-01-10T05:13:06.237467,0.0,Focused
2026-01-10T05:13:06.433547,0.0,Focused
2026-01-10T05:13:06.556203,0.0,Focused
2026-01-10T05:13:06.633983,0.0,Focused
2026-01-10T05:13:06.732080,0.0,Focused
2026-01-10T05:13:06.826922,0.0,Focused
2026-01-10T05:13:06.933925,0.0,Focused
2026-01-10T05:13:07.027629,0.0,Focused
2026-01-10T05:13:07.127574,0.0,Focused
2026-01-10T05:13:07.212726,0.0,Focused
2026-01-10T05:13:07.318623,0.0,Focused
2026-01-10T05:13:07.417015,0.0,Focused
2026-01-10T05:13:07.597679,0.0,Focused
2026-01-10T05:13:07.703036,0.0,Focused
2026-01-10T05:13:07.795131,0.0,Focused
2026-01-10T05:13:07.881998,0.0,Focused
2026-01-10T05:13:08.003608,0.0,Focused
2026-01-10T05:13:08.171619,0.0,Focused
2026-01-10T05:13:08.268693,0.0,Focused
2026-01-10T05:13:08.473512,0.0,Focused
2026-01-10T05:13:08.665444,0.0,Focused
2026-01-10T05:13:10.116068,0.0,Focused
2026-01-10T05:13:10.202218,0.0,Focused
2026-01-10T05:13:10.320593,0.0,Focused
2026-01-10T05:13:10.435578,0.0,Focused
2026-01-10T05:13:10.692294,0.0,Focused
2026-01-10T05:13:10.854285,0.0,Focused
2026-01-10T05:13:14.681647,0.0,Focused
2026-01-10T05:13:14.770956,0.0,Focused
2026-01-10T05:13:14.888278,0.0,Focused
2026-01-10T05:13:14.976499,0.0,Focused
2026-01-10T05:13:15.073909,0.0,Focused
2026-01-10T05:13:15.389170,0.0,Focused
2026-01-10T05:13:15.482527,0.0,Focused
2026-01-10T05:13:15.672607,0.0,Focused
2026-01-10T05:13:15.780444,0.0,Focused
2026-01-10T05:13:16.061504,0.1772821379825473,Focused
2026-01-10T05:13:16.467325,0.11584779379772953,Focused
2026-01-10T05:13:16.982447,0.09197466047917259,Focused
2026-01-10T05:13:17.091836,0.1171880191868695,Focused
2026-01-10T05:13:17.197072,0.1241729872621363,Focused
2026-01-10T05:13:17.394870,0.10116590828256448,Focused
2026-01-10T05:13:17.507087,0.18207956066471526,Focused
2026-01-10T05:13:17.615534,0.17617846718349028,Focused
2026-01-10T05:13:17.742083,0.10870640452194492,Focused
2026-01-10T05:13:17.846512,0.0894897752557881,Focused
2026-01-10T05:13:17.980663,0.0723432105674874,Focused
2026-01-10T05:13:18.086437,0.08179754341108492,Focused
2026-01-10T05:13:18.189752,0.12869021842343498,Focused
2026-01-10T05:13:18.288335,0.13756216908514035,Focused
2026-01-10T05:13:18.473968,0.1408476562646683,Focused
2026-01-10T05:13:18.575578,0.16562295077601447,Focused
2026-01-10T05:13:18.693654,0.14225611187721368,Focused
2026-01-10T05:13:18.799595,0.12629789551137946,Focused
2026-01-10T05:13:18.904623,0.13685065519821363,Focused
2026-01-10T05:13:19.026456,0.18497533493500667,Focused
2026-01-10T05:13:19.126099,0.1849565098178573,Focused
2026-01-10T05:13:19.229715,0.13715652397368105,Focused
2026-01-10T05:13:19.397337,0.17076299229520372,Focused
2026-01-10T05:13:19.597120,0.20458298987941817,Focused
2026-01-10T05:13:19.808177,0.1281659028492868,Focused
2026-01-10T05:13:19.906554,0.1281659028492868,Focused
2026-01-10T05:13:20.022441,0.16174738286354112,Focused
2026-01-10T05:13:20.122451,0.16283788056462073,Focused
2026-01-10T05:13:20.217431,0.1676321636186913,Focused
2026-01-10T05:13:20.311799,0.17504930872237306,Focused
2026-01-10T05:13:20.408532,0.18076448837236966,Focused
2026-01-10T05:13:20.522251,0.13808596566086634,Focused
2026-01-10T05:13:20.733764,0.16924089406384155,Focused
2026-01-10T05:13:20.842199,0.13186195631569717,Focused
2026-01-10T05:13:20.936678,0.12941575493023266,Focused
2026-01-10T05:13:21.044672,0.1488586614737869,Focused
2026-01-10T05:13:21.140432,0.1761417590896599,Focused
2026-01-10T05:13:21.252736,0.22877149457926862,Focused
2026-01-10T05:13:21.358268,0.21270190062059555,Focused
2026-01-10T05:13:21.463993,0.1984053812571801,Focused
2026-01-10T05:13:21.571028,0.19770178030012175,Focused
2026-01-10T05:13:21.757988,0.1756281056674197,Focused
2026-01-10T05:13:21.876839,0.14783558324561455,Focused
2026-01-10T05:13:21.975013,0.15470627417962532,Focused
2026-01-10T05:13:22.091285,0.1355743459716905,Focused
2026-01-10T05:13:22.216722,0.15069313354324548,Focused
2026-01-10T05:13:22.321925,0.10964498552493751,Focused
2026-01-10T05:13:22.428419,0.07955670933588407,Focused
2026-01-10T05:13:22.543926,0.09224903024733065,Focused
2026-01-10T05:13:22.666796,0.07938636632170529,Focused
2026-01-10T05:13:22.871338,0.03421422484680079,Focused
2026-01-10T05:13:22.976286,0.03646856626728549,Focused
2026-01-10T05:13:23.090423,0.03339663835649844,Focused
2026-01-10T05:13:23.226789,0.028835251010605134,Focused
2026-01-10T05:13:23.344575,0.05285531387926312,Focused
2026-01-10T05:13:23.485838,0.045449981684214436,Focused
2026-01-10T05:13:23.612056,0.025771092489594593,Focused
2026-01-10T05:13:23.745148,0.028503967891447247,Focused
2026-01-10T05:13:23.946510,0.04374677373562008,Focused
2026-01-10T05:13:24.067935,0.09760829116567038,Focused
2026-01-10T05:13:24.199611,0.10178180090151727,Focused
2026-01-10T05:13:24.314613,0.08010630448989103,Focused
2026-01-10T05:13:24.415199,0.09411290316784288,Focused
2026-01-10T05:13:24.510807,0.11451431026798674,Focused
2026-01-10T05:13:24.606059,0.10242236861959099,Focused
2026-01-10T05:13:24.720612,0.10205082127940841,Focused
2026-01-10T05:13:24.845709,0.09257613362860866,Focused
2026-01-10T05:13:25.045845,0.0973561269667698,Focused
2026-01-10T05:13:25.184603,0.11357035973342135,Focused
2026-01-10T05:13:25.304588,0.1440243483753875,Focused
2026-01-10T05:13:25.422393,0.17306618686125147,Focused
2026-01-10T05:13:25.541205,0.13565882565235368,Focused
2026-01-10T05:13:25.654380,0.16863348082770244,Focused
2026-01-10T05:13:25.775349,0.14631658436264844,Focused
2026-01-10T05:13:25.882992,0.1801968040235806,Focused
2026-01-10T05:13:25.993828,0.18684851353173146,Focused
2026-01-10T05:13:26.188863,0.1912208469293546,Focused
2026-01-10T05:13:26.304533,0.12188930322590748,Focused
2026-01-10T05:13:26.413959,0.11157503243593965,Focused
2026-01-10T05:13:26.512390,0.11853484626626597,Focused
2026-01-10T05:13:26.610931,0.14564941518328853,Focused
2026-01-10T05:13:26.712242,0.15755618065886665,Focused
2026-01-10T05:13:26.820267,0.17697505851392634,Focused
2026-01-10T05:13:26.917104,0.15249555452610367,Focused
2026-01-10T05:13:27.009833,0.1338028449099511,Focused
2026-01-10T05:13:27.105079,0.18186883690650577,Focused
2026-01-10T05:13:27.315334,0.13018554657464845,Focused
2026-01-10T05:13:27.409868,0.06187122215924319,Focused
2026-01-10T05:13:27.503851,0.05512778489210177,Focused
2026-01-10T05:13:27.601162,0.06042745147424284,Focused
2026-01-10T05:13:27.705056,0.035325010187807496,Focused
2026-01-10T05:13:27.820387,0.06271175195288378,Focused
2026-01-10T05:13:27.934595,0.06419029870885425,Focused
2026-01-10T05:13:28.035514,0.05940309124707709,Focused
2026-01-10T05:13:28.129200,0.06413701091369148,Focused
2026-01-10T05:13:28.222157,0.03787853079265915,Focused
2026-01-10T05:13:28.424649,0.04945925915089902,Focused
2026-01-10T05:13:28.521944,0.10198949564655778,Focused
2026-01-10T05:13:28.617825,0.1257508004491683,Focused
2026-01-10T05:13:28.707253,0.13239574392791836,Focused
2026-01-10T05:13:28.802357,0.15050107088172807,Focused
2026-01-10T05:13:28.913956,0.11868876239168458,Focused
2026-01-10T05:13:29.020462,0.15176234112586826,Focused
2026-01-10T05:13:29.111506,0.2091252298618201,Focused
2026-01-10T05:13:29.205854,0.16699347926769406,Focused
2026-01-10T05:13:29.298209,0.13073771940835285,Focused
2026-01-10T05:13:29.508427,0.14530431485036388,Focused
2026-01-10T05:13:29.613619,0.08318379095289856,Focused
2026-01-10T05:13:29.718053,0.0574107071297476,Focused
2026-01-10T05:13:29.811961,0.09311681964318268,Focused
2026-01-10T05:13:29.924112,0.11650289098324719,Focused
2026-01-10T05:13:30.019890,0.13095764710451477,Focused
2026-01-10T05:13:30.113633,0.10657035640324465,Focused
2026-01-10T05:13:30.204045,0.10657035640324465,Focused
2026-01-10T05:13:30.296531,0.09172842700209004,Focused
2026-01-10T05:13:30.395284,0.1100306420114066,Focused
2026-01-10T05:13:30.605216,0.10073402545240243,Focused
2026-01-10T05:13:30.703348,0.12388767371157883,Focused
2026-01-10T05:13:30.801039,0.11847713885508711,Focused
2026-01-10T05:13:30.917696,0.13210382310062413,Focused
2026-01-10T05:13:31.011539,0.14584447851229926,Focused
2026-01-10T05:13:31.109321,0.13214273661433254,Focused
2026-01-10T05:13:31.199888,0.1228643610200379,Focused
2026-01-10T05:13:31.293225,0.1377475343775586,Focused
2026-01-10T05:13:31.387087,0.13103952481469605,Focused
2026-01-10T05:13:31.485405,0.12881153568159787,Focused
2026-01-10T05:13:31.696058,0.18728800388780653,Focused
2026-01-10T05:13:31.800919,0.1476260513474699,Focused
2026-01-10T05:13:31.898444,0.17160835976246744,Focused
2026-01-10T05:13:32.009027,0.1659639002260519,Focused
2026-01-10T05:13:32.105517,0.15375704465986928,Focused
2026-01-10T05:13:32.196981,0.12462575673562241,Focused
2026-01-10T05:13:32.292551,0.18097903634479734,Focused
2026-01-10T05:13:32.386739,0.18022157926752697,Focused
2026-01-10T05:13:32.478534,0.16678964775637722,Focused
2026-01-10T05:13:32.603204,0.1733907360001467,Focused
2026-01-10T05:13:32.773173,0.1857854119502008,Focused
2026-01-10T05:13:32.875217,0.23873453966807573,Focused
2026-01-10T05:13:32.989187,0.2594102701928932,Focused
2026-01-10T05:13:33.114158,0.2654438369558193,Focused
2026-01-10T05:13:33.239664,0.2637961340835318,Focused
2026-01-10T05:13:33.360149,0.2233162602817174,Focused
2026-01-10T05:13:33.463615,0.2057246919895988,Focused
2026-01-10T05:13:33.585556,0.1978395875514252,Focused
2026-01-10T05:13:33.706794,0.20764929843135177,Focused
2026-01-10T05:13:33.896224,0.19036641218990552,Focused
2026-01-10T05:13:33.995300,0.2010990061215125,Focused
2026-01-10T05:13:34.100789,0.20555969733104576,Focused
2026-01-10T05:13:34.206963,0.21850290829315783,Focused
2026-01-10T05:13:34.301839,0.20616366552130783,Focused
2026-01-10T05:13:34.394164,0.21139956750848796,Focused
2026-01-10T05:13:34.484170,0.22803623805812095,Focused
2026-01-10T05:13:34.583020,0.24269323489279487,Focused
2026-01-10T05:13:34.696507,0.2479349842586089,Focused
2026-01-10T05:13:34.808150,0.2381195328955073,Focused
2026-01-10T05:13:35.009861,0.09378887778730131,Focused
2026-01-10T05:13:35.131659,0.11194150005321718,Focused
2026-01-10T05:13:35.239816,0.14553481408365768,Focused
2026-01-10T05:13:35.344177,0.14741673827229534,Focused
2026-01-10T05:13:35.444779,0.14980407217954053,Focused
2026-01-10T05:13:35.549624,0.10946430103504098,Focused
2026-01-10T05:13:35.654240,0.14921671384363433,Focused
2026-01-10T05:13:35.767806,0.1679982000874588,Focused
2026-01-10T05:13:35.874215,0.15984649752354016,Focused
2026-01-10T05:13:35.989248,0.13706117007677673,Focused
2026-01-10T05:13:36.161718,0.15542202182987236,Focused
2026-01-10T05:13:36.259175,0.12672060049371792,Focused
2026-01-10T05:13:36.356231,0.1607055897708051,Focused
2026-01-10T05:13:36.451809,0.1825676232605474,Focused
2026-01-10T05:13:36.544716,0.1456902802310651,Focused
2026-01-10T05:13:36.638390,0.16214770479127766,Focused
2026-01-10T05:13:36.757194,0.12869656634866258,Focused
2026-01-10T05:13:36.894091,0.11319002009113319,Focused
2026-01-10T05:13:37.000039,0.14032336049422153,Focused
2026-01-10T05:13:37.151596,0.14610963271989022,Focused
2026-01-10T05:13:37.277745,0.10696500661433674,Focused
2026-01-10T05:13:37.370907,0.13056676752748897,Focused
2026-01-10T05:13:37.467143,0.12382475912745576,Focused
2026-01-10T05:13:37.563276,0.13193927900865673,Focused
2026-01-10T05:13:37.667516,0.12649580084980697,Focused
2026-01-10T05:13:37.783649,0.1514297893620096,Focused
2026-01-10T05:13:37.896142,0.140051358967321,Focused
2026-01-10T05:13:38.000812,0.16485545306350102,Focused
2026-01-10T05:13:38.108648,0.11656932496553055,Focused
2026-01-10T05:13:38.297359,0.15137370911252218,Focused
2026-01-10T05:13:38.402200,0.13764096569648243,Focused
2026-01-10T05:13:38.499148,0.16942091698001605,Focused
2026-01-10T05:13:38.595496,0.16088190453010612,Focused
2026-01-10T05:13:38.694194,0.15150223287346307,Focused
2026-01-10T05:13:38.792025,0.14196602992597035,Focused
2026-01-10T05:13:38.889340,0.14196602992597035,Focused
2026-01-10T05:13:38.993329,0.15230765701562632,Focused
2026-01-10T05:13:39.106059,0.16423648196941937,Focused
2026-01-10T05:13:39.197850,0.1752402494981652,Focused
2026-01-10T05:13:39.380924,0.1705629443342332,Focused
2026-01-10T05:13:39.482828,0.15920944379322463,Focused
2026-01-10T05:13:39.578930,0.16377521048707422,Focused
2026-01-10T05:13:39.678581,0.15653447264048737,Focused
2026-01-10T05:13:39.786989,0.16901359362527726,Focused
2026-01-10T05:13:39.904054,0.099860509440623,Focused
2026-01-10T05:13:39.998258,0.1507443987822626,Focused
2026-01-10T05:13:40.091626,0.0712750686740037,Focused
2026-01-10T05:13:40.198113,0.0712750686740037,Focused
2026-01-10T05:13:40.291791,0.10668982418719679,Focused
2026-01-10T05:13:40.478807,0.11505198848899453,Focused
2026-01-10T05:13:40.580564,0.10551907164044678,Focused
2026-01-10T05:13:40.682290,0.0887219072319567,Focused
2026-01-10T05:13:40.779493,0.0887219072319567,Focused
2026-01-10T05:13:40.870501,0.18042892524099444,Focused
2026-01-10T05:13:40.982209,0.13861645069846418,Focused
2026-01-10T05:13:41.075608,0.159784553181089,Focused
2026-01-10T05:13:41.184484,0.13568958852556534,Focused
2026-01-10T05:13:41.275860,0.14090930493257475,Focused
2026-01-10T05:13:41.399829,0.15232587880891515,Focused
2026-01-10T05:13:41.612517,0.1396058102007373,Focused
2026-01-10T05:13:41.728591,0.15359426924696892,Focused
2026-01-10T05:13:41.833666,0.17988733667880297,Focused
2026-01-10T05:13:41.930966,0.18414594515925276,Focused
2026-01-10T05:13:42.034464,0.17031757522781846,Focused
2026-01-10T05:13:42.130893,0.15290898800594732,Focused
2026-01-10T05:13:42.236648,0.1362462363758823,Focused
2026-01-10T05:13:42.334770,0.1400411900351173,Focused
2026-01-10T05:13:42.428928,0.15450306492275556,Focused
2026-01-10T05:13:42.536850,0.14922958587121685,Focused
2026-01-10T05:13:42.733024,0.15035401723871475,Focused
2026-01-10T05:13:42.852063,0.15159880288556452,Focused
2026-01-10T05:13:42.966382,0.17103811732813481,Focused
2026-01-10T05:13:43.084666,0.1799114294015453,Focused
2026-01-10T05:13:43.178950,0.1799114294015453,Focused
2026-01-10T05:13:43.284604,0.19138396270864175,Focused
2026-01-10T05:13:43.384090,0.180909966865147,Focused
2026-01-10T05:13:43.484559,0.1682627657253761,Focused
2026-01-10T05:13:43.756426,0.18197635065007486,Focused
2026-01-10T05:13:43.866554,0.14181278715695952,Focused
2026-01-10T05:13:43.977768,0.14181278715695952,Focused
2026-01-10T05:13:44.092971,0.16117416895140196,Focused
2026-01-10T05:13:44.196847,0.1798107075417647,Focused
2026-01-10T05:13:44.311633,0.17321149714698547,Focused
2026-01-10T05:13:44.420243,0.15875388421700337,Focused
2026-01-10T05:13:44.525740,0.16225700003124074,Focused
2026-01-10T05:13:44.628610,0.15097314063314118,Focused
2026-01-10T05:13:44.729097,0.15650452178961133,Focused
2026-01-10T05:13:44.914179,0.15296218723087804,Focused
2026-01-10T05:13:45.008011,0.17643726472451815,Focused
2026-01-10T05:13:45.124526,0.1667209679348161,Focused
2026-01-10T05:13:45.226181,0.17569920316018398,Focused
2026-01-10T05:13:45.333722,0.1821905896780663,Focused
2026-01-10T05:13:45.427069,0.1720451448127278,Focused
2026-01-10T05:13:45.548107,0.1794896485414938,Focused
2026-01-10T05:13:45.643551,0.18033226825937163,Focused
2026-01-10T05:13:45.750493,0.16836161749233722,Focused
2026-01-10T05:13:45.857147,0.17257872287154896,Focused
2026-01-10T05:13:46.037336,0.1511937543153181,Focused
2026-01-10T05:13:46.160976,0.1637686385161942,Focused
2026-01-10T05:13:46.252852,0.16343656450189883,Focused
2026-01-10T05:13:46.362041,0.16343656450189883,Focused
2026-01-10T05:13:46.447972,0.15509106590034208,Focused
2026-01-10T05:13:46.550227,0.1654976557358168,Focused
2026-01-10T05:13:46.641518,0.1658794823408243,Focused
2026-01-10T05:13:46.745700,0.1617166121432092,Focused
2026-01-10T05:13:46.854014,0.1561438315868145,Focused
2026-01-10T05:13:46.951567,0.163531169257476,Focused
2026-01-10T05:13:47.146132,0.1547333087743027,Focused
2026-01-10T05:13:47.259205,0.16853014128282665,Focused
2026-01-10T05:13:47.381599,0.1785728925300646,Focused
2026-01-10T05:13:47.479653,0.1898661832587095,Focused
2026-01-10T05:13:47.584260,0.1826383459934732,Focused
2026-01-10T05:13:47.700467,0.15784870339848567,Focused
2026-01-10T05:13:47.815365,0.16680014434095938,Focused
2026-01-10T05:13:47.918239,0.14907108088809762,Focused
2026-01-10T05:13:48.014019,0.159004872533842,Focused
2026-01-10T05:13:48.182697,0.1507965351542225,Focused
2026-01-10T05:13:48.281665,0.1385309847886674,Focused
2026-01-10T05:13:48.380617,0.15365140287030954,Focused
2026-01-10T05:13:48.477368,0.14326584404625461,Focused
2026-01-10T05:13:48.579860,0.12004044749483002,Focused
2026-01-10T05:13:48.682020,0.1396500163624296,Focused
2026-01-10T05:13:48.777945,0.13232255157781764,Focused
2026-01-10T05:13:48.872577,0.15091281278291716,Focused
2026-01-10T05:13:48.967168,0.16415651572460774,Focused
2026-01-10T05:13:49.067039,0.16346971065795515,Focused
2026-01-10T05:13:49.275706,0.16346971065795515,Focused
2026-01-10T05:13:49.398439,0.16442877375229728,Focused
2026-01-10T05:13:49.526137,0.12356976879527792,Focused
2026-01-10T05:13:49.657425,0.12640079304401297,Focused
2026-01-10T05:13:49.791745,0.13264029665733687,Focused
2026-01-10T05:13:49.916356,0.11145266250241546,Focused
2026-01-10T05:13:50.019858,0.13079187091498168,Focused
2026-01-10T05:13:50.134254,0.14833989809267223,Focused
2026-01-10T05:13:50.232328,0.1508274049090687,Focused
2026-01-10T05:13:50.402091,0.1508274049090687,Focused
2026-01-10T05:13:50.508335,0.11548463200742844,Focused
2026-01-10T05:13:50.607789,0.11855694440309889,Focused
2026-01-10T05:13:50.701901,0.13026763151574414,Focused
2026-01-10T05:13:50.790917,0.12561587874079122,Focused
2026-01-10T05:13:50.898540,0.12289363565068924,Focused
2026-01-10T05:13:51.006597,0.1242695107270265,Focused
2026-01-10T05:13:51.103727,0.10521886299538892,Focused
2026-01-10T05:13:51.216346,0.10585350868059323,Focused
2026-01-10T05:13:51.307940,0.10319665163697209,Focused
2026-01-10T05:13:51.490349,0.11964021671883529,Focused
2026-01-10T05:13:51.594850,0.12720636535668745,Focused
2026-01-10T05:13:51.704264,0.09810965993674473,Focused
2026-01-10T05:13:51.815416,0.11976075214915909,Focused
2026-01-10T05:13:51.942529,0.12421216274087782,Focused
2026-01-10T05:13:52.065655,0.11397864083992316,Focused
2026-01-10T05:13:52.181412,0.11417997589014704,Focused
2026-01-10T05:13:52.292968,0.11203549841884523,Focused
2026-01-10T05:13:52.407948,0.11471248426532839,Focused
2026-01-10T05:13:52.600770,0.10853574535285589,Focused
2026-01-10T05:13:52.721507,0.10179200972925173,Focused
2026-01-10T05:13:52.838555,0.1085737939327373,Focused
2026-01-10T05:13:52.960214,0.10680960485624383,Focused
2026-01-10T05:13:53.077539,0.09946036092151189,Focused
2026-01-10T05:13:53.194935,0.10226758657227039,Focused
2026-01-10T05:13:53.326499,0.11558004852704472,Focused
2026-01-10T05:13:53.449256,0.1322960615827469,Focused
2026-01-10T05:13:53.640809,0.12509798654937185,Focused
2026-01-10T05:13:53.760847,0.12519386211497477,Focused
2026-01-10T05:13:53.874266,0.10394004036788829,Focused
2026-01-10T05:13:53.991784,0.12003545302286511,Focused
2026-01-10T05:13:54.107567,0.11774378595873715,Focused
2026-01-10T05:13:54.206984,0.10748885020584566,Focused
2026-01-10T05:13:54.322537,0.09971495298523222,Focused
2026-01-10T05:13:54.431807,0.10601921541237971,Focused
2026-01-10T05:13:54.553053,0.09967258594260783,Focused
2026-01-10T05:13:54.749783,0.10296229744853917,Focused
2026-01-10T05:13:54.847772,0.1104354835988488,Focused
2026-01-10T05:13:54.947360,0.09041391310311155,Focused
2026-01-10T05:13:55.062620,0.11968234810046852,Focused
2026-01-10T05:13:55.167182,0.11021862479537958,Focused
2026-01-10T05:13:55.271707,0.11810434133076342,Focused
2026-01-10T05:13:55.386594,0.09949525933043332,Focused
2026-01-10T05:13:55.480987,0.1008434643576038,Focused
2026-01-10T05:13:55.602963,0.1112971550639486,Focused
2026-01-10T05:13:55.796473,0.1125755113302148,Focused
2026-01-10T05:13:55.907044,0.09622716587618924,Focused
2026-01-10T05:13:56.023227,0.09766960075794485,Focused
2026-01-10T05:13:56.141762,0.09546402778360061,Focused
2026-01-10T05:13:56.243859,0.10219221884326543,Focused
2026-01-10T05:13:56.337484,0.09445379749522544,Focused
2026-01-10T05:13:56.440317,0.12181272175366757,Focused
2026-01-10T05:13:56.541973,0.11543775636673673,Focused
2026-01-10T05:13:56.641730,0.09521393306495154,Focused
2026-01-10T05:13:56.733615,0.0994561432307819,Focused
2026-01-10T05:13:56.924290,0.1144909986120183,Focused
2026-01-10T05:13:57.026120,0.10338029133126839,Focused
2026-01-10T05:13:57.132017,0.11493576886423398,Focused
2026-01-10T05:13:57.238545,0.09443256206577644,Focused
2026-01-10T05:13:57.336976,0.10768751619471005,Focused
2026-01-10T05:13:57.451567,0.09193863070977386,Focused
2026-01-10T05:13:57.543155,0.10765787921554874,Focused
2026-01-10T05:13:57.652405,0.09695426480175229,Focused
2026-01-10T05:13:57.757478,0.12227848598558921,Focused
2026-01-10T05:13:57.892100,0.11040057885256829,Focused
2026-01-10T05:13:58.059649,0.1045004865489318,Focused
2026-01-10T05:13:58.159753,0.1386602889149799,Focused
2026-01-10T05:13:58.266678,0.14883439665427428,Focused
2026-01-10T05:13:58.367251,0.11369886484462768,Focused
2026-01-10T05:13:58.484103,0.10779929619311589,Focused
2026-01-10T05:13:58.590913,0.13335476581705735,Focused
2026-01-10T05:13:58.706314,0.11897570138098672,Focused
2026-01-10T05:13:58.800395,0.10566929429769516,Focused
2026-01-10T05:13:58.908373,0.12075936264445772,Focused
2026-01-10T05:13:59.084243,0.11569468788511586,Focused
2026-01-10T05:13:59.193793,0.10382723948132479,Focused
2026-01-10T05:13:59.306843,0.10263005309243453,Focused
2026-01-10T05:13:59.398592,0.09771614542260068,Focused
2026-01-10T05:13:59.501692,0.09245465231506386,Focused
2026-01-10T05:13:59.603975,0.08185824525717181,Focused
2026-01-10T05:13:59.710977,0.10466605772089678,Focused
2026-01-10T05:13:59.812917,0.10772787777532358,Focused
2026-01-10T05:13:59.929062,0.10658331285812891,Focused
2026-01-10T05:14:00.030357,0.09453835955355316,Focused
2026-01-10T05:14:00.200547,0.09824343944201246,Focused
2026-01-10T05:14:00.299037,0.10301319732971025,Focused
2026-01-10T05:14:00.398443,0.0858920408631093,Focused
2026-01-10T05:14:00.490558,0.10603174312564079,Focused
2026-01-10T05:14:00.608180,0.09264755726035219,Focused
2026-01-10T05:14:00.713540,0.10495695700519718,Focused
2026-01-10T05:14:00.808145,0.1062700089343707,Focused
2026-01-10T05:14:00.898061,0.10219453254103428,Focused
2026-01-10T05:14:00.991596,0.11086695830454119,Focused
2026-01-10T05:14:01.086002,0.12371744936826871,Focused
2026-01-10T05:14:01.266656,0.12371744936826871,Focused
2026-01-10T05:14:01.378768,0.14357916422741254,Focused
2026-01-10T05:14:01.479460,0.1391933956037974,Focused
2026-01-10T05:14:01.580416,0.1391933956037974,Focused
2026-01-10T05:14:01.686081,0.11527851082355482,Focused
2026-01-10T05:14:01.802706,0.07601701186213175,Focused
2026-01-10T05:14:01.908273,0.08900591308774893,Focused
2026-01-10T05:14:02.026015,0.10837642298429273,Focused
2026-01-10T05:14:02.139267,0.14287758660502733,Focused
2026-01-10T05:14:02.322791,0.08441816435661166,Focused
2026-01-10T05:14:02.438546,0.10126929193793331,Focused
2026-01-10T05:14:02.537708,0.09555436324008042,Focused
2026-01-10T05:14:02.648772,0.1036884535686113,Focused
2026-01-10T05:14:02.753154,0.1073296171030961,Focused
2026-01-10T05:14:02.863728,0.08462582193606068,Focused
2026-01-10T05:14:02.957818,0.09571305580611807,Focused
2026-01-10T05:14:03.059780,0.10476553641055943,Focused
2026-01-10T05:14:03.155262,0.1139348973025335,Focused
2026-01-10T05:14:03.250076,0.07438866790034808,Focused
2026-01-10T05:14:03.416600,0.10688747715903445,Focused
2026-01-10T05:14:03.515064,0.07732677202729973,Focused
2026-01-10T05:14:03.610651,0.09357000067830085,Focused
2026-01-10T05:14:03.722206,0.09357000067830085,Focused
2026-01-10T05:14:03.819857,0.09413148716848808,Focused
2026-01-10T05:14:03.936535,0.10868773772090208,Focused
2026-01-10T05:14:04.039522,0.10145889997511404,Focused
2026-01-10T05:14:04.140701,0.10985367386310826,Focused
2026-01-10T05:14:04.235546,0.11697837646934205,Focused
2026-01-10T05:14:04.353288,0.09592691449652194,Focused
2026-01-10T05:14:04.513024,0.08702842795755715,Focused
2026-01-10T05:14:04.612457,0.09653315793984803,Focused
2026-01-10T05:14:04.716444,0.09706696014036424,Focused
2026-01-10T05:14:04.815162,0.09597937000798992,Focused
2026-01-10T05:14:04.922625,0.09221094958193135,Focused
2026-01-10T05:14:05.019513,0.10788879915198776,Focused
2026-01-10T05:14:05.128021,0.08827792755910195,Focused
2026-01-10T05:14:05.221711,0.08066720114438794,Focused
2026-01-10T05:14:05.319667,0.11951951027003814,Focused
2026-01-10T05:14:05.452366,0.08754095224576303,Focused
2026-01-10T05:14:05.601846,0.11186906687071313,Focused
2026-01-10T05:14:05.702209,0.1045033231144771,Focused
2026-01-10T05:14:05.819095,0.10443726819357835,Focused
2026-01-10T05:14:05.922647,0.1162911349121714,Focused
2026-01-10T05:14:06.014794,0.10599703852203675,Focused
2026-01-10T05:14:06.117460,0.11867476183106192,Focused
2026-01-10T05:14:06.239385,0.10563042359135578,Focused
2026-01-10T05:14:06.343240,0.1338119349355111,Focused
2026-01-10T05:14:06.462321,0.10237742810859346,Focused
2026-01-10T05:14:06.631834,0.08235462290467695,Focused
2026-01-10T05:14:06.732590,0.11255735063896281,Focused
2026-01-10T05:14:06.846967,0.10189976365945766,Focused
2026-01-10T05:14:06.956000,0.11557688315078848,Focused
2026-01-10T05:14:07.060317,0.13304301647294778,Focused
2026-01-10T05:14:07.168416,0.13304301647294778,Focused
2026-01-10T05:14:07.268786,0.14313112466188613,Focused
2026-01-10T05:14:07.358457,0.13317685913061722,Focused
2026-01-10T05:14:07.475507,0.09823592013999587,Focused
2026-01-10T05:14:07.587692,0.1208805188682163,Focused
2026-01-10T05:14:07.765390,0.1222704850428272,Focused
2026-01-10T05:14:07.890648,0.13846628435712774,Focused
2026-01-10T05:14:07.984680,0.12037932254606859,Focused
2026-01-10T05:14:08.082885,0.11531339201319496,Focused
2026-01-10T05:14:08.193739,0.11870070886507164,Focused
2026-01-10T05:14:08.308514,0.11068607920024079,Focused
2026-01-10T05:14:08.417260,0.13184341471933295,Focused
2026-01-10T05:14:08.538798,0.1117191416080459,Focused
2026-01-10T05:14:08.638571,0.10623842161003268,Focused
2026-01-10T05:14:08.802991,0.1537543115147855,Focused
2026-01-10T05:14:08.918142,0.14583705489349086,Focused
2026-01-10T05:14:09.016588,0.11686325159389525,Focused
2026-01-10T05:14:09.128013,0.13855709451599976,Focused
2026-01-10T05:14:09.229324,0.13799653781898086,Focused
2026-01-10T05:14:09.328043,0.1378390031706658,Focused
2026-01-10T05:14:09.435965,0.09858384448452852,Focused
2026-01-10T05:14:09.571471,0.09858384448452852,Focused
2026-01-10T05:14:09.697560,0.12051137750095221,Focused
2026-01-10T05:14:09.882642,0.14121811094228182,Focused
2026-01-10T05:14:09.994381,0.11741471751593054,Focused
2026-01-10T05:14:10.145608,0.12995556819078047,Focused
2026-01-10T05:14:10.272432,0.12374949389632092,Focused
2026-01-10T05:14:10.403911,0.13719960687012644,Focused
2026-01-10T05:14:10.541182,0.139576697233133,Focused
2026-01-10T05:14:10.682171,0.13585497308085906,Focused
2026-01-10T05:14:10.813750,0.11559945914486888,Focused
2026-01-10T05:14:11.021530,0.1389140842773486,Focused
2026-01-10T05:14:11.149152,0.12744427507714134,Focused
2026-01-10T05:14:11.263173,0.10810792712654801,Focused
2026-01-10T05:14:11.385265,0.12217032164335251,Focused
2026-01-10T05:14:11.500696,0.15534369823290037,Focused
2026-01-10T05:14:11.624282,0.12988011282141088,Focused
2026-01-10T05:14:11.745742,0.17131050637835868,Focused
2026-01-10T05:14:11.870136,0.14329232989693994,Focused
2026-01-10T05:14:12.071524,0.13300533170840936,Focused
2026-01-10T05:14:12.194245,0.12135489434585905,Focused
2026-01-10T05:14:12.314040,0.12701927010202782,Focused
2026-01-10T05:14:12.427233,0.10747612999693956,Focused
2026-01-10T05:14:12.550720,0.11785205444321037,Focused
2026-01-10T05:14:12.681910,0.11970283399277833,Focused
2026-01-10T05:14:12.795671,0.09292588112002705,Focused
2026-01-10T05:14:12.905874,0.09490549484762596,Focused
2026-01-10T05:14:13.031522,0.0877852829740732,Focused
2026-01-10T05:14:13.203613,0.1065072181285359,Focused
2026-01-10T05:14:13.326823,0.12728772119735368,Focused
2026-01-10T05:14:13.474693,0.12104608004156034,Focused
2026-01-10T05:14:13.591485,0.10957979809609242,Focused
2026-01-10T05:14:13.722799,0.1251912568201078,Focused
2026-01-10T05:14:13.832868,0.12254069263435667,Focused
2026-01-10T05:14:13.954547,0.14057658010278826,Focused
2026-01-10T05:14:14.151444,0.11954048101906664,Focused
2026-01-10T05:14:14.296888,0.12314720927970484,Focused
2026-01-10T05:14:14.425671,0.12826028885901905,Focused
2026-01-10T05:14:14.572738,0.14089454228524118,Focused
2026-01-10T05:14:14.720823,0.1257257064571604,Focused
2026-01-10T05:14:14.870202,0.13381083978747482,Focused
2026-01-10T05:14:15.026385,0.12523538272362203,Focused
2026-01-10T05:14:15.172070,0.1216077063785633,Focused
2026-01-10T05:14:15.413861,0.11181261903839186,Focused
2026-01-10T05:14:15.560936,0.10003567212261259,Focused
2026-01-10T05:14:15.688524,0.10516778671735665,Focused
2026-01-10T05:14:15.839074,0.10634569344547344,Focused
2026-01-10T05:14:16.004342,0.1253522284765495,Focused
2026-01-10T05:14:16.175766,0.1185437033404014,Focused
2026-01-10T05:14:16.413248,0.12877830809302396,Focused
2026-01-10T05:14:16.585561,0.12380655016895616,Focused
2026-01-10T05:14:16.740657,0.12003404240240342,Focused
2026-01-10T05:14:16.904422,0.11274557655269747,Focused
2026-01-10T05:14:17.018966,0.11069050507503561,Focused
2026-01-10T05:14:17.140749,0.11069050507503561,Focused
2026-01-10T05:14:17.258731,0.10504814481537322,Focused
2026-01-10T05:14:17.369120,0.11635644597117789,Focused
2026-01-10T05:14:17.590436,0.11343656805693172,Focused
2026-01-10T05:14:17.733400,0.11055793724081013,Focused
2026-01-10T05:14:17.866118,0.13697304978704777,Focused
2026-01-10T05:14:17.997102,0.13954918765521143,Focused
2026-01-10T05:14:18.138239,0.16167742260440718,Focused
2026-01-10T05:14:18.299750,0.1499971707817167,Focused
2026-01-10T05:14:18.450400,0.1676596024844912,Focused
2026-01-10T05:14:18.737434,0.18177622641815108,Focused
2026-01-10T05:14:18.875562,0.15149906142323744,Focused
2026-01-10T05:14:19.023167,0.1645925599616021,Focused
2026-01-10T05:14:19.175573,0.16669958554848563,Focused
2026-01-10T05:14:19.339997,0.166966343333479,Focused
2026-01-10T05:14:19.510466,0.1988053921581013,Focused
2026-01-10T05:14:19.673595,0.1582048327967641,Focused
2026-01-10T05:14:19.932296,0.17458403810596793,Focused
2026-01-10T05:14:20.094638,0.18390573234646584,Focused
2026-01-10T05:14:20.217660,0.2008080106548732,Focused
2026-01-10T05:14:20.337580,0.20400847592682111,Focused
2026-01-10T05:14:20.458541,0.18012291903723962,Focused
2026-01-10T05:14:20.566882,0.17973690540820825,Focused
2026-01-10T05:14:20.693534,0.17872811349952825,Focused
2026-01-10T05:14:20.784580,0.153809086381807,Focused
2026-01-10T05:14:20.982111,0.14440485104278195,Focused
2026-01-10T05:14:21.141814,0.12233455544774187,Focused
2026-01-10T05:14:21.274982,0.19448855314112734,Focused
2026-01-10T05:14:21.417496,0.17563593846716685,Focused
2026-01-10T05:14:21.553625,0.17082213370595126,Focused
2026-01-10T05:14:21.662478,0.17663121077493998,Focused
2026-01-10T05:14:21.807114,0.1561223875178257,Focused
2026-01-10T05:14:22.058033,0.14439465801260667,Focused
2026-01-10T05:14:22.196077,0.10425706649257335,Focused
2026-01-10T05:14:22.316961,0.1338045169308316,Focused
2026-01-10T05:14:22.605519,0.13385863329895073,Focused
2026-01-10T05:14:22.823338,0.1075786690111272,Focused
2026-01-10T05:14:22.951326,0.1128633623564383,Focused
2026-01-10T05:14:23.333390,0.10591092593385838,Focused
2026-01-10T05:14:23.455811,0.12318633699032944,Focused
2026-01-10T05:14:23.583681,0.19678685393882914,Focused
2026-01-10T05:14:23.703754,0.19074297385523095,Focused
2026-01-10T05:14:23.831230,0.1926079048833344,Focused
2026-01-10T05:14:23.943004,0.14697564888047054,Focused
2026-01-10T05:14:24.067203,0.13683051068801433,Focused
2026-01-10T05:14:25.341804,0.09805494710744823,Focused
2026-01-10T05:14:25.535162,0.13141734168748373,Focused
2026-01-10T05:14:25.691348,0.1413568131625652,Focused
2026-01-10T05:14:25.830716,0.14497575775603763,Focused
2026-01-10T05:14:25.944887,0.15277910768636502,Focused
2026-01-10T05:14:26.044755,0.14093198096670678,Focused
2026-01-10T05:14:26.184634,0.15343864612514152,Focused
2026-01-10T05:14:26.295088,0.13870810474618336,Focused
2026-01-10T05:14:26.434859,0.14469787892594468,Focused
2026-01-10T05:14:26.559773,0.11381824627169408,Focused
2026-01-10T05:14:26.723757,0.08877440011128783,Focused
2026-01-10T05:14:27.202586,0.14546407016168814,Focused
2026-01-10T05:14:27.330612,0.1397066264646128,Focused
2026-01-10T05:14:27.601119,0.12705866308824623,Focused
2026-01-10T05:14:27.740838,0.11165169057785533,Focused
2026-01-10T05:14:27.904016,0.13752300162159373,Focused
2026-01-10T05:14:28.028635,0.13694398950028697,Focused
2026-01-10T05:14:28.141663,0.1292541484872345,Focused
2026-01-10T05:14:28.280567,0.13870603052782826,Focused
2026-01-10T05:14:30.762602,0.13549431655410443,Focused
2026-01-10T05:14:33.029839,0.11963548327184981,Focused
2026-01-10T05:14:35.515366,0.12204361724725457,Focused
2026-01-10T05:14:36.030649,0.11552753719734028,Focused
2026-01-10T05:14:36.171423,0.11759852578688879,Focused
2026-01-10T05:14:36.348487,0.1262473848677473,Focused
2026-01-10T05:14:36.498602,0.13298640098946635,Focused
2026-01-10T05:14:36.630776,0.1587108353705844,Focused
2026-01-10T05:14:36.766866,0.17929305558791386,Focused
2026-01-10T05:14:36.904840,0.1740488397234003,Focused
2026-01-10T05:14:37.095870,0.16709107320202746,Focused
2026-01-10T05:14:37.249956,0.159521265301737,Focused
2026-01-10T05:14:37.409009,0.12556636218068887,Focused
2026-01-10T05:14:37.583138,0.15210744677169716,Focused
2026-01-10T05:14:37.707132,0.14031791735324078,Focused
2026-01-10T05:14:37.924670,0.13009156270127278,Focused
2026-01-10T05:14:38.185343,0.11243622741603758,Focused
2026-01-10T05:14:38.313413,0.12908400642481863,Focused
2026-01-10T05:14:38.508905,0.13723928510735275,Focused
2026-01-10T05:14:38.654960,0.13752285752125315,Focused
2026-01-10T05:14:38.817949,0.10877487568504875,Focused
2026-01-10T05:14:38.938240,0.1139920936038834,Focused
2026-01-10T05:14:39.088870,0.13821298063849097,Focused
2026-01-10T05:14:39.417080,0.14167940190964146,Focused
2026-01-10T05:14:39.572369,0.06018598949594889,Focused
2026-01-10T05:14:39.692301,0.13264974514022468,Focused
2026-01-10T05:14:39.993470,0.1244548172748182,Focused
2026-01-10T05:14:40.122544,0.10792301388573833,Focused
2026-01-10T05:14:40.352231,0.09141698759776772,Focused
2026-01-10T05:14:40.575348,0.12294211951084436,Focused
2026-01-10T05:14:40.738412,0.12107400364620845,Focused
2026-01-10T05:14:40.882754,0.10982138993713306,Focused
2026-01-10T05:14:41.024355,0.12906726034561872,Focused
2026-01-10T05:14:41.163511,0.10406820151183638,Focused
2026-01-10T05:14:41.360211,0.10920511653457653,Focused
2026-01-10T05:14:41.506590,0.11012045451861924,Focused
2026-01-10T05:14:41.699661,0.10965101410693023,Focused
2026-01-10T05:14:41.858994,0.11876053805899574,Focused
2026-01-10T05:14:41.985330,0.10222475457121619,Focused
2026-01-10T05:14:42.122200,0.1191414777218597,Focused
2026-01-10T05:14:42.281367,0.1071032285777619,Focused
2026-01-10T05:14:42.477054,0.10100046373845543,Focused
2026-01-10T05:14:42.666347,0.13031811817345443,Focused
2026-01-10T05:14:42.807452,0.17309878450396352,Focused
2026-01-10T05:14:42.945157,0.15101703818218085,Focused
2026-01-10T05:14:43.112854,0.16578581546200438,Focused
2026-01-10T05:14:43.231326,0.1488246370528941,Focused
2026-01-10T05:14:43.369278,0.14189896204406977,Focused
2026-01-10T05:14:43.561837,0.13022539176163264,Focused
2026-01-10T05:14:43.753743,0.10517860262625617,Focused
2026-01-10T05:14:43.890266,0.11819572386448271,Focused
2026-01-10T05:14:44.026459,0.11532428221689771,Focused
2026-01-10T05:14:44.170129,0.1333811059652362,Focused
2026-01-10T05:14:44.311155,0.11860172161614173,Focused
2026-01-10T05:14:44.457338,0.11319679867447122,Focused
2026-01-10T05:14:44.643833,0.10301818622829159,Focused
2026-01-10T05:14:44.921282,0.1097013231337769,Focused
2026-01-10T05:14:45.034832,0.11325887242128373,Focused
2026-01-10T05:14:45.155620,0.11325887242128373,Focused
2026-01-10T05:14:45.261357,0.13386100548814284,Focused
2026-01-10T05:14:45.372943,0.1225983265947434,Focused
2026-01-10T05:14:45.484808,0.1297421342365851,Focused
2026-01-10T05:14:45.652816,0.10832859065703813,Focused
2026-01-10T05:14:45.765535,0.09040998174605193,Focused
2026-01-10T05:14:45.944493,0.09276292105059837,Focused
2026-01-10T05:14:46.094845,0.09245810406573582,Focused
2026-01-10T05:14:46.221943,0.10426612333685625,Focused
2026-01-10T05:14:46.329209,0.1557150086555339,Focused
2026-01-10T05:14:46.516280,0.13083536408521468,Focused
2026-01-10T05:14:46.661322,0.11804485801258124,Focused
2026-01-10T05:14:46.770402,0.11633220858202548,Focused
2026-01-10T05:14:47.024988,0.1399932368949521,Focused
2026-01-10T05:14:47.157856,0.10876803328283131,Focused
2026-01-10T05:14:47.295832,0.1248016925615957,Focused
2026-01-10T05:14:47.435985,0.1203734012276982,Focused
2026-01-10T05:14:47.580561,0.10848496758553665,Focused
2026-01-10T05:14:47.736222,0.09992756273131817,Focused
2026-01-10T05:14:47.866235,0.11075748488801763,Focused
2026-01-10T05:14:48.067015,0.11144526075950124,Focused
2026-01-10T05:14:48.188216,0.09070584078581305,Focused
2026-01-10T05:14:48.291291,0.10442163730913306,Focused
2026-01-10T05:14:48.415013,0.10133600457047577,Focused
2026-01-10T05:14:48.534499,0.1092080279646325,Focused
2026-01-10T05:14:48.651539,0.09581784605397843,Focused
2026-01-10T05:14:48.817218,0.10360805987293134,Focused
2026-01-10T05:14:48.940859,0.11389396786107682,Focused
2026-01-10T05:14:49.109199,0.10460134294262388,Focused
2026-01-10T05:14:49.257402,0.11187818872131174,Focused
2026-01-10T05:14:49.391274,0.10201050329924329,Focused
2026-01-10T05:14:49.532682,0.13636320942896418,Focused
2026-01-10T05:14:49.642059,0.08450657695793778,Focused
2026-01-10T05:14:49.889226,0.12150096498662606,Focused
2026-01-10T05:14:50.077585,0.11118753014889081,Focused
2026-01-10T05:14:50.223208,0.09801494848215953,Focused
2026-01-10T05:14:50.363498,0.09299340561556164,Focused
2026-01-10T05:14:50.474220,0.11328240407892735,Focused
2026-01-10T05:14:50.647789,0.08593645403452684,Focused
2026-01-10T05:14:50.781673,0.11916514925978845,Focused
2026-01-10T05:14:50.920044,0.11896860342967557,Focused
2026-01-10T05:14:51.069587,0.08342905794270336,Focused
2026-01-10T05:14:51.253335,0.09364121115795569,Focused
2026-01-10T05:14:51.362460,0.08561191244079963,Focused
2026-01-10T05:14:51.470976,0.14823112546582706,Focused
2026-01-10T05:14:51.570520,0.16625402755453253,Focused
2026-01-10T05:14:51.701841,0.13378188333299476,Focused
2026-01-10T05:14:51.883688,0.13148941592808114,Focused
2026-01-10T05:14:52.050925,0.07986402888200246,Focused
2026-01-10T05:14:52.183864,0.14171836760942824,Focused
2026-01-10T05:14:52.387631,0.12016757599631092,Focused
2026-01-10T05:14:52.529765,0.126736774375604,Focused
2026-01-10T05:14:52.671158,0.14285479388345265,Focused
2026-01-10T05:14:52.809283,0.12528621275851037,Focused
2026-01-10T05:14:52.978466,0.11165386431530351,Focused
2026-01-10T05:14:53.107007,0.09886222914501559,Focused
2026-01-10T05:14:53.252324,0.09766088508913527,Focused
2026-01-10T05:14:53.463047,0.10219274629052962,Focused
2026-01-10T05:14:53.612751,0.10972689748159609,Focused
2026-01-10T05:14:53.739836,0.11437837076227879,Focused
2026-01-10T05:14:53.878666,0.10158971998171182,Focused
2026-01-10T05:14:54.016977,0.09712411245855036,Focused
2026-01-10T05:14:54.149142,0.10903208083182107,Focused
2026-01-10T05:14:54.285695,0.10443299083999591,Focused
2026-01-10T05:14:54.469981,0.10156329223245848,Focused
2026-01-10T05:14:54.599185,0.11263471644779202,Focused
2026-01-10T05:14:54.719193,0.10698068965648418,Focused
2026-01-10T05:14:54.967900,0.09482452098454815,Focused
2026-01-10T05:14:55.089146,0.0963830956723541,Focused
2026-01-10T05:14:55.669727,0.09878094515443081,Focused
2026-01-10T05:14:55.778457,0.1062192973025958,Focused
2026-01-10T05:14:55.899486,0.08639475396485068,Focused
2026-01-10T05:14:56.153888,0.12390940069744828,Focused
2026-01-10T05:14:56.265625,0.11280482788133668,Focused
2026-01-10T05:14:56.821401,0.10827781989937647,Focused
2026-01-10T05:14:56.931874,0.11733659888559486,Focused
2026-01-10T05:14:57.091361,0.08848593946313485,Focused
2026-01-10T05:14:57.696812,0.0830249220773112,Focused
2026-01-10T05:14:57.803220,0.08008649023540784,Focused
2026-01-10T05:14:58.097832,0.1264765569998417,Focused
2026-01-10T05:14:58.231513,0.11647300591284875,Focused
2026-01-10T05:14:58.365524,0.10718232109647942,Focused
2026-01-10T05:14:58.501511,0.09687895428505726,Focused
2026-01-10T05:14:58.626551,0.07959504203608957,Focused
2026-01-10T05:14:58.828239,0.10348510313197039,Focused
2026-01-10T05:14:58.961197,0.0948551148554543,Focused
2026-01-10T05:14:59.095801,0.0940158592929947,Focused
2026-01-10T05:14:59.240996,0.11164735753263812,Focused
2026-01-10T05:14:59.376496,0.13120440020575186,Focused
2026-01-10T05:14:59.517022,0.17412719963176643,Focused
2026-01-10T05:14:59.653901,0.15932236013177317,Focused
2026-01-10T05:14:59.782919,0.13574581884313375,Focused
2026-01-10T05:14:59.978693,0.14465118277003056,Focused
2026-01-10T05:15:00.180396,0.13004807842953595,Focused
2026-01-10T05:15:00.833423,0.13114533411571758,Focused
2026-01-10T05:15:01.066133,0.17338527866231743,Focused
2026-01-10T05:15:01.287244,0.10971368737373269,Focused
2026-01-10T05:15:01.447553,0.11372012473730136,Focused
2026-01-10T05:15:03.116704,0.10682038170925807,Focused
2026-01-10T05:15:03.268467,0.13323514013536622,Focused
2026-01-10T05:15:03.430774,0.1283547612998518,Focused
2026-01-10T05:15:03.577653,0.13549530544987648,Focused
2026-01-10T05:15:03.712496,0.1308891040898743,Focused
2026-01-10T05:15:03.857029,0.13162283950441633,Focused
2026-01-10T05:15:03.987879,0.15691707750665956,Focused
2026-01-10T05:15:04.083214,0.1504639170860173,Focused
2026-01-10T05:15:04.172461,0.15883601268578787,Focused
2026-01-10T05:15:04.249766,0.129494114931731,Focused
2026-01-10T05:15:04.406299,0.129494114931731,Focused
2026-01-10T05:15:04.494133,0.14615008841356028,Focused
2026-01-10T05:15:04.582958,0.12432323280881973,Focused
2026-01-10T05:15:04.678637,0.11504862836009125,Focused
2026-01-10T05:15:04.765778,0.11763839898339938,Focused
2026-01-10T05:15:04.843074,0.09777147468703333,Focused
2026-01-10T05:15:04.935067,0.12932871428347426,Focused
2026-01-10T05:15:05.028051,0.10860411762696458,Focused
2026-01-10T05:15:05.127804,0.11641313097497914,Focused
2026-01-10T05:15:05.226173,0.12598096214205726,Focused
2026-01-10T05:15:05.310366,0.1282629879322485,Focused
2026-01-10T05:15:05.401536,0.16941442396637285,Focused
2026-01-10T05:15:05.478548,0.14650120036385486,Focused
2026-01-10T05:15:05.788194,0.14641107729985375,Focused
2026-01-10T05:15:05.927432,0.1209103987654089,Focused
2026-01-10T05:15:06.023929,0.12390986096725101,Focused
2026-01-10T05:15:06.363057,0.13177901848976037,Focused
2026-01-10T05:15:06.714536,0.15797807174094486,Focused
2026-01-10T05:15:07.026676,0.13957659154257274,Focused
2026-01-10T05:15:07.149077,0.10267246708535821,Focused
2026-01-10T05:15:07.297217,0.10029006999757258,Focused
2026-01-10T05:15:07.358586,0.09942372107034315,Focused
2026-01-10T05:15:07.454686,0.0954652410291601,Focused
2026-01-10T05:15:07.872934,0.14269424227532,Focused
2026-01-10T05:15:08.100933,0.14143560253141912,Focused
2026-01-10T05:15:08.211450,0.1499680733497371,Focused
2026-01-10T05:15:08.313779,0.15815999722108245,Focused
2026-01-10T05:15:08.493647,0.1613613513778546,Focused
2026-01-10T05:15:08.705816,0.1571713590514264,Focused
2026-01-10T05:15:08.904512,0.1438070314718061,Focused
2026-01-10T05:15:09.070261,0.11963036580564221,Focused
2026-01-10T05:15:09.204455,0.1229842540808022,Focused
2026-01-10T05:15:09.332628,0.1191440622365917,Focused
2026-01-10T05:15:09.435869,0.12791338419046952,Focused
2026-01-10T05:15:09.574380,0.11689040907076559,Focused
2026-01-10T05:15:09.746015,0.12304741581174312,Focused
2026-01-10T05:15:09.895232,0.11253078655718128,Focused
2026-01-10T05:15:10.035783,0.11383961585961513,Focused
2026-01-10T05:15:10.192083,0.13789280696873904,Focused
2026-01-10T05:15:10.324013,0.1318749689075048,Focused
2026-01-10T05:15:10.469466,0.09050171115668491,Focused
2026-01-10T05:15:10.602346,0.0815485206854646,Focused
2026-01-10T05:15:10.777062,0.09230786725674989,Focused
2026-01-10T05:15:10.942327,0.12927115324127952,Focused
2026-01-10T05:15:11.091400,0.08664946882345248,Focused
2026-01-10T05:15:11.228165,0.08388345060520805,Focused
2026-01-10T05:15:11.368538,0.10710806200659134,Focused
2026-01-10T05:15:11.516321,0.14197934880576213,Focused
2026-01-10T05:15:11.648147,0.09634307709493442,Focused
2026-01-10T05:15:11.790417,0.1512540480311145,Focused
2026-01-10T05:15:11.923975,0.17991334404941883,Focused
2026-01-10T05:15:12.062073,0.172097198231495,Focused
2026-01-10T05:15:12.189466,0.13511658156057818,Focused
2026-01-10T05:15:12.324260,0.13727195682586169,Focused
2026-01-10T05:15:12.456447,0.12294057618273654,Focused
2026-01-10T05:15:12.598218,0.11870881334034493,Focused
2026-01-10T05:15:12.745095,0.12320360572775825,Focused
2026-01-10T05:15:12.891696,0.14356445735757006,Focused
2026-01-10T05:15:13.030318,0.13379492130334256,Focused
2026-01-10T05:15:13.165717,0.13379492130334256,Focused
2026-01-10T05:15:13.300010,0.15115097680245526,Focused
2026-01-10T05:15:13.428555,0.15692371013428782,Focused
2026-01-10T05:15:13.551733,0.15692371013428782,Focused
2026-01-10T05:15:13.672194,0.13603565961821004,Focused
2026-01-10T05:15:13.808045,0.15164200192375574,Focused
2026-01-10T05:15:13.930424,0.12301710278261453,Focused
2026-01-10T05:15:14.050778,0.17604691200249362,Focused
2026-01-10T05:15:14.196440,0.16421854345244355,Focused
2026-01-10T05:15:14.316025,0.1505261710641207,Focused
2026-01-10T05:15:14.442549,0.15452785979578038,Focused
2026-01-10T05:15:14.564437,0.14409643030812733,Focused
2026-01-10T05:15:14.680662,0.13080416135198902,Focused
2026-01-10T05:15:14.806993,0.15674182754301,Focused
2026-01-10T05:15:14.949196,0.16410691044293343,Focused
2026-01-10T05:15:15.060379,0.1210919681325322,Focused
2026-01-10T05:15:15.208129,0.16494025551364758,Focused
2026-01-10T05:15:15.341145,0.19316663155914285,Focused
2026-01-10T05:15:15.470076,0.17594447404844685,Focused
2026-01-10T05:15:15.599214,0.13295220699801574,Focused
2026-01-10T05:15:15.711019,0.15028016100404787,Focused
2026-01-10T05:15:15.839488,0.1490972439554753,Focused
2026-01-10T05:15:16.002478,0.1530060244112974,Focused
2026-01-10T05:15:16.115017,0.1554507582739461,Focused
2026-01-10T05:15:16.245052,0.1602227905532345,Focused
2026-01-10T05:15:16.355430,0.18021987202810125,Focused
2026-01-10T05:15:16.460617,0.1492957103007939,Focused
2026-01-10T05:15:16.580665,0.15492294818395747,Focused
2026-01-10T05:15:16.690345,0.12218292695470155,Focused
2026-01-10T05:15:16.793628,0.11197485429001972,Focused
2026-01-10T05:15:16.913855,0.10940811018226668,Focused
2026-01-10T05:15:17.058205,0.1101409246737603,Focused
2026-01-10T05:15:17.170916,0.11638787820993457,Focused
2026-01-10T05:15:17.319971,0.10891010307823308,Focused
2026-01-10T05:15:17.437106,0.1354567335918546,Focused
2026-01-10T05:15:17.544906,0.14279199236480053,Focused
2026-01-10T05:15:17.671270,0.12617465581279247,Focused
2026-01-10T05:15:17.774173,0.15055978469317777,Focused
2026-01-10T05:15:17.878300,0.15055978469317777,Focused
2026-01-10T05:15:17.994738,0.1225312413764186,Focused
2026-01-10T05:15:18.138167,0.11996647601481526,Focused
2026-01-10T05:15:18.252465,0.1266305121796904,Focused
2026-01-10T05:15:18.394779,0.1421041269903071,Focused
2026-01-10T05:15:18.509001,0.1295410754333716,Focused
2026-01-10T05:15:18.625534,0.13958223310764878,Focused
2026-01-10T05:15:18.738169,0.1189834195363801,Focused
2026-01-10T05:15:18.850956,0.15366271926905029,Focused
2026-01-10T05:15:18.979138,0.11277531551604625,Focused
2026-01-10T05:15:19.142043,0.1477077574818395,Focused
2026-01-10T05:15:19.248521,0.12775343668763525,Focused
2026-01-10T05:15:19.392366,0.18337509375996888,Focused
2026-01-10T05:15:19.507218,0.12819104258960576,Focused
2026-01-10T05:15:19.623175,0.1258054129226366,Focused
2026-01-10T05:15:19.728653,0.10874854376015718,Focused
2026-01-10T05:15:19.842423,0.13649823718587867,Focused
2026-01-10T05:15:19.962113,0.13236897542374207,Focused
2026-01-10T05:15:20.087639,0.15729746330762281,Focused
2026-01-10T05:15:20.244529,0.14799675404210577,Focused
2026-01-10T05:15:20.354415,0.12110956018150318,Focused
2026-01-10T05:15:20.507183,0.14816105642239563,Focused
2026-01-10T05:15:20.623594,0.17127794984553474,Focused
2026-01-10T05:15:20.737731,0.17756745905207935,Focused
2026-01-10T05:15:20.853952,0.1550506530504208,Focused
2026-01-10T05:15:20.970715,0.13378056220972212,Focused
2026-01-10T05:15:21.097935,0.15393175119825173,Focused
2026-01-10T05:15:21.245830,0.18119916089635807,Focused
2026-01-10T05:15:21.355120,0.16339462823234496,Focused
2026-01-10T05:15:21.510013,0.19385585725831334,Focused
2026-01-10T05:15:21.628770,0.17307293949415906,Focused
2026-01-10T05:15:21.724528,0.2580158992248471,Focused
2026-01-10T05:15:21.816711,0.2419243725336855,Focused
2026-01-10T05:15:21.910730,0.2688464388134889,Focused
2026-01-10T05:15:22.010163,0.2688464388134889,Focused
2026-01-10T05:15:22.135075,0.2361747414455749,Focused
2026-01-10T05:15:22.294566,0.26429520272067747,Focused
2026-01-10T05:15:22.408382,0.26375507706252393,Focused
2026-01-10T05:15:22.551467,0.27530788209987805,Focused
2026-01-10T05:15:22.669094,0.2727771695121191,Focused
2026-01-10T05:15:22.796220,0.28628916731395293,Focused
2026-01-10T05:15:22.916983,0.29425062419031744,Focused
2026-01-10T05:15:23.027826,0.26770711969584227,Focused
2026-01-10T05:15:23.154158,0.2861588013940491,Focused
2026-01-10T05:15:23.303625,0.2931871439737733,Focused
2026-01-10T05:15:23.415811,0.2838579023838974,Focused
2026-01-10T05:15:23.553529,0.2797269909089664,Focused
2026-01-10T05:15:23.662359,0.26791207009227946,Focused
2026-01-10T05:15:23.755653,0.2877544215676608,Focused
2026-01-10T05:15:23.853228,0.2749465519504156,Focused
2026-01-10T05:15:23.957410,0.2749465519504156,Focused
2026-01-10T05:15:24.059534,0.3170230659481604,Focused
2026-01-10T05:15:24.184375,0.2999280677933711,Focused
2026-01-10T05:15:24.313005,0.2694525157014141,Focused
2026-01-10T05:15:24.441368,0.26053363144164904,Focused
2026-01-10T05:15:24.547820,0.21617489346535876,Focused
2026-01-10T05:15:24.674901,0.24401230628427584,Focused
2026-01-10T05:15:24.781942,0.2668846201588167,Focused
2026-01-10T05:15:24.882242,0.2662028137361631,Focused
2026-01-10T05:15:24.994930,0.2756147491105366,Focused
2026-01-10T05:15:25.099495,0.2647301074524876,Focused
2026-01-10T05:15:25.224690,0.25647324039018715,Focused
2026-01-10T05:15:25.348167,0.2618342584581114,Focused
2026-01-10T05:15:25.473801,0.23078163755708372,Focused
2026-01-10T05:15:25.582186,0.26784899719932576,Focused
2026-01-10T05:15:25.722633,0.24964421005861367,Focused
2026-01-10T05:15:25.841520,0.18697842670953832,Focused
2026-01-10T05:15:25.950634,0.20065709805930965,Focused
2026-01-10T05:15:26.056469,0.20522466269903816,Focused
2026-01-10T05:15:26.164930,0.25127456452173647,Focused
2026-01-10T05:15:26.298115,0.26641890256141776,Focused
2026-01-10T05:15:26.433493,0.24472594978287815,Focused
2026-01-10T05:15:26.544960,0.262176919193007,Focused
2026-01-10T05:15:26.659861,0.23582892850536155,Focused
2026-01-10T05:15:26.784311,0.23582892850536155,Focused
2026-01-10T05:15:26.897685,0.23274248831439762,Focused
2026-01-10T05:15:27.009023,0.24902456615818666,Focused
2026-01-10T05:15:27.113591,0.16216563078924082,Focused
2026-01-10T05:15:27.240751,0.14677690778044053,Focused
2026-01-10T05:15:27.367869,0.14876302334014324,Focused
2026-01-10T05:15:27.514065,0.11940596678614383,Focused
2026-01-10T05:15:27.626681,0.16710872286348605,Focused
2026-01-10T05:15:27.763375,0.16668838550976942,Focused
2026-01-10T05:15:27.874541,0.18658859700663014,Focused
2026-01-10T05:15:28.003144,0.1845590474549681,Focused
2026-01-10T05:15:28.120965,0.19208066625287756,Focused
2026-01-10T05:15:28.227017,0.21517329367634372,Focused
2026-01-10T05:15:28.363868,0.14222759375697933,Focused
2026-01-10T05:15:28.493473,0.21491726806852965,Focused
2026-01-10T05:15:28.621789,0.19071287895203567,Focused
2026-01-10T05:15:28.748924,0.20389783167920542,Focused
2026-01-10T05:15:28.877413,0.20867966181831435,Focused
2026-01-10T05:15:28.997090,0.2029038234381005,Focused
2026-01-10T05:15:29.117278,0.1981917964934837,Focused
2026-01-10T05:15:29.228081,0.20760979093029164,Focused
2026-01-10T05:15:29.372840,0.2139853141386993,Focused
2026-01-10T05:15:29.501569,0.2629217098176014,Focused
2026-01-10T05:15:29.646363,0.25349463218590246,Focused
2026-01-10T05:15:29.777924,0.3002399315824732,Focused
2026-01-10T05:15:29.920401,0.2997781021287665,Focused
2026-01-10T05:15:30.036539,0.30231676571420396,Focused
2026-01-10T05:15:30.148207,0.3120184555184096,Focused
2026-01-10T05:15:30.273420,0.3076224267948419,Focused
2026-01-10T05:15:30.419767,0.3059772646520287,Focused
2026-01-10T05:15:30.549962,0.2723066286300309,Focused
2026-01-10T05:15:30.698583,0.30721859136247076,Focused
2026-01-10T05:15:30.812539,0.32127833606791684,Focused
2026-01-10T05:15:30.953181,0.2927510857756715,Focused
2026-01-10T05:15:31.072277,0.28812512864824386,Focused
2026-01-10T05:15:31.182894,0.28909185519441966,Focused
2026-01-10T05:15:31.295697,0.29213263546698726,Focused
2026-01-10T05:15:31.431307,0.25608254115213636,Focused
2026-01-10T05:15:31.561370,0.25608254115213636,Focused
2026-01-10T05:15:31.719886,0.24949941264931114,Focused
2026-01-10T05:15:31.842775,0.219750130106695,Focused
2026-01-10T05:15:31.983731,0.20683465011243243,Focused
2026-01-10T05:15:32.102889,0.20185045413090846,Focused
2026-01-10T05:15:32.211381,0.20704498435952698,Focused
2026-01-10T05:15:32.323825,0.20704498435952698,Focused
2026-01-10T05:15:32.453616,0.2112804926233366,Focused
2026-01-10T05:15:32.574960,0.21863486723159442,Focused
2026-01-10T05:15:32.751045,0.20655064439342824,Focused
2026-01-10T05:15:32.868861,0.22479771974612958,Focused
2026-01-10T05:15:33.009426,0.21967505893844644,Focused
2026-01-10T05:15:33.133255,0.20438781843404286,Focused
2026-01-10T05:15:33.253211,0.2035708147333935,Focused
2026-01-10T05:15:33.360406,0.1980718149046879,Focused
2026-01-10T05:15:33.473024,0.14905093050911092,Focused
2026-01-10T05:15:33.599722,0.11261052602494602,Focused
2026-01-10T05:15:33.709487,0.0999407298368169,Focused
2026-01-10T05:15:33.837373,0.10306449765048456,Focused
2026-01-10T05:15:33.972687,0.09507013371621725,Focused
2026-01-10T05:15:34.146708,0.0881214803957846,Focused
2026-01-10T05:15:34.294477,0.09912757935817354,Focused
2026-01-10T05:15:34.429094,0.13694529703934677,Focused
2026-01-10T05:15:34.601871,0.14291408623976168,Focused
2026-01-10T05:15:34.744074,0.1169434358482249,Focused
2026-01-10T05:15:34.897762,0.11172413220629096,Focused
2026-01-10T05:15:35.020998,0.10151564625266474,Focused
2026-01-10T05:15:35.161346,0.1103451949195005,Focused
2026-01-10T05:15:35.291697,0.11491104141168762,Focused
2026-01-10T05:15:35.401520,0.12948467279202303,Focused
2026-01-10T05:15:35.520917,0.1273805230797734,Focused
2026-01-10T05:15:35.678003,0.12654828817467204,Focused
2026-01-10T05:15:35.788816,0.11027919288608246,Focused
2026-01-10T05:15:35.916559,0.11652844579366502,Focused
2026-01-10T05:15:36.020730,0.13094820613914634,Focused
2026-01-10T05:15:36.149967,0.1389454231975833,Focused
2026-01-10T05:15:36.265872,0.1311853883205913,Focused
2026-01-10T05:15:36.388215,0.1188812531050644,Focused
2026-01-10T05:15:36.516606,0.13531715145800263,Focused
2026-01-10T05:15:36.637320,0.13012603906972797,Focused
2026-01-10T05:15:36.766297,0.13292951042822096,Focused
2026-01-10T05:15:36.928335,0.12480766483058686,Focused
2026-01-10T05:15:37.049226,0.115300293234759,Focused
2026-01-10T05:15:37.173670,0.1146297298168065,Focused
2026-01-10T05:15:37.283943,0.11150207112077623,Focused
2026-01-10T05:15:37.395339,0.11730232903501019,Focused
2026-01-10T05:15:37.519483,0.11210987642989494,Focused
2026-01-10T05:15:37.649089,0.16669199093885254,Focused
2026-01-10T05:15:37.801278,0.16108734780136727,Focused
2026-01-10T05:15:37.912697,0.18869710666476747,Focused
2026-01-10T05:15:38.044193,0.20071989091229622,Focused
2026-01-10T05:15:38.143595,0.20921089215262326,Focused
2026-01-10T05:15:38.283208,0.2101117211917881,Focused
2026-01-10T05:15:38.396775,0.16018028226972092,Focused
2026-01-10T05:15:38.501234,0.1693115491536446,Focused
2026-01-10T05:15:38.610753,0.1902864959090948,Focused
2026-01-10T05:15:38.735540,0.21766604542499407,Focused
2026-01-10T05:15:38.858022,0.21383322936017066,Focused
2026-01-10T05:15:38.997937,0.20244627894135192,Focused
2026-01-10T05:15:39.117619,0.1935360045172274,Focused
2026-01-10T05:15:39.294232,0.214184666267829,Focused
2026-01-10T05:15:39.408797,0.1738467288727406,Focused
2026-01-10T05:15:39.527065,0.16583342815865762,Focused
2026-01-10T05:15:39.636739,0.13588786233449357,Focused
2026-01-10T05:15:39.744415,0.126024213101482,Focused
2026-01-10T05:15:39.889319,0.15145409360993653,Focused
2026-01-10T05:15:40.001288,0.1426034585572779,Focused
2026-01-10T05:15:40.120637,0.1252615922188852,Focused
2026-01-10T05:15:40.217537,0.16109134433208963,Focused
2026-01-10T05:15:40.358046,0.14608477761503308,Focused
2026-01-10T05:15:40.474944,0.18020244179060682,Focused
2026-01-10T05:15:40.573633,0.1777368197508622,Focused
2026-01-10T05:15:40.669348,0.16583421219256708,Focused
2026-01-10T05:15:40.774831,0.19427875301043968,Focused
2026-01-10T05:15:40.923015,0.18543625138991046,Focused
2026-01-10T05:15:41.041894,0.1635166142543312,Focused
2026-01-10T05:15:41.160924,0.13755890048050787,Focused
2026-01-10T05:15:41.262293,0.15849692103511187,Focused
2026-01-10T05:15:41.400094,0.1428461623378098,Focused
2026-01-10T05:15:41.499150,0.15610969254630616,Focused
2026-01-10T05:15:41.603356,0.16152124130167067,Focused
2026-01-10T05:15:41.739387,0.16002935431024523,Focused
2026-01-10T05:15:41.844348,0.12322485381446313,Focused
2026-01-10T05:15:41.987214,0.12009847994486336,Focused
2026-01-10T05:15:42.112730,0.20147527972585522,Focused
2026-01-10T05:15:42.239121,0.20128788315923885,Focused
2026-01-10T05:15:42.347029,0.211573578241223,Focused
2026-01-10T05:15:42.464770,0.20519855599559378,Focused
2026-01-10T05:15:42.571177,0.1786135644186288,Focused
2026-01-10T05:15:42.684698,0.1786135644186288,Focused
2026-01-10T05:15:42.797829,0.13149225062352343,Focused
2026-01-10T05:15:42.910415,0.060070602947962466,Focused
2026-01-10T05:15:43.067818,0.04932016012025997,Focused
2026-01-10T05:15:43.217184,0.028940674616023898,Focused
2026-01-10T05:15:43.343189,0.06351892864622641,Focused
2026-01-10T05:15:43.470992,0.061542351092793976,Focused
2026-01-10T05:15:43.567613,0.05037895663990639,Focused
2026-01-10T05:15:43.679977,0.07729657243180554,Focused
2026-01-10T05:15:43.785362,0.04832596951746381,Focused
2026-01-10T05:15:43.892532,0.07156288479163778,Focused
2026-01-10T05:15:43.997106,0.08652295071806293,Focused
2026-01-10T05:15:44.132711,0.1058840968828008,Focused
2026-01-10T05:15:44.274140,0.11715644441719633,Focused
2026-01-10T05:15:44.390399,0.13908789833803895,Focused
2026-01-10T05:15:44.518374,0.12826192773209186,Focused
2026-01-10T05:15:44.622438,0.08904663914872799,Focused
2026-01-10T05:15:44.720198,0.14508863657974871,Focused
2026-01-10T05:15:44.820605,0.16831055817747256,Focused
2026-01-10T05:15:44.928716,0.15198727076058277,Focused
2026-01-10T05:15:45.028978,0.12841592579061398,Focused
2026-01-10T05:15:45.199432,0.1753034738168935,Focused
2026-01-10T05:15:45.350503,0.1964783445233479,Focused
2026-01-10T05:15:45.458107,0.19721813893993384,Focused
2026-01-10T05:15:45.584969,0.18915524490294044,Focused
2026-01-10T05:15:45.685237,0.1813555244996678,Focused
2026-01-10T05:15:45.791343,0.16219211304851341,Focused
2026-01-10T05:15:45.890371,0.17920607071137057,Focused
2026-01-10T05:15:46.015599,0.17009017835953275,Focused
2026-01-10T05:15:46.123268,0.20038436617760452,Focused
2026-01-10T05:15:46.266102,0.21693891611066646,Focused
2026-01-10T05:15:46.393073,0.22618306922377088,Focused
2026-01-10T18:20:38.744206,0.18003933827858418,Focused
2026-01-10T18:20:38.952414,0.1575455734215211,Focused
2026-01-10T18:20:39.057827,0.1357598095317371,Focused
2026-01-10T18:20:39.170802,0.12177384152892044,Focused
2026-01-10T18:20:39.273092,0.13420246029272676,Focused
2026-01-10T18:20:39.369263,0.1221151654899586,Focused
2026-01-10T18:20:39.503059,0.12712879637256264,Focused
2026-01-10T18:20:39.614740,0.14154638127656655,Focused
2026-01-10T18:20:39.711794,0.1792253555264324,Focused
2026-01-10T18:20:39.846602,0.1806096129119396,Focused
2026-01-10T18:20:40.018373,0.18664433546364306,Focused
2026-01-10T18:20:40.142784,0.17531205900013447,Focused
2026-01-10T18:20:40.273208,0.22511676512658596,Focused
2026-01-10T18:20:40.367107,0.2079094832763076,Focused
2026-01-10T18:20:40.465359,0.16557436235016212,Focused
2026-01-10T18:20:40.595425,0.168919514206209,Focused
2026-01-10T18:20:40.706047,0.16685201031214092,Focused
2026-01-10T18:20:40.807992,0.14824352553769132,Focused
2026-01-10T18:20:40.897949,0.14874939652509056,Focused
2026-01-10T18:20:41.082179,0.13488138454849832,Focused
2026-01-10T18:20:41.177733,0.18854462263407185,Focused
2026-01-10T18:20:41.306411,0.17107720623025674,Focused
2026-01-10T18:20:41.421177,0.2100211365323048,Focused
2026-01-10T18:20:41.602994,0.12230799683020449,Focused
2026-01-10T18:20:41.700886,0.1438617115694797,Focused
2026-01-10T18:20:41.836408,0.13719766176654957,Focused
2026-01-10T18:20:41.953816,0.15151532302552367,Focused
2026-01-10T18:20:42.212896,0.1719656194327399,Focused
2026-01-10T18:20:42.386593,0.14311925966176203,Focused
2026-01-10T18:20:42.594272,0.16584165722306352,Focused
2026-01-10T18:20:42.781509,0.15997613968211224,Focused
2026-01-10T18:20:42.974538,0.14113885975384619,Focused
2026-01-10T18:20:43.099683,0.16793420744652393,Focused
2026-01-10T18:20:43.304595,0.1632987987832166,Focused
2026-01-10T18:20:43.460833,0.14644975183473435,Focused
2026-01-10T18:20:43.587890,0.12541543184197507,Focused
2026-01-10T18:20:43.700528,0.12440419613849371,Focused
2026-01-10T18:20:43.916142,0.1333418579539284,Focused
2026-01-10T18:20:44.018997,0.1318047780514462,Focused
2026-01-10T18:20:44.123603,0.14899263890984,Focused
2026-01-10T18:20:44.338178,0.14985077696910593,Focused
2026-01-10T18:20:44.508069,0.15606676343013534,Focused
2026-01-10T18:20:44.620634,0.13781149040150922,Focused
2026-01-10T18:20:44.798588,0.14772266539221163,Focused
2026-01-10T18:20:44.924751,0.14403640754753724,Focused
2026-01-10T18:20:45.038202,0.1390724114491604,Focused
2026-01-10T18:20:45.199875,0.1541598383919336,Focused
2026-01-10T18:20:45.386926,0.15532222245819866,Focused
2026-01-10T18:20:45.510603,0.15228135193465278,Focused
2026-01-10T18:20:45.621524,0.13954587459447793,Focused
2026-01-10T18:20:45.773916,0.1406524240388535,Focused
2026-01-10T18:20:45.919335,0.12775437486125157,Focused
2026-01-10T18:20:46.053773,0.14700455809943377,Focused
2026-01-10T18:20:46.183834,0.16062087332829833,Focused
2026-01-10T18:20:46.312281,0.14263885973487048,Focused
2026-01-10T18:20:46.525209,0.15838039539521562,Focused
2026-01-10T18:20:46.712341,0.1012756656127749,Focused
2026-01-10T18:20:46.859199,0.13829947582271415,Focused
2026-01-10T18:20:46.981176,0.134178078250261,Focused
2026-01-10T18:20:47.155504,0.10395448778290302,Focused
2026-01-10T18:20:47.305982,0.13845208641723727,Focused
2026-01-10T18:20:47.433343,0.12663370995724108,Focused
2026-01-10T18:20:47.629116,0.12278842677478678,Focused
2026-01-10T18:20:47.755953,0.13082437447155823,Focused
2026-01-10T18:20:47.892411,0.13194686346978413,Focused
2026-01-10T18:20:48.013631,0.1428731246938696,Focused
2026-01-10T18:22:28.976744,0.1396100523386849,Focused
2026-01-10T18:22:29.166639,0.07888059696851996,Focused
2026-01-10T18:22:29.296411,0.1107725125781144,Focused
2026-01-10T18:22:29.394084,0.13508197457995264,Focused
2026-01-10T18:22:29.491139,0.1544663351145573,Focused
2026-01-10T18:22:29.606905,0.15463169988070147,Focused
2026-01-10T18:22:29.784373,0.17982447846734428,Focused
2026-01-10T18:22:29.888742,0.1322822806891054,Focused
2026-01-10T18:22:30.006639,0.14566067336127161,Focused
2026-01-10T18:22:30.099357,0.10059876861050725,Focused
2026-01-10T18:22:30.192689,0.11965269807260484,Focused
2026-01-10T18:22:30.299038,0.13085494681145063,Focused
2026-01-10T18:22:30.396888,0.1154175759293139,Focused
2026-01-10T18:22:30.491575,0.11458677572663874,Focused
2026-01-10T18:22:30.615880,0.11458677572663874,Focused
2026-01-10T18:22:30.722288,0.11442081099958158,Focused
2026-01-10T18:22:30.898278,0.11455183737707557,Focused
2026-01-10T18:22:31.042447,0.12379748941457364,Focused
2026-01-10T18:22:31.142510,0.08175250847125426,Focused
2026-01-10T18:22:31.239414,0.07726890796329826,Focused
2026-01-10T18:22:31.365613,0.13576521508803124,Focused
2026-01-10T18:22:31.465521,0.14083857681252993,Focused
2026-01-10T18:22:31.572344,0.1511480532353744,Focused
2026-01-10T18:22:31.694989,0.1305582518398296,Focused
2026-01-10T18:22:31.804156,0.15553589293995174,Focused
2026-01-10T18:22:31.946894,0.18778234977507965,Focused
2026-01-10T18:22:32.065456,0.1555421184981242,Focused
2026-01-10T18:22:32.167560,0.1710628206725232,Focused
2026-01-10T18:22:32.265386,0.1456265495507978,Focused
2026-01-10T18:22:32.376074,0.18520670000871178,Focused
2026-01-10T18:22:32.471295,0.14591333073331042,Focused
2026-01-10T18:22:32.578987,0.16778187747113404,Focused
2026-01-10T18:22:32.696854,0.12152784208301455,Focused
2026-01-10T18:22:32.797977,0.10263097921269945,Focused
2026-01-10T18:22:32.971810,0.13998620321508495,Focused
2026-01-10T18:22:33.103469,0.15381762003526092,Focused
2026-01-10T18:22:33.218692,0.13373913859832098,Focused
2026-01-10T18:22:33.336547,0.16547540030733215,Focused
2026-01-10T18:22:33.464938,0.13284254879690707,Focused
2026-01-10T18:22:33.574701,0.16768395085819066,Focused
2026-01-10T18:22:33.700905,0.13132804979104548,Focused
2026-01-10T18:22:33.818186,0.15100168770513847,Focused
2026-01-10T18:22:33.931612,0.10241152242851967,Focused
2026-01-10T18:22:34.113800,0.050655759076471435,Focused
2026-01-10T18:22:34.229711,0.126323708856944,Focused
2026-01-10T18:22:34.352190,0.1616784114623442,Focused
2026-01-10T18:22:34.478844,0.12171465642750263,Focused
2026-01-10T18:22:34.604146,0.12187900193966925,Focused
2026-01-10T18:22:34.735813,0.09962111436761915,Focused
2026-01-10T18:22:34.846242,0.04868731155293062,Focused
2026-01-10T18:22:34.962587,0.07168575011892243,Focused
2026-01-10T18:22:35.161615,0.12868634043261407,Focused
2026-01-10T18:22:35.286714,0.16742232214310204,Focused
2026-01-10T18:22:35.413562,0.13896845253184437,Focused
2026-01-10T18:22:35.546756,0.13810525969602166,Focused
2026-01-10T18:22:35.669125,0.13150128093548116,Focused
2026-01-10T18:22:35.805516,0.13488085550488904,Focused
2026-01-10T18:22:35.929983,0.13381720165489241,Focused
2026-01-10T18:22:36.050286,0.09083113248925656,Focused
2026-01-10T18:22:36.248880,0.12129976990399881,Focused
2026-01-10T18:22:36.371929,0.048872779018711295,Focused
2026-01-10T18:22:36.493728,0.05808591664535925,Focused
2026-01-10T18:22:36.627901,0.048304258391726765,Focused
2026-01-10T18:22:36.756700,0.059039589413441715,Focused
2026-01-10T18:22:36.866131,0.13603348962496967,Focused
2026-01-10T18:22:36.967197,0.1138923490419984,Focused
2026-01-10T18:22:37.063172,0.07157002738676965,Focused
2026-01-10T18:22:37.164416,0.05934639752376824,Focused
2026-01-10T18:22:37.346695,0.06568940817378462,Focused
2026-01-10T18:22:37.463836,0.06299633386079222,Focused
2026-01-10T18:22:37.589525,0.07722264238400385,Focused
2026-01-10T18:22:37.695738,0.059470860497094685,Focused
2026-01-10T18:22:37.788783,0.14385163314291277,Focused
2026-01-10T18:22:37.902153,0.048634188633877785,Focused
2026-01-10T18:22:37.994464,0.1199379678175319,Focused
2026-01-10T18:22:38.092902,0.06939966841600835,Focused
2026-01-10T18:22:38.205788,0.10486743145738728,Focused
2026-01-10T18:22:38.382074,0.08800557400099933,Focused
2026-01-10T18:22:38.516340,0.09824931108159944,Focused
2026-01-10T18:22:38.653260,0.1001978486252483,Focused
2026-01-10T18:22:38.744425,0.12080629374977433,Focused
2026-01-10T18:22:38.842909,0.15692477896227502,Focused
2026-01-10T18:22:38.946872,0.13587280016508882,Focused
2026-01-10T18:22:39.043407,0.14322717197355814,Focused
2026-01-10T18:22:39.169674,0.1280054280825425,Focused
2026-01-10T18:22:39.288038,0.10502388241002335,Focused
2026-01-10T18:22:39.440301,0.10921639527077788,Focused
2026-01-10T18:22:39.577232,0.10593692567781544,Focused
2026-01-10T18:22:39.703269,0.10140704174409619,Focused
2026-01-10T18:22:39.812165,0.13329972736828494,Focused
2026-01-10T18:22:39.929149,0.13030769833130762,Focused
2026-01-10T18:22:40.036014,0.10170830954739357,Focused
2026-01-10T18:22:40.145034,0.14482568462917697,Focused
2026-01-10T18:22:40.254081,0.1273355367622571,Focused
2026-01-10T18:22:40.367774,0.1656842791941017,Focused
2026-01-10T18:22:40.569833,0.22774724116170547,Focused
2026-01-10T18:22:40.689405,0.19807668134453707,Focused
2026-01-10T18:22:40.789071,0.13147995247709332,Focused
2026-01-10T18:22:40.893178,0.10505141576722962,Focused
2026-01-10T18:22:41.009092,0.1987079734870349,Focused
2026-01-10T18:22:41.123347,0.2044223294535186,Focused
2026-01-10T18:22:41.231548,0.2204932450928027,Focused
2026-01-10T18:22:41.347672,0.2204932450928027,Focused
2026-01-10T18:22:41.479084,0.20723619915370364,Focused
2026-01-10T18:22:41.695075,0.1628544693812728,Focused
2026-01-10T18:22:41.827860,0.1319326574448496,Focused
2026-01-10T18:22:41.941191,0.1442264902696479,Focused
2026-01-10T18:22:42.062741,0.12263121604919433,Focused
2026-01-10T18:22:42.165769,0.1179141222324688,Focused
2026-01-10T18:22:42.268437,0.1949244403745979,Focused
2026-01-10T18:22:42.390867,0.15030015541778993,Focused
2026-01-10T18:22:42.507949,0.19094842961312677,Focused
2026-01-10T18:22:42.617408,0.1748797770887904,Focused
2026-01-10T18:22:42.837397,0.18961057160631753,Focused
2026-01-10T18:22:42.948916,0.1411017700796947,Focused
2026-01-10T18:22:43.073261,0.212393371888902,Focused
2026-01-10T18:22:43.181899,0.16268437899416316,Focused
2026-01-10T18:22:43.292709,0.17470501440984662,Focused
2026-01-10T18:22:43.403140,0.12050542966171635,Focused
2026-01-10T18:22:43.529451,0.17605540037620812,Focused
2026-01-10T18:22:43.666477,0.18364228790742346,Focused
2026-01-10T18:22:43.772864,0.16815318923909214,Focused
2026-01-10T18:22:43.962098,0.21587542104534804,Focused
2026-01-10T18:22:44.077810,0.14800969612260814,Focused
2026-01-10T18:22:44.190958,0.13956728430639487,Focused
2026-01-10T18:22:44.297584,0.09847011467209085,Focused
2026-01-10T18:22:44.408363,0.12094907438149675,Focused
2026-01-10T18:22:44.519468,0.12679133860510772,Focused
2026-01-10T18:22:44.628635,0.15376505683525465,Focused
2026-01-10T18:22:44.738906,0.10761792405392043,Focused
2026-01-10T18:22:44.854795,0.09644312168238685,Focused
2026-01-10T18:22:45.068850,0.15495899437228217,Focused
2026-01-10T18:22:45.179623,0.11631472923909314,Focused
2026-01-10T18:22:45.288175,0.1908498666860396,Focused
2026-01-10T18:22:45.394620,0.14702117510023524,Focused
2026-01-10T18:22:45.518000,0.23212155676446852,Focused
2026-01-10T18:22:45.638534,0.30333063434809443,Focused
2026-01-10T18:22:45.754971,0.1392827247502282,Focused
2026-01-10T18:22:45.850347,0.0,Focused
2026-01-10T18:22:46.007630,0.197588911105413,Focused
2026-01-10T18:22:46.208332,0.13465644929092377,Focused
2026-01-10T18:22:46.324280,0.0,Focused
2026-01-10T18:22:46.576125,0.0,Focused
2026-01-10T18:22:46.671984,0.0,Focused
2026-01-10T18:22:48.139202,0.0,Focused
2026-01-10T18:22:48.364948,0.20288675203919412,Focused
2026-01-10T18:22:48.485568,0.14443188519217076,Focused
2026-01-10T18:22:48.597982,0.19665753681547357,Focused
2026-01-10T18:22:48.710583,0.14215638150344603,Focused
2026-01-10T18:22:48.823771,0.14771041376516222,Focused
2026-01-10T18:22:48.939430,0.0,Focused
2026-01-10T18:22:49.058798,0.0,Focused
2026-01-10T18:22:49.176352,0.0,Focused
2026-01-10T18:22:49.363994,0.19006877105566672,Focused
2026-01-10T18:22:49.503982,0.15150118037126958,Focused
2026-01-10T18:22:49.640096,0.10937866170424967,Focused
2026-01-10T18:22:49.768987,0.1470258982037194,Focused
2026-01-10T18:22:49.882135,0.1307556233834475,Focused
2026-01-10T18:22:49.987838,0.14927916208980607,Focused
2026-01-10T18:22:50.111907,0.14118152090813965,Focused
2026-01-10T18:22:50.240234,0.14118152090813965,Focused
2026-01-10T18:22:50.364536,0.0,Focused
2026-01-10T18:22:50.570963,0.17785226553678513,Focused
2026-01-10T18:22:50.703201,0.0,Focused
2026-01-10T18:22:50.837326,0.0,Focused
2026-01-10T18:22:50.961660,0.0,Focused
2026-01-10T18:22:51.074590,0.0,Focused
2026-01-10T18:22:51.213556,0.0,Focused
2026-01-10T18:22:51.371374,0.0,Focused
2026-01-10T18:22:51.500364,0.0,Focused
2026-01-10T18:22:51.691135,0.0,Focused
2026-01-10T18:22:51.815355,0.08633502072189003,Focused
2026-01-10T18:22:51.947112,0.0,Focused
2026-01-10T18:22:52.066258,0.0,Focused
2026-01-10T18:22:52.202545,0.0,Focused
2026-01-10T18:22:52.338754,0.0,Focused
2026-01-10T18:22:52.479318,0.0,Focused
2026-01-10T18:22:52.799529,0.0,Focused
2026-01-10T18:22:52.910348,0.19288709579268473,Focused
2026-01-10T18:22:53.043657,0.0,Focused
2026-01-10T18:22:53.184907,0.0,Focused
2026-01-10T18:22:53.308168,0.0,Focused
2026-01-10T18:22:53.436557,0.0,Focused
2026-01-10T18:22:53.541203,0.0,Focused
2026-01-10T18:22:53.668901,0.1592805841821246,Focused
2026-01-10T18:22:53.860250,0.1592805841821246,Focused
2026-01-10T18:22:53.972858,0.11073749800561927,Focused
2026-01-10T18:22:54.107790,0.1776216932514217,Focused
2026-01-10T18:22:54.247952,0.14573015194910113,Focused
2026-01-10T18:22:54.377398,0.15687595207709817,Focused
2026-01-10T18:22:54.547570,0.14473743716953322,Focused
2026-01-10T18:22:54.679964,0.16019773070584048,Focused
2026-01-10T18:22:54.803850,0.24321853618603198,Focused
2026-01-10T18:22:54.975565,0.21484210002818147,Focused
2026-01-10T18:22:55.097348,0.21977253982331604,Focused
2026-01-10T18:22:55.217962,0.10977334884228185,Focused
2026-01-10T18:22:55.342787,0.1641566782258451,Focused
2026-01-10T18:22:55.469983,0.13129646801389752,Focused
2026-01-10T18:22:55.597602,0.15132289269240573,Focused
2026-01-10T18:22:55.719288,0.18980629646684974,Focused
2026-01-10T18:22:55.835436,0.15677467342320597,Focused
2026-01-10T18:22:56.043672,0.1173685930436477,Focused
2026-01-10T18:22:56.169887,0.11382771271746606,Focused
2026-01-10T18:22:56.267842,0.09677570597268641,Focused
2026-01-10T18:22:56.371218,0.11337275964906439,Focused
2026-01-10T18:22:56.481585,0.13318361171986906,Focused
2026-01-10T18:22:56.634705,0.13318361171986906,Focused
2026-01-10T18:22:56.797537,0.15844543991261162,Focused
2026-01-10T18:22:56.896365,0.13028260974097067,Focused
2026-01-10T18:22:57.106153,0.12733870396914426,Focused
2026-01-10T18:22:57.205030,0.15006702559985569,Focused
2026-01-10T18:22:57.315485,0.18694173947442322,Focused
2026-01-10T18:22:57.428011,0.17453968102345244,Focused
2026-01-10T18:22:57.568120,0.15142547280120194,Focused
2026-01-10T18:22:57.704370,0.15037612016312776,Focused
2026-01-10T18:22:57.849216,0.12222817381843924,Focused
2026-01-10T18:22:57.962490,0.138319008925464,Focused
2026-01-10T18:22:58.125924,0.1506170541397296,Focused
2026-01-10T18:22:58.242332,0.18806973436148836,Focused
2026-01-10T18:22:58.350386,0.1480015874141827,Focused
2026-01-10T18:22:58.459727,0.07818286106921732,Focused
2026-01-10T18:22:58.572071,0.09097723873273936,Focused
2026-01-10T18:22:58.702172,0.08553635616844986,Focused
2026-01-10T18:22:58.811252,0.08205835360859055,Focused
2026-01-10T18:22:58.915124,0.13887042987626047,Focused
2026-01-10T18:22:59.026729,0.13349794999230655,Focused
2026-01-10T18:22:59.146365,0.17224076555576173,Focused
2026-01-10T18:22:59.301552,0.16587647160631602,Focused
2026-01-10T18:22:59.419489,0.10939002746599726,Focused
2026-01-10T18:22:59.536029,0.08106369437300599,Focused
2026-01-10T18:22:59.644063,0.09660839089774527,Focused
2026-01-10T18:22:59.775380,0.11556191308773123,Focused
2026-01-10T18:22:59.888211,0.15665660504018888,Focused
2026-01-10T18:23:00.006663,0.1162506418535486,Focused
2026-01-10T18:23:00.139448,0.1483525773626752,Focused
2026-01-10T18:23:00.338652,0.1369543964159675,Focused
2026-01-10T18:23:00.442541,0.16390504807932302,Focused
2026-01-10T18:23:00.551403,0.13627566802315413,Focused
2026-01-10T18:23:00.661264,0.142370127979666,Focused
2026-01-10T18:23:00.798410,0.17418204742716625,Focused
2026-01-10T18:23:00.916594,0.1457744143437594,Focused
2026-01-10T18:23:01.022753,0.14710691754589786,Focused
2026-01-10T18:23:01.141194,0.15346072596148588,Focused
2026-01-10T18:23:01.262153,0.13769179503433407,Focused
2026-01-10T18:23:01.445253,0.13761166616459378,Focused
2026-01-10T18:23:01.558303,0.15511410285835153,Focused
2026-01-10T18:23:01.679807,0.1598508599214256,Focused
2026-01-10T18:23:01.823789,0.16978955001104623,Focused
2026-01-10T18:23:01.946813,0.15080106659443115,Focused
2026-01-10T18:23:02.062087,0.17462368527194483,Focused
2026-01-10T18:23:02.181472,0.181064834917197,Focused
2026-01-10T18:23:02.302921,0.17501923226518556,Focused
2026-01-10T18:23:02.483715,0.1696690349082928,Focused
2026-01-10T18:23:02.608692,0.0,Focused
2026-01-10T18:23:02.734813,0.12525076953461395,Focused
2026-01-10T18:23:02.878088,0.1991237079841085,Focused
2026-01-10T18:23:03.012868,0.1276482818648219,Focused
2026-01-10T18:23:03.110484,0.11868322268128395,Focused
2026-01-10T18:23:03.224782,0.22464740155264734,Focused
2026-01-10T18:23:03.334931,0.15986143201589584,Focused
2026-01-10T18:23:03.453885,0.14932552650570868,Focused
2026-01-10T18:23:03.605838,0.16928417421877384,Focused
2026-01-10T18:23:03.715314,0.293699411675334,Focused
2026-01-10T18:23:03.837443,0.19362548179924485,Focused
2026-01-10T18:23:03.953536,0.29134056027978655,Focused
2026-01-10T18:23:04.059495,0.12104570306837559,Focused
2026-01-10T18:23:04.161078,0.2865934212692082,Focused
2026-01-10T18:23:04.287793,0.20296293690335004,Focused
2026-01-10T18:23:04.395292,0.07728009046986699,Focused
2026-01-10T18:23:04.509224,0.15683699771761894,Focused
2026-01-10T18:23:04.674455,0.19377597942948344,Focused
2026-01-10T18:23:04.774973,0.1423107221722603,Focused
2026-01-10T18:23:04.876961,0.22710538432002064,Focused
2026-01-10T18:23:04.990420,0.22710538432002064,Focused
2026-01-10T18:23:05.095889,0.18930602595210075,Focused
2026-01-10T18:23:05.201029,0.11051681581884622,Focused
2026-01-10T18:23:05.328680,0.16303515210747718,Focused
2026-01-10T18:23:05.429698,0.09873061673715709,Focused
2026-01-10T18:23:05.536462,0.15182333551347255,Focused
2026-01-10T18:23:05.705025,0.22457927837967873,Focused
2026-01-10T18:23:05.817922,0.11129243522882461,Focused
2026-01-10T18:23:05.923922,0.19058445356786252,Focused
2026-01-10T18:23:06.022287,0.0,Focused
2026-01-10T18:23:06.117078,0.0,Focused
2026-01-10T18:23:06.218991,0.16533661186695098,Focused
2026-01-10T18:23:06.346199,0.12305814269930124,Focused
2026-01-10T18:23:06.456736,0.0,Focused
2026-01-10T18:23:06.570088,0.08999334974214435,Focused
2026-01-10T18:23:06.667975,0.06763844813685864,Focused
2026-01-10T18:23:06.828610,0.2187967968173325,Focused
2026-01-10T18:23:06.930792,0.1814092835411429,Focused
2026-01-10T18:23:07.061973,0.09912317250855267,Focused
2026-01-10T18:23:07.188896,0.2170963174663484,Focused
2026-01-10T18:23:07.289263,0.14257742287591102,Focused
2026-01-10T18:23:07.398832,0.14257742287591102,Focused
2026-01-10T18:23:07.506835,0.1322765896562487,Focused
2026-01-10T18:23:07.612065,0.10396273951046169,Focused
2026-01-10T18:23:07.723146,0.0922372307162732,Focused
2026-01-10T18:23:07.891977,0.11401434801518918,Focused
2026-01-10T18:23:07.994118,0.09365488085895778,Focused
2026-01-10T18:23:08.112100,0.15491836648434398,Focused
2026-01-10T18:23:08.230090,0.13756168489344417,Focused
2026-01-10T18:23:08.361186,0.08826342038810252,Focused
2026-01-10T18:23:08.491703,0.11297300709411501,Focused
2026-01-10T18:23:08.586118,0.04529621657857206,Focused
2026-01-10T18:23:08.693577,0.1512739930767566,Focused
2026-01-10T18:23:08.790513,0.04581315628820448,Focused
2026-01-10T18:23:08.963417,0.040434909189207245,Focused
2026-01-10T18:23:09.094266,0.17356680176453665,Focused
2026-01-10T18:23:09.205552,0.2218700189143419,Focused
2026-01-10T18:23:09.303410,0.04739883792608452,Focused
2026-01-10T18:23:09.396697,0.17541477158665658,Focused
2026-01-10T18:23:09.486230,0.2182837063446641,Focused
2026-01-10T18:23:09.587014,0.222044606693089,Focused
2026-01-10T18:23:09.705525,0.10988542393315584,Focused
2026-01-10T18:23:09.808392,0.13032481456175446,Focused
2026-01-10T18:23:09.908894,0.12050309116020798,Focused
2026-01-10T18:23:10.057631,0.09873496440413873,Focused
2026-01-10T18:23:10.191776,0.11229331467184236,Focused
2026-01-10T18:23:10.290213,0.11025262661569285,Focused
2026-01-10T18:23:10.397017,0.11932109076878986,Focused
2026-01-10T18:23:10.511661,0.11799708556500263,Focused
2026-01-10T18:23:10.620444,0.11579765026108363,Focused
2026-01-10T18:23:10.728769,0.0,Focused
2026-01-10T18:23:10.829382,0.12404215062852017,Focused
2026-01-10T18:23:10.925433,0.11671874806052072,Focused
2026-01-10T18:23:11.091536,0.10994797912426292,Focused
2026-01-10T18:23:11.231439,0.10473131208273116,Focused
2026-01-10T18:23:11.349273,0.12210244317539036,Focused
2026-01-10T18:23:11.455952,0.13159738425165413,Focused
2026-01-10T18:23:11.562729,0.15766726124566047,Focused
2026-01-10T18:23:11.677915,0.16885397741571068,Focused
2026-01-10T18:23:11.792717,0.10335376122966408,Focused
2026-01-10T18:23:11.902916,0.14558525579050183,Focused
2026-01-10T18:23:12.015853,0.12508873601909726,Focused
2026-01-10T18:23:12.191005,0.12856184686534106,Focused
2026-01-10T18:23:12.322023,0.11662157215760088,Focused
2026-01-10T18:23:12.436258,0.1374790953239426,Focused
2026-01-10T18:23:12.569709,0.20119338799268005,Focused
2026-01-10T18:23:12.695975,0.12440531104803086,Focused
2026-01-10T18:23:12.820737,0.1904330365359783,Focused
2026-01-10T18:23:12.938558,0.10655150571838022,Focused
2026-01-10T18:23:13.044707,0.08303495324216782,Focused
2026-01-10T18:23:13.154635,0.10581157547421753,Focused
2026-01-10T18:23:13.335761,0.08776846665423364,Focused
2026-01-10T18:23:13.448649,0.14523990927264094,Focused
2026-01-10T18:23:13.576726,0.1243982106912881,Focused
2026-01-10T18:23:13.690475,0.20210021501407027,Focused
2026-01-10T18:23:13.830460,0.1446490492671728,Focused
2026-01-10T18:23:13.958238,0.31219184678047895,Focused
2026-01-10T18:23:14.073274,0.19128938149660824,Focused
2026-01-10T18:23:14.183132,0.2024881534278393,Focused
2026-01-10T18:23:14.394820,0.17696065907366573,Focused
2026-01-10T18:23:14.506860,0.16937560113146902,Focused
2026-01-10T18:23:14.634186,0.18717296170070766,Focused
2026-01-10T18:23:14.764608,0.1471235418692231,Focused
2026-01-10T18:23:14.896923,0.10135324508883059,Focused
2026-01-10T18:23:15.008140,0.09368568663485348,Focused
2026-01-10T18:23:15.120716,0.09926793770864606,Focused
2026-01-10T18:23:15.228266,0.09419190655462444,Focused
2026-01-10T18:23:15.435059,0.09095206903293729,Focused
2026-01-10T18:23:15.558780,0.11508582634851336,Focused
2026-01-10T18:23:15.688703,0.11886215899139642,Focused
2026-01-10T18:23:15.811349,0.14377811914309857,Focused
2026-01-10T18:23:15.937585,0.12416431363672017,Focused
2026-01-10T18:23:16.070417,0.12613651780411603,Focused
2026-01-10T18:23:16.177561,0.08944733606185763,Focused
2026-01-10T18:23:16.280081,0.06412473432719708,Focused
2026-01-10T18:23:16.382827,0.06760253551183268,Focused
2026-01-10T18:23:16.581798,0.0712755311280489,Focused
2026-01-10T18:23:16.721139,0.08900752407498658,Focused
2026-01-10T18:23:16.835764,0.083262570342049,Focused
2026-01-10T18:23:16.953440,0.08430136952083558,Focused
2026-01-10T18:23:17.086270,0.08616031287238002,Focused
2026-01-10T18:23:17.193219,0.12018634865526111,Focused
2026-01-10T18:23:17.298844,0.09133670814335344,Focused
2026-01-10T18:23:17.411174,0.08481908938847482,Focused
2026-01-10T18:23:17.613143,0.07891817912459374,Focused
2026-01-10T18:23:17.724602,0.08470633151009678,Focused
2026-01-10T18:23:17.842433,0.0813817051704973,Focused
2026-01-10T18:23:17.962240,0.09723740071058273,Focused
2026-01-10T18:23:18.077097,0.09411164438351988,Focused
2026-01-10T18:23:18.196023,0.08416056777350604,Focused
2026-01-10T18:23:18.323396,0.08133763764053582,Focused
2026-01-10T18:23:18.437391,0.08278716187924147,Focused
2026-01-10T18:23:18.556333,0.09743665512651203,Focused
2026-01-10T18:23:18.737537,0.08259800635278225,Focused
2026-01-10T18:23:18.856425,0.19001525775529443,Focused
2026-01-10T18:23:18.977964,0.09402426313608885,Focused
2026-01-10T18:23:19.092717,0.08085339162498713,Focused
2026-01-10T18:23:19.199326,0.08958365004509689,Focused
2026-01-10T18:23:19.306240,0.08950723139569162,Focused
2026-01-10T18:23:19.414980,0.25780352018773556,Focused
2026-01-10T18:23:19.525734,0.17809112705290317,Focused
2026-01-10T18:23:19.636465,0.13844969030469656,Focused
2026-01-10T18:23:19.845054,0.18046871675178408,Focused
2026-01-10T18:23:19.965820,0.1967937273904681,Focused
2026-01-10T18:23:20.082689,0.1778948456980288,Focused
2026-01-10T18:23:20.196074,0.19120052861981093,Focused
2026-01-10T18:23:20.306624,0.18279227102175352,Focused
2026-01-10T18:23:20.417572,0.19310713605955243,Focused
2026-01-10T18:23:20.525352,0.18582566082477567,Focused
2026-01-10T18:23:20.643460,0.09904878083616495,Focused
2026-01-10T18:23:20.763586,0.10232580006122588,Focused
2026-01-10T18:23:20.965489,0.07974953465163707,Focused
2026-01-10T18:23:21.087933,0.10283565800637005,Focused
2026-01-10T18:23:21.226552,0.10534631833434105,Focused
2026-01-10T18:23:21.349006,0.17003849428147078,Focused
2026-01-10T18:23:21.448374,0.13573555909097193,Focused
2026-01-10T18:23:21.541830,0.18649529580725355,Focused
2026-01-10T18:23:21.646709,0.22060137990047224,Focused
2026-01-10T18:23:21.753388,0.08829165091738105,Focused
2026-01-10T18:23:21.871172,0.07203005363699048,Focused
2026-01-10T18:23:22.061215,0.08971226157154888,Focused
2026-01-10T18:23:22.190838,0.0774016490089707,Focused
2026-01-10T18:23:22.318942,0.10872437143698335,Focused
2026-01-10T18:23:22.416028,0.10236051916144788,Focused
2026-01-10T18:23:22.524157,0.10467133969068529,Focused
2026-01-10T18:23:22.633309,0.11602807245217263,Focused
2026-01-10T18:23:22.746099,0.1449404712766409,Focused
2026-01-10T18:23:22.846251,0.14896311819320546,Focused
2026-01-10T18:23:22.939051,0.14896311819320546,Focused
2026-01-10T18:23:23.146071,0.11199432138819247,Focused
2026-01-10T18:23:23.260450,0.12679632040672004,Focused
2026-01-10T18:23:23.386446,0.09822905877372251,Focused
2026-01-10T18:23:23.516829,0.15583549845032393,Focused
2026-01-10T18:23:23.614927,0.1555641809827648,Focused
2026-01-10T18:23:23.724222,0.10812908995430916,Focused
2026-01-10T18:23:23.827687,0.11636000640282872,Focused
2026-01-10T18:23:23.930870,0.11226586161646991,Focused
2026-01-10T18:23:24.030115,0.1287420994020067,Focused
2026-01-10T18:23:24.235377,0.3049418080132455,Focused
2026-01-10T18:23:24.328859,0.20116147315129637,Focused
2026-01-10T18:23:24.423471,0.1688101248582825,Focused
2026-01-10T18:23:24.517469,0.1799044939223677,Focused
2026-01-10T18:23:24.613690,0.1799044939223677,Focused
2026-01-10T18:23:24.700840,0.13027631901204584,Focused
2026-01-10T18:23:24.838216,0.10059906274545938,Focused
2026-01-10T18:23:24.962978,0.11113718762062491,Focused
2026-01-10T18:23:25.069772,0.13164609200321137,Focused
2026-01-10T18:23:25.276106,0.12750514789950101,Focused
2026-01-10T18:23:25.373690,0.17528727914905173,Focused
2026-01-10T18:23:25.469073,0.10703922491520643,Focused
2026-01-10T18:23:25.564528,0.08228583335876465,Focused
2026-01-10T18:23:25.663865,0.08228583335876465,Focused
2026-01-10T18:23:25.782968,0.07595484994817525,Focused
2026-01-10T18:23:25.874629,0.11080309599637984,Focused
2026-01-10T18:23:25.980154,0.11173037556000054,Focused
2026-01-10T18:23:26.076986,0.09373692292720079,Focused
2026-01-10T18:23:26.194140,0.11011997511377558,Focused
2026-01-10T18:23:26.390087,0.08498422503471374,Focused
2026-01-10T18:23:26.486083,0.13180270316079257,Focused
2026-01-10T18:23:26.580635,0.1188371414784342,Focused
2026-01-10T18:23:26.675428,0.1504146794322878,Focused
2026-01-10T18:23:26.768304,0.11747631523758173,Focused
2026-01-10T18:23:26.883790,0.09296935684978962,Focused
2026-01-10T18:23:26.990120,0.05982281911419705,Focused
2026-01-10T18:23:27.081357,0.09581239885883407,Focused
2026-01-10T18:23:27.184244,0.12293956570210866,Focused
2026-01-10T18:23:27.281996,0.14996721777133643,Focused
2026-01-10T18:23:27.470450,0.16797173030208795,Focused
2026-01-10T18:23:27.570604,0.14211557814851403,Focused
2026-01-10T18:23:27.689821,0.21825148366042413,Focused
2026-01-10T18:23:27.816242,0.1517467021010816,Focused
2026-01-10T18:23:27.948512,0.159842611849308,Focused
2026-01-10T18:23:28.083972,0.20721833389252425,Focused
2026-01-10T18:23:28.200737,0.19000953801441936,Focused
2026-01-10T18:23:28.332303,0.16675403367262331,Focused
2026-01-10T18:23:28.472642,0.19111864136066287,Focused
2026-01-10T18:23:28.620500,0.16583001287654042,Focused
2026-01-10T18:23:28.752358,0.21362704068887978,Focused
2026-01-10T18:23:28.868710,0.19469206627400126,Focused
2026-01-10T18:23:28.994627,0.21080919043160976,Focused
2026-01-10T18:23:29.131472,0.17631514267413878,Focused
2026-01-10T18:23:29.265181,0.1848118956433609,Focused
2026-01-10T18:23:29.376735,0.2032253032666631,Focused
2026-01-10T18:23:29.476476,0.18601322510512544,Focused
2026-01-10T18:23:29.684808,0.18858693460933862,Focused
2026-01-10T18:23:29.835356,0.1803984968806617,Focused
2026-01-10T18:23:29.999964,0.19831306205596774,Focused
2026-01-10T18:23:30.156835,0.17708834575023502,Focused
2026-01-10T18:23:30.296774,0.15782095963950268,Focused
2026-01-10T18:23:30.427349,0.15082255572779105,Focused
2026-01-10T18:23:30.571513,0.1555138158146292,Focused
2026-01-10T18:23:30.788637,0.1530810030933935,Focused
2026-01-10T18:23:30.932044,0.11018906605895608,Focused
2026-01-10T18:23:31.065295,0.13389698946848513,Focused
2026-01-10T18:23:31.204572,0.09304407238960266,Focused
2026-01-10T18:23:31.356083,0.1581279031233862,Focused
2026-01-10T18:23:31.494760,0.12822049316018821,Focused
2026-01-10T18:23:31.629343,0.12031524013727904,Focused
2026-01-10T18:23:31.849869,0.151633431261871,Focused
2026-01-10T18:23:31.984873,0.184936509875115,Focused
2026-01-10T18:23:32.123007,0.18273345679044722,Focused
2026-01-10T18:23:32.286369,0.21239626314491034,Focused
2026-01-10T18:23:32.424912,0.20377107621752658,Focused
2026-01-10T18:23:32.566147,0.18549485884723255,Focused
2026-01-10T18:23:32.696090,0.17740289418725297,Focused
2026-01-10T18:23:32.820901,0.11176640223711728,Focused
2026-01-10T18:23:33.012911,0.10774850079324096,Focused
2026-01-10T18:23:33.154873,0.1666666215634905,Focused
2026-01-10T18:23:33.294035,0.15245575307635592,Focused
2026-01-10T18:23:33.424820,0.18323384707327933,Focused
2026-01-10T18:23:33.539464,0.13253620448012954,Focused
2026-01-10T18:23:33.662784,0.12494080725009553,Focused
2026-01-10T18:23:33.783997,0.11834437762154267,Focused
2026-01-10T18:23:34.079397,0.11814920858014376,Focused
2026-01-10T18:23:34.201640,0.14638825288857335,Focused
2026-01-10T18:23:34.322583,0.1871924214065075,Focused
2026-01-10T18:23:34.441755,0.14221488265320656,Focused
2026-01-10T18:23:34.578179,0.1725919129385147,Focused
2026-01-10T18:23:34.716898,0.16325991096091455,Focused
2026-01-10T18:23:34.834760,0.1825350437662564,Focused
2026-01-10T18:23:34.972282,0.14020651716855356,Focused
2026-01-10T18:23:35.188677,0.13128879746655003,Focused
2026-01-10T18:23:35.335232,0.11333813627716155,Focused
2026-01-10T18:23:35.456781,0.1467357594810892,Focused
2026-01-10T18:23:35.604769,0.13980034554842857,Focused
2026-01-10T18:23:35.741982,0.15786603284359443,Focused
2026-01-10T18:23:35.883018,0.1359116676496342,Focused
2026-01-10T18:23:36.023505,0.14106616263743488,Focused
2026-01-10T18:23:36.248420,0.1472345521149691,Focused
2026-01-10T18:23:36.390734,0.15449826417607254,Focused
2026-01-10T18:23:36.529348,0.14398151794448497,Focused
2026-01-10T18:23:36.674188,0.14538166001439096,Focused
2026-01-10T18:23:36.813330,0.20669174628565087,Focused
2026-01-10T18:23:36.946631,0.18512002691277302,Focused
2026-01-10T18:23:37.064743,0.17201935839839277,Focused
2026-01-10T18:23:37.215714,0.17331384991994125,Focused
2026-01-10T18:23:37.379293,0.16475142668932677,Focused
2026-01-10T18:23:37.506334,0.11282302447361871,Focused
2026-01-10T18:23:37.637485,0.09595923839369788,Focused
2026-01-10T18:23:37.771580,0.0923977630387526,Focused
2026-01-10T18:23:37.891307,0.1527046126080677,Focused
2026-01-10T18:23:38.020356,0.14237295399361755,Focused
2026-01-10T18:23:38.153839,0.1414997878775466,Focused
2026-01-10T18:23:38.328653,0.14143400618922897,Focused
2026-01-10T18:23:38.475068,0.13026775802718477,Focused
2026-01-10T18:23:38.611025,0.12446808465756475,Focused
2026-01-10T18:23:38.740287,0.11692779472796246,Focused
2026-01-10T18:23:38.873619,0.1161169980885461,Focused
2026-01-10T18:23:38.998445,0.1228805958700832,Focused
2026-01-10T18:23:39.119821,0.1294275986147113,Focused
2026-01-10T18:23:39.250108,0.10572386342682875,Focused
2026-01-10T18:23:39.473048,0.10572386342682875,Focused
2026-01-10T18:23:39.606450,0.10286286401678808,Focused
2026-01-10T18:23:39.739060,0.1583899784309324,Focused
2026-01-10T18:23:39.879327,0.1596939579816535,Focused
2026-01-10T18:23:40.010882,0.11734022546443158,Focused
2026-01-10T18:23:40.137120,0.12475487866322509,Focused
2026-01-10T18:23:40.262236,0.11415936329867692,Focused
2026-01-10T18:23:40.393757,0.11433053810033016,Focused
2026-01-10T18:23:40.596651,0.0901917622424662,Focused
2026-01-10T18:23:40.728026,0.11132705179043115,Focused
2026-01-10T18:23:40.847282,0.13093766102101653,Focused
2026-01-10T18:23:40.969399,0.1658015839406289,Focused
2026-01-10T18:23:41.102734,0.12892040740698577,Focused
2026-01-10T18:23:41.246715,0.14116125889122486,Focused
2026-01-10T18:23:41.398223,0.0,Focused
2026-01-10T18:23:41.535086,0.0,Focused
2026-01-10T18:23:41.720852,0.0,Focused
2026-01-10T18:23:41.849916,0.0,Focused
2026-01-10T18:23:41.987893,0.0,Focused
2026-01-10T18:23:42.115615,0.0,Focused
2026-01-10T18:23:42.253796,0.0,Focused
2026-01-10T18:23:42.382535,0.0,Focused
2026-01-10T18:23:42.529951,0.1342541967285797,Focused
2026-01-10T18:23:42.733208,0.13846520985243843,Focused
2026-01-10T18:23:42.873721,0.10225476105115376,Focused
2026-01-10T18:23:43.007310,0.12640970526263118,Focused
2026-01-10T18:23:43.141018,0.08605219143209979,Focused
2026-01-10T18:23:43.278273,0.13242139163194222,Focused
2026-01-10T18:23:43.415110,0.11498162654461339,Focused
2026-01-10T18:23:43.555972,0.11960197491571306,Focused
2026-01-10T18:23:43.689814,0.13370477037387898,Focused
2026-01-10T18:23:43.895917,0.07064724296797067,Focused
2026-01-10T18:23:44.029959,0.1577019208809361,Focused
2026-01-10T18:23:44.152386,0.12403570074238814,Focused
2026-01-10T18:23:44.272904,0.13426176871871576,Focused
2026-01-10T18:23:44.397094,0.0831971510720905,Focused
2026-01-10T18:23:44.519546,0.16374101767432875,Focused
2026-01-10T18:23:44.641406,0.14072199640795588,Focused
2026-01-10T18:23:44.756125,0.1505147054529516,Focused
2026-01-10T18:23:44.972882,0.14290417573647574,Focused
2026-01-10T18:23:45.098691,0.15677588395774364,Focused
2026-01-10T18:23:45.224179,0.1426992781460285,Focused
2026-01-10T18:23:45.372627,0.2127811800688505,Focused
2026-01-10T18:23:45.512117,0.1434472722467035,Focused
2026-01-10T18:23:45.665907,0.16991043077432552,Focused
2026-01-10T18:23:45.803803,0.13664384671719745,Focused
2026-01-10T18:23:45.929068,0.1360306864604354,Focused
2026-01-10T18:23:46.120535,0.09891701189917512,Focused
2026-01-10T18:23:46.242325,0.09444041055394337,Focused
2026-01-10T18:23:46.368071,0.10404239142080769,Focused
2026-01-10T18:23:46.508245,0.11753507984103634,Focused
2026-01-10T18:23:46.646698,0.11625487838173285,Focused
2026-01-10T18:23:46.783832,0.09198291735956445,Focused
2026-01-10T18:23:46.905371,0.09872191256145015,Focused
2026-01-10T18:23:47.028709,0.10130912130698562,Focused
2026-01-10T18:23:47.212908,0.07619945865590125,Focused
2026-01-10T18:23:47.330467,0.07619492140365765,Focused
2026-01-10T18:23:47.464442,0.131344337714836,Focused
2026-01-10T18:23:47.602843,0.09800574221881106,Focused
2026-01-10T18:23:47.730611,0.10594722994137555,Focused
2026-01-10T18:23:47.843721,0.08860687837586738,Focused
2026-01-10T18:23:47.960853,0.11198289191816002,Focused
2026-01-10T18:23:48.088327,0.10395137887098825,Focused
2026-01-10T18:23:48.294683,0.10372437762562187,Focused
2026-01-10T18:23:48.411630,0.14685549362329767,Focused
2026-01-10T18:23:48.522614,0.12845387645065784,Focused
2026-01-10T18:23:48.633309,0.1402211167267524,Focused
2026-01-10T18:23:48.753103,0.12457011707010679,Focused
2026-01-10T18:23:48.871288,0.16575475570280104,Focused
2026-01-10T18:23:48.981394,0.14285558814299293,Focused
2026-01-10T18:23:49.110431,0.1815434953663498,Focused
2026-01-10T18:23:49.239785,0.11968961181119084,Focused
2026-01-10T18:23:49.430766,0.13195069395005704,Focused
2026-01-10T18:23:49.557860,0.15611089557060043,Focused
2026-01-10T18:23:49.683379,0.12276159570319578,Focused
2026-01-10T18:23:49.810720,0.13943777665263044,Focused
2026-01-10T18:23:49.938725,0.1020855717244558,Focused
2026-01-10T18:23:50.049933,0.11855393385048955,Focused
2026-01-10T18:23:50.172252,0.07901665045064873,Focused
2026-01-10T18:23:50.315301,0.09857349840458482,Focused
2026-01-10T18:23:50.521930,0.10055651627480984,Focused
2026-01-10T18:23:50.643437,0.11461177712772042,Focused
2026-01-10T18:23:50.749929,0.10586153944022954,Focused
2026-01-10T18:23:50.858903,0.11272709160111845,Focused
2026-01-10T18:23:50.966052,0.10780626951018349,Focused
2026-01-10T18:23:51.072482,0.12530561604071408,Focused
2026-01-10T18:23:51.189258,0.12501301686279476,Focused
2026-01-10T18:23:51.281372,0.12497289609164,Focused
2026-01-10T18:23:51.379614,0.12497289609164,Focused
2026-01-10T18:23:51.610789,0.08777576383436099,Focused
2026-01-10T18:23:51.712496,0.10196586385718547,Focused
2026-01-10T18:23:51.838001,0.0852851461211685,Focused
2026-01-10T18:23:51.974059,0.09320406973129139,Focused
2026-01-10T18:23:52.067390,0.08781001771567389,Focused
2026-01-10T18:23:52.159060,0.08781001771567389,Focused
2026-01-10T18:23:52.250847,0.0839039967569988,Focused
2026-01-10T18:23:52.345098,0.12336669806391001,Focused
2026-01-10T18:23:52.435658,0.18763825232163073,Focused
2026-01-10T18:23:52.533744,0.16915274122729895,Focused
2026-01-10T18:23:52.711101,0.1151352047920227,Focused
2026-01-10T18:23:52.859107,0.12581475136103107,Focused
2026-01-10T18:23:52.951169,0.15364742056117392,Focused
2026-01-10T18:23:53.063607,0.17523224988835862,Focused
2026-01-10T18:23:53.173640,0.17583012885879726,Focused
2026-01-10T18:23:53.268520,0.18541757828788832,Focused
2026-01-10T18:23:53.398814,0.19533340187917927,Focused
2026-01-10T18:23:53.515649,0.17646066330198662,Focused
2026-01-10T18:23:53.609068,0.186714509203739,Focused
2026-01-10T18:23:53.791313,0.1775423763581784,Focused
2026-01-10T18:23:53.909355,0.18681994270227734,Focused
2026-01-10T18:23:54.023882,0.16140176793560385,Focused
2026-01-10T18:23:54.124854,0.13600662313401699,Focused
2026-01-10T18:23:54.219234,0.10571361274051015,Focused
2026-01-10T18:23:54.364454,0.12495895954780281,Focused
2026-01-10T18:23:54.510646,0.16315479427576066,Focused
2026-01-10T18:23:54.639059,0.17173236273229123,Focused
2026-01-10T18:23:54.845392,0.08680370985530317,Focused
2026-01-10T18:23:54.976152,0.11843597925035282,Focused
2026-01-10T18:23:55.087829,0.1809102415165398,Focused
2026-01-10T18:23:55.196670,0.18838987112394534,Focused
2026-01-10T18:23:55.316606,0.1790205624536611,Focused
2026-01-10T18:23:55.425494,0.17584758985904045,Focused
2026-01-10T18:23:55.538490,0.1984034798806533,Focused
2026-01-10T18:23:55.652365,0.18136268514208495,Focused
2026-01-10T18:23:55.767313,0.1792409330024384,Focused
2026-01-10T18:23:55.965493,0.0,Focused
2026-01-10T18:23:56.090826,0.23014128836803138,Focused
2026-01-10T18:23:56.216021,0.0,Focused
2026-01-10T18:23:56.344628,0.19676886475645006,Focused
2026-01-10T18:23:56.471515,0.20591546020004897,Focused
2026-01-10T18:23:56.587276,0.2011773134814575,Focused
2026-01-10T18:23:56.709270,0.21147018199553713,Focused
2026-01-10T18:23:56.837073,0.19911504939664157,Focused
2026-01-10T18:23:57.024137,0.1681287588493433,Focused
2026-01-10T18:23:57.143409,0.18874267220380714,Focused
2026-01-10T18:23:57.264240,0.13587128634098916,Focused
2026-01-10T18:23:57.386776,0.17515564970672132,Focused
2026-01-10T18:23:57.517778,0.10420836955308914,Focused
2026-01-10T18:23:57.637010,0.09988396354019642,Focused
2026-01-10T18:23:57.760040,0.09409684464335441,Focused
2026-01-10T18:23:57.896426,0.12300341445952653,Focused
2026-01-10T18:23:58.106432,0.1181235997006297,Focused
2026-01-10T18:23:58.242431,0.15056797816068862,Focused
2026-01-10T18:23:58.401201,0.1512158278375864,Focused
2026-01-10T18:23:58.537819,0.13811864689923822,Focused
2026-01-10T18:23:58.668966,0.16838676143670456,Focused
2026-01-10T18:23:58.795833,0.1641269277781248,Focused
2026-01-10T18:23:58.928631,0.1741902669891715,Focused
2026-01-10T18:23:59.131290,0.11345597151666881,Focused
2026-01-10T18:23:59.236736,0.19905620431527496,Focused
2026-01-10T18:23:59.362193,0.19905620431527496,Focused
2026-01-10T18:23:59.492715,0.02466893457021797,Focused
2026-01-10T18:23:59.613763,0.008497144396824296,Focused
2026-01-10T18:23:59.734697,0.011300251586362718,Focused
2026-01-10T18:23:59.858402,0.028341165103483945,Focused
2026-01-10T18:24:00.007066,0.04940001147333532,Focused
2026-01-10T18:24:00.228489,0.09656526409089565,Focused
2026-01-10T18:24:00.358420,0.06990054123161825,Focused
2026-01-10T18:24:00.498463,0.10231635915770311,Focused
2026-01-10T18:24:00.640296,0.0702046155667631,Focused
2026-01-10T18:24:00.772072,0.09222627864364769,Focused
2026-01-10T18:24:00.910361,0.08976020779809914,Focused
2026-01-10T18:24:01.045642,0.0346484256646363,Focused
2026-01-10T18:24:01.178723,0.04355010651343036,Focused
2026-01-10T18:24:01.390526,0.03677961748035159,Focused
2026-01-10T18:24:01.519467,0.0336476620293979,Focused
2026-01-10T18:24:01.649394,0.03808444749301998,Focused
2026-01-10T18:24:01.768118,0.038980060251196845,Focused
2026-01-10T18:24:01.903741,0.03680818832363002,Focused
2026-01-10T18:24:02.031678,0.03702085637778509,Focused
2026-01-10T18:24:02.161782,0.14033370456309058,Focused
2026-01-10T18:24:02.301373,0.12666184036061168,Focused
2026-01-10T18:24:02.481541,0.1368822242191527,Focused
2026-01-10T18:24:02.605019,0.16596202540968077,Focused
2026-01-10T18:24:02.729853,0.15807092074537651,Focused
2026-01-10T18:24:02.847727,0.18647534856572748,Focused
2026-01-10T18:24:02.973478,0.15004289927892386,Focused
2026-01-10T18:24:03.103286,0.0,Focused
2026-01-10T18:24:03.231679,0.10346518420847133,Focused
2026-01-10T18:24:03.347014,0.09945736495428717,Focused
2026-01-10T18:24:03.537584,0.14543603736092336,Focused
2026-01-10T18:24:03.676539,0.1709125949186273,Focused
2026-01-10T18:24:03.798653,0.23651010098401457,Focused
2026-01-10T18:24:03.912522,0.1510230455809506,Focused
2026-01-10T18:24:04.032559,0.19400048085371965,Focused
2026-01-10T18:24:04.164544,0.17973523940891026,Focused
2026-01-10T18:24:04.281111,0.20346311941975728,Focused
2026-01-10T18:24:04.406338,0.214079346624203,Focused
2026-01-10T18:24:04.602194,0.20323748827795496,Focused
2026-01-10T18:24:04.727793,0.11107171753537841,Focused
2026-01-10T18:24:04.841968,0.08545977908652276,Focused
2026-01-10T18:24:04.966396,0.04661041023209691,Focused
2026-01-10T18:24:05.099508,0.0832408371497877,Focused
2026-01-10T18:24:05.227802,0.13538773595355452,Focused
2026-01-10T18:24:05.351706,0.12326837735017762,Focused
2026-01-10T18:24:05.488568,0.15714612868614494,Focused
2026-01-10T18:24:05.687065,0.17038288415642455,Focused
2026-01-10T18:24:05.813423,0.16839464125223458,Focused
2026-01-10T18:24:05.929200,0.1885180202196352,Focused
2026-01-10T18:24:06.049807,0.4671031592413783,Focused
2026-01-10T18:24:06.181237,0.48205838818103075,Focused
2026-01-10T18:24:06.309012,0.5035637049935758,Focused
2026-01-10T18:24:06.437939,0.4426517440006137,Focused
2026-01-10T18:24:06.571661,0.3832046299241484,Focused
2026-01-10T18:24:06.757508,0.4433314519003034,Focused
2026-01-10T18:24:06.873956,0.3747007889207453,Focused
2026-01-10T18:24:06.984683,0.3417202669661492,Focused
2026-01-10T18:24:07.104723,0.3172063754638657,Focused
2026-01-10T18:24:07.231775,0.3515976403607056,Focused
2026-01-10T18:24:07.340127,0.3414553054957651,Focused
2026-01-10T18:24:07.461573,0.3926044314866886,Focused
2026-01-10T18:24:07.591863,0.4148913163458929,Focused
2026-01-10T18:24:07.702184,0.445612047961913,Focused
2026-01-10T18:24:07.894499,0.49273716793395583,Focused
2026-01-10T18:24:08.018689,0.3604227221338078,Focused
2026-01-10T18:24:08.140520,0.17290672613307834,Focused
2026-01-10T18:24:08.256876,0.2008053326047957,Focused
2026-01-10T18:24:08.374147,0.3487435741815716,Focused
2026-01-10T18:24:08.489737,0.43137395158410075,Focused
2026-01-10T18:24:08.602410,0.46498147556558245,Focused
2026-01-10T18:24:08.717061,0.4798185904510319,Focused
2026-01-10T18:24:08.836775,0.4977657347917557,Focused
2026-01-10T18:24:08.985036,0.2549231042154133,Focused
2026-01-10T18:24:09.091662,0.2304780717473477,Focused
2026-01-10T18:24:09.205414,0.3003745534922928,Focused
2026-01-10T18:24:09.323996,0.3056597861927003,Focused
2026-01-10T18:24:09.434972,0.4136292772833258,Focused
2026-01-10T18:24:09.549991,0.37156116315163673,Focused
2026-01-10T18:24:09.661446,0.45081615792587393,Focused
2026-01-10T18:24:09.780069,0.45081615792587393,Focused
2026-01-10T18:24:09.891805,0.372866634465754,Focused
2026-01-10T18:24:10.056774,0.30281304531963543,Focused
2026-01-10T18:24:10.163871,0.18757200465770438,Focused
2026-01-10T18:24:10.272797,0.16733523492002858,Focused
2026-01-10T18:24:10.397232,0.20488162877736615,Focused
2026-01-10T18:24:10.541385,0.4097388199064881,Focused
2026-01-10T18:24:10.654460,0.38906646033283326,Focused
2026-01-10T18:24:10.761450,0.42517245954368266,Focused
2026-01-10T18:24:10.876904,0.3826188428560272,Focused
2026-01-10T18:24:11.060815,0.36563901021145284,Focused
2026-01-10T18:24:11.162849,0.3454131439095363,Focused
2026-01-10T18:24:11.278116,0.38852754880208523,Focused
2026-01-10T18:24:11.396173,0.3734200894716196,Focused
2026-01-10T18:24:11.510637,0.3964082529535517,Focused
2026-01-10T18:24:11.624508,0.3983470004110131,Focused
2026-01-10T18:24:11.738008,0.2338534104230348,Focused
2026-01-10T18:24:11.865769,0.19825955623527988,Focused
2026-01-10T18:24:11.976637,0.22395590448286382,Focused
2026-01-10T18:24:12.159987,0.2235473721520975,Focused
2026-01-10T18:24:12.286836,0.21391271332104228,Focused
2026-01-10T18:24:12.404751,0.2426562353793997,Focused
2026-01-10T18:24:12.521134,0.39770281033124777,Focused
2026-01-10T18:24:12.641133,0.5278318888042122,Focused
2026-01-10T18:24:12.769310,0.3454551573959179,Focused
2026-01-10T18:24:12.897156,0.3333713927306235,Focused
2026-01-10T18:24:13.028425,0.31402467349544166,Focused
2026-01-10T18:24:13.207851,0.33209967226721343,Focused
2026-01-10T18:24:13.328689,0.3604049565736204,Focused
2026-01-10T18:24:13.445909,0.15993394849356266,Focused
2026-01-10T18:24:13.556779,0.06427737084450201,Focused
2026-01-10T18:24:13.649778,0.054920253687305375,Focused
2026-01-10T18:24:13.749139,0.21972750466084107,Focused
2026-01-10T18:24:13.861193,0.21972750466084107,Focused
2026-01-10T18:24:13.986902,0.4605927802622318,Focused
2026-01-10T18:24:14.092427,0.40058259917423134,Focused
2026-01-10T18:24:14.199484,0.35546470023691656,Focused
2026-01-10T18:24:14.373866,0.44361715121194717,Focused
2026-01-10T18:24:14.499661,0.5524983579758554,Focused
2026-01-10T18:24:14.645076,0.5140077182557434,Focused
2026-01-10T18:24:14.759624,0.5572380283847451,Focused
2026-01-10T18:24:14.858812,0.10575654520653187,Focused
2026-01-10T18:24:14.964047,0.1030303254723549,Focused
2026-01-10T18:24:15.070724,0.09816543036140501,Focused
2026-01-10T18:24:15.191528,0.10762190492823719,Focused
2026-01-10T18:24:15.368279,0.11500061249826103,Focused
2026-01-10T18:24:15.470107,0.13281108911614864,Focused
2026-01-10T18:24:15.574643,0.45841871477896345,Focused
2026-01-10T18:24:15.684742,0.4927338339388371,Focused
2026-01-10T18:24:15.804484,0.4755007026018575,Focused
2026-01-10T18:24:15.917098,0.5366269887425006,Focused
2026-01-10T18:24:16.017950,0.5442252036649734,Focused
2026-01-10T18:24:16.118794,0.5612090028356761,Focused
2026-01-10T18:24:16.207020,0.5485637845704332,Focused
2026-01-10T18:24:16.309497,0.5401880094315856,Focused
2026-01-10T18:24:16.501059,0.5313989110291004,Focused
2026-01-10T18:24:16.599870,0.5498336806893349,Focused
2026-01-10T18:24:16.711840,0.5202748645097017,Focused
2026-01-10T18:24:16.829013,0.5215401999186725,Focused
2026-01-10T18:24:16.963847,0.5215401999186725,Focused
2026-01-10T18:24:17.075129,0.5315495176706462,Focused
2026-01-10T18:24:17.184022,0.5379526162985713,Focused
2026-01-10T18:24:17.301007,0.5489345600828528,Focused
2026-01-10T18:24:17.403259,0.5731802109163254,Focused
2026-01-10T18:24:17.602956,0.5376944422256201,Focused
2026-01-10T18:24:17.718479,0.5308154159691185,Focused
2026-01-10T18:24:17.837728,0.5551930172368884,Focused
2026-01-10T18:24:17.944492,0.5322167945327237,Focused
2026-01-10T18:24:18.050782,0.5145868264138699,Focused
2026-01-10T18:24:18.162759,0.5242681581061334,Focused
2026-01-10T18:24:18.276447,0.5137063456932083,Focused
2026-01-10T18:24:18.396650,0.5070716416812502,Focused
2026-01-10T18:24:18.494973,0.5090683866292238,Focused
2026-01-10T18:24:18.674186,0.49500557377468796,Focused
2026-01-10T18:24:18.809321,0.5130962693830952,Focused
2026-01-10T18:24:18.925406,0.5690924543421716,Focused
2026-01-10T18:24:19.033839,0.5372261716518552,Focused
2026-01-10T18:24:19.131335,0.5254725813865662,Focused
2026-01-10T18:24:19.237296,0.5310945349745452,Focused
2026-01-10T18:24:19.345970,0.5279774972703307,Focused
2026-01-10T18:24:19.454365,0.5062238508835435,Focused
2026-01-10T18:24:19.563280,0.5020337749272585,Focused
2026-01-10T18:24:19.768602,0.5090262515004725,Focused
2026-01-10T18:24:19.878873,0.49738157046958803,Focused
2026-01-10T18:24:20.003868,0.5203701339429244,Focused
2026-01-10T18:24:20.116017,0.48703699370380493,Focused
2026-01-10T18:24:20.222015,0.4938162703067065,Focused
2026-01-10T18:24:20.321382,0.5124767250847071,Focused
2026-01-10T18:24:20.436786,0.5011949231382459,Focused
2026-01-10T18:24:20.541427,0.5011949231382459,Focused
2026-01-10T18:24:20.645245,0.11338726272806524,Focused
2026-01-10T18:24:20.839072,0.19478744068183004,Focused
2026-01-10T18:24:20.945714,0.17378656077198684,Focused
2026-01-10T18:24:21.047710,0.16216160857584325,Focused
2026-01-10T18:24:21.154017,0.18867285384330898,Focused
2026-01-10T18:24:21.273888,0.1785366385243833,Focused
2026-01-10T18:24:21.365948,0.16203669374808669,Focused
2026-01-10T18:24:21.490127,0.143205824540928,Focused
2026-01-10T18:24:21.608285,0.14179190518771065,Focused
2026-01-10T18:24:21.734539,0.07899853253911714,Focused
2026-01-10T18:24:21.936319,0.07635252407053485,Focused
2026-01-10T18:24:22.046183,0.1120380845182808,Focused
2026-01-10T18:24:22.143706,0.2727634920243872,Focused
2026-01-10T18:24:22.240077,0.43346093310974537,Focused
2026-01-10T18:24:22.355855,0.4288761847186834,Focused
2026-01-10T18:24:22.463195,0.4201110660098493,Focused
2026-01-10T18:24:22.560866,0.3301886646077037,Focused
2026-01-10T18:24:22.653728,0.3633899466134608,Focused
2026-01-10T18:24:22.761234,0.3444386920891702,Focused
2026-01-10T18:24:22.937882,0.39161642282269893,Focused
2026-01-10T18:24:23.058345,0.41331977769732475,Focused
2026-01-10T18:24:23.167849,0.3999773838557303,Focused
2026-01-10T18:24:23.261876,0.40929542211815717,Focused
2026-01-10T18:24:23.366726,0.36262949705123904,Focused
2026-01-10T18:24:23.462215,0.41024566115811467,Focused
2026-01-10T18:24:23.563157,0.301930743700359,Focused
2026-01-10T18:24:23.666318,0.09730223715305328,Focused
2026-01-10T18:24:23.767048,0.3759382211253978,Focused
2026-01-10T18:24:23.880239,0.42259811008116227,Focused
2026-01-10T18:24:24.078101,0.38064273514319213,Focused
2026-01-10T18:24:24.178268,0.3692406216869131,Focused
2026-01-10T18:24:24.285357,0.3973077154252678,Focused
2026-01-10T18:24:24.392768,0.3239284365903586,Focused
2026-01-10T18:24:24.493679,0.40016162970568986,Focused
2026-01-10T18:24:24.599375,0.40016162970568986,Focused
2026-01-10T18:24:24.696504,0.415343778487295,Focused
2026-01-10T18:24:24.794524,0.3000755427638069,Focused
2026-01-10T18:24:24.885798,0.16727714585722425,Focused
2026-01-10T18:24:25.011061,0.19433447170304136,Focused
2026-01-10T18:24:25.177009,0.16782862797845152,Focused
2026-01-10T18:24:25.283054,0.1746515929873567,Focused
2026-01-10T18:24:25.377738,0.17619316307245755,Focused
2026-01-10T18:24:25.483627,0.2326758131093811,Focused
2026-01-10T18:24:25.595595,0.217461185780121,Focused
2026-01-10T18:24:25.692525,0.20638153614709154,Focused
2026-01-10T18:24:25.790314,0.20074461242184044,Focused
2026-01-10T18:24:25.902549,0.17102627254789693,Focused
2026-01-10T18:24:26.047233,0.19220263453898953,Focused
2026-01-10T18:24:26.208719,0.20236262315884232,Focused
2026-01-10T18:24:26.317406,0.10350723452866077,Focused
2026-01-10T18:24:26.419471,0.17191890752874314,Focused
2026-01-10T18:24:26.528334,0.1855005426798016,Focused
2026-01-10T18:24:26.646636,0.186781986663118,Focused
2026-01-10T18:24:26.747500,0.18539223864208906,Focused
2026-01-10T18:24:26.860219,0.17172285067499615,Focused
2026-01-10T18:24:26.974248,0.17565528116538193,Focused
2026-01-10T18:24:27.108964,0.17662634160369634,Focused
2026-01-10T18:24:27.216129,0.19448233129223808,Focused
2026-01-10T18:24:27.396141,0.24385955841280518,Focused
2026-01-10T18:24:27.499201,0.1960214065387845,Focused
2026-01-10T18:24:27.612391,0.2046614875551313,Focused
2026-01-10T18:24:27.722879,0.12461428134702146,Focused
2026-01-10T18:24:27.830450,0.14169311681762337,Focused
2026-01-10T18:24:27.955928,0.12258838783018292,Focused
2026-01-10T18:24:28.090024,0.13074530572630466,Focused
2026-01-10T18:24:34.536910,0.16272622703108938,Focused
2026-01-10T18:24:34.666770,0.17574832038371824,Focused
2026-01-10T18:24:34.778032,0.13509743189206347,Focused
2026-01-10T18:24:34.963882,0.1440449142246507,Focused
2026-01-10T18:24:35.062393,0.15461789314867927,Focused
2026-01-10T18:24:35.158007,0.17061085600871592,Focused
2026-01-10T18:24:35.260777,0.21127276605693623,Focused
2026-01-10T18:24:35.390214,0.20405488181859255,Focused
2026-01-10T18:24:35.493250,0.20405488181859255,Focused
2026-01-10T18:24:40.018508,0.09317404136090772,Focused
2026-01-10T18:24:40.129141,0.1306304690428078,Focused
2026-01-10T18:24:40.300245,0.1306304690428078,Focused
2026-01-10T18:24:40.403286,0.1285723175795283,Focused
2026-01-10T18:24:40.513371,0.13984214764786884,Focused
2026-01-10T18:24:40.625469,0.13984214764786884,Focused
2026-01-10T18:24:40.727050,0.14730967851937748,Focused
2026-01-10T18:24:40.841766,0.10558285908628022,Focused
2026-01-10T18:24:40.951653,0.12036681960162242,Focused
2026-01-10T18:24:41.054170,0.12998762765200808,Focused
2026-01-10T18:24:41.152380,0.2123417658760445,Focused
2026-01-10T18:24:41.280939,0.21667537353641816,Focused
2026-01-10T18:24:41.429839,0.18078640286112202,Focused
2026-01-10T18:24:41.554446,0.18804571347427554,Focused
2026-01-10T18:24:41.671862,0.18252146046725098,Focused
2026-01-10T18:24:41.777695,0.16351580543559976,Focused
2026-01-10T18:24:41.900302,0.19257480472151656,Focused
2026-01-10T18:24:42.017609,0.1904033977945801,Focused
2026-01-10T18:24:42.126731,0.17508564898453186,Focused
2026-01-10T18:24:42.252288,0.18152391111361793,Focused
2026-01-10T18:24:42.420349,0.16838764261337927,Focused
2026-01-10T18:24:42.535142,0.19720678764861077,Focused
2026-01-10T18:24:42.669059,0.12601683095563201,Focused
2026-01-10T18:24:42.776841,0.15625999893527479,Focused
2026-01-10T18:24:42.898945,0.1399352599750273,Focused
2026-01-10T18:24:43.007429,0.15166881362674756,Focused
2026-01-10T18:24:43.121584,0.11427439947146924,Focused
2026-01-10T18:24:43.223477,0.14858432213659398,Focused
2026-01-10T18:24:43.343420,0.11887347458396107,Focused
2026-01-10T18:24:43.521975,0.11887347458396107,Focused
2026-01-10T18:24:43.648694,0.11250753835774958,Focused
2026-01-10T18:24:43.761761,0.12100033817114308,Focused
2026-01-10T18:24:43.864351,0.12100033817114308,Focused
2026-01-10T18:24:43.982412,0.1801761335635092,Focused
2026-01-10T18:24:44.110704,0.14300932828919033,Focused
2026-01-10T18:24:44.226350,0.12865856268035714,Focused
2026-01-10T18:24:44.349623,0.1440684863802744,Focused
2026-01-10T18:24:44.473453,0.13340289221232524,Focused
2026-01-10T18:24:44.628764,0.10433290461660362,Focused
2026-01-10T18:24:44.759174,0.17175532033434138,Focused
2026-01-10T18:24:44.860154,0.16628101735259404,Focused
2026-01-10T18:24:44.979240,0.11598431167658418,Focused
2026-01-10T18:24:45.105552,0.14251309573883192,Focused
2026-01-10T18:24:45.242856,0.18172442512586712,Focused
2026-01-10T18:24:45.400407,0.1800675589591265,Focused
2026-01-10T18:24:45.584735,0.24339932156726718,Focused
2026-01-10T18:24:45.735022,0.1889759791549295,Focused
2026-01-10T18:24:45.886580,0.16719382868614047,Focused
2026-01-10T18:24:46.044433,0.1755573918344453,Focused
2026-01-10T18:24:46.203996,0.1924458668800071,Focused
2026-01-10T18:24:46.338293,0.19114791578613222,Focused
2026-01-10T18:24:46.472699,0.1297998692083638,Focused
2026-01-10T18:24:46.605106,0.15333918775431812,Focused
2026-01-10T18:24:46.801034,0.19968579366104677,Focused
2026-01-10T18:24:46.943951,0.13703606303315607,Focused
2026-01-10T18:24:47.074105,0.16007941691204908,Focused
2026-01-10T18:24:47.203713,0.21061712629161777,Focused
2026-01-10T18:24:47.299655,0.21218768234830349,Focused
2026-01-10T18:24:47.400259,0.1929877981543541,Focused
2026-01-10T18:24:47.510775,0.20420203059911726,Focused
2026-01-10T18:24:47.638852,0.20751520385383626,Focused
2026-01-10T18:24:47.810004,0.20162511866074054,Focused
2026-01-10T18:24:47.933677,0.1907781650312245,Focused
2026-01-10T18:24:48.047436,0.1611257982905954,Focused
2026-01-10T18:24:48.222391,0.16108565944014117,Focused
2026-01-10T18:24:48.322925,0.1403877352073323,Focused
2026-01-10T18:24:48.423012,0.1645003247904242,Focused
2026-01-10T18:24:48.531116,0.17578516311477868,Focused
2026-01-10T18:24:48.649552,0.15236114162544254,Focused
2026-01-10T18:24:48.795159,0.15930540327099152,Focused
2026-01-10T18:24:48.906916,0.18118104433524423,Focused
2026-01-10T18:24:49.038171,0.15455683705804402,Focused
2026-01-10T18:24:49.151968,0.14868367829185444,Focused
2026-01-10T18:24:49.256015,0.14315318870358168,Focused
2026-01-10T18:24:49.369727,0.14832831026869828,Focused
2026-01-10T18:24:49.523077,0.1613722024310846,Focused
2026-01-10T18:24:49.648479,0.15383644108660519,Focused
2026-01-10T18:24:49.761394,0.13649366713652852,Focused
2026-01-10T18:24:49.925808,0.12924513090983963,Focused
2026-01-10T18:24:50.067650,0.1333219848020235,Focused
2026-01-10T18:24:50.179556,0.1447880198888015,Focused
2026-01-10T18:24:50.301137,0.13061373459058814,Focused
2026-01-10T18:24:50.427291,0.15023769057588654,Focused
2026-01-10T18:24:50.549277,0.13239908010873477,Focused
2026-01-10T18:24:50.654252,0.13487096679309615,Focused
2026-01-10T18:24:50.769222,0.15767159816168716,Focused
2026-01-10T18:24:50.884039,0.1364716340205632,Focused
2026-01-10T18:24:51.016200,0.1364879459608346,Focused
2026-01-10T18:24:51.134503,0.13055888976086863,Focused
2026-01-10T18:24:51.244439,0.12910921404254624,Focused
2026-01-10T18:24:51.346197,0.13978630221681668,Focused
2026-01-10T18:24:51.455980,0.16734614259330555,Focused
2026-01-10T18:24:51.584533,0.16181417321786282,Focused
2026-01-10T18:24:51.691073,0.1429834076669067,Focused
2026-01-10T18:24:51.811012,0.14659132501110433,Focused
2026-01-10T18:24:51.928074,0.15666654262458904,Focused
2026-02-04T23:53:12.155992,0.15336511157220228,Focused
2026-02-04T23:53:12.346795,0.12964850949356332,Focused
2026-02-04T23:53:12.442473,0.16445456713845488,Focused
2026-02-04T23:53:12.607294,0.13847668208763933,Focused
2026-02-04T23:53:12.722347,0.13691591518581844,Focused
2026-02-04T23:53:12.844612,0.14789515523589214,Focused
2026-02-04T23:53:12.953907,0.13073768162867053,Focused
2026-02-04T23:53:13.052672,0.12926581691717728,Focused
2026-02-04T23:53:13.155112,0.11871152595267631,Focused
2026-02-04T23:53:13.268582,0.1177166493202094,Focused
2026-02-04T23:53:13.375626,0.13889460869831965,Focused
2026-02-04T23:53:13.486607,0.10820242314366624,Focused
2026-02-04T23:53:13.656135,0.1359983206144534,Focused
2026-02-04T23:53:13.760844,0.13490596772171556,Focused
2026-02-04T23:53:13.863996,0.19313462660647926,Focused
2026-02-04T23:53:13.956836,0.17081907936371865,Focused
2026-02-04T23:53:14.054723,0.18848816944519056,Focused
2026-02-04T23:53:14.149649,0.15003083230694755,Focused
2026-02-04T23:53:14.246741,0.14696150888339618,Focused
2026-02-04T23:53:14.341157,0.12877565216622316,Focused
2026-02-04T23:53:14.442151,0.14470535662840117,Focused
2026-02-04T23:53:14.534082,0.12669271651539019,Focused
2026-02-04T23:53:14.688428,0.20759567091008646,Focused
2026-02-04T23:53:14.789409,0.1900547665543854,Focused
2026-02-04T23:53:14.896354,0.19612277018022725,Focused
2026-02-04T23:53:14.992298,0.22352123635355384,Focused
2026-02-04T23:53:15.095887,0.19490073110791856,Focused
2026-02-04T23:53:15.187607,0.16201071655959823,Focused
2026-02-04T23:53:15.299618,0.1509736914013047,Focused
2026-02-04T23:53:15.404214,0.14923256072215735,Focused
2026-02-04T23:53:15.520837,0.12872590460319772,Focused
2026-02-04T23:53:15.607211,0.12161260962602682,Focused
2026-02-04T23:53:15.773043,0.09919464164122474,Focused
2026-02-04T23:53:15.872764,0.0894193110318156,Focused
2026-02-04T23:53:15.968032,0.12981909698573874,Focused
2026-02-04T23:53:16.057504,0.144607205549255,Focused
2026-02-04T23:53:16.162291,0.15399695754167622,Focused
2026-02-04T23:53:16.261337,0.17378256099764258,Focused
2026-02-04T23:53:16.369076,0.16587982430937698,Focused
2026-02-04T23:53:16.463781,0.16106312825577335,Focused
2026-02-04T23:53:16.567504,0.06025747569510713,Focused
2026-02-04T23:53:16.663254,0.07899238297250122,Focused
2026-02-04T23:53:16.832293,0.09787661854643374,Focused
2026-02-04T23:53:16.946389,0.06859881015843712,Focused
2026-02-04T23:53:17.039108,0.09927677686791866,Focused
2026-02-04T23:53:17.131355,0.12215377499815076,Focused
2026-02-04T23:53:17.221845,0.12320898859761653,Focused
2026-02-04T23:53:17.325738,0.10476054481696337,Focused
2026-02-04T23:53:17.432603,0.11465125157264992,Focused
2026-02-04T23:53:17.542657,0.14934162213467062,Focused
2026-02-04T23:53:17.630676,0.11152002452872693,Focused
2026-02-04T23:53:17.722239,0.06517904583597556,Focused
2026-02-04T23:53:17.811341,0.1008819693350233,Focused
2026-02-04T23:53:18.000125,0.12088676155253779,Focused
2026-02-04T23:53:18.095081,0.11068555122474208,Focused
2026-02-04T23:53:18.193112,0.09057947848923503,Focused
2026-02-04T23:53:18.290031,0.12145846096682363,Focused
2026-02-04T23:53:18.378650,0.1500878146616742,Focused
2026-02-04T23:53:18.473196,0.16638478569220752,Focused
2026-02-04T23:53:18.610565,0.15356870298273864,Focused
2026-02-04T23:53:18.698043,0.16917764674872157,Focused
2026-02-04T23:53:18.785081,0.10317042330279946,Focused
2026-02-04T23:53:18.876479,0.1020818134304136,Focused
2026-02-04T23:53:19.062836,0.08562401877716183,Focused
2026-02-04T23:53:19.185825,0.13950027080718425,Focused
2026-02-04T23:53:19.314025,0.15545095973648132,Focused
2026-02-04T23:53:19.445835,0.16757185026071966,Focused
2026-02-04T23:53:19.553016,0.09469878990203141,Focused
2026-02-04T23:53:19.661505,0.1414726787712425,Focused
2026-02-04T23:53:19.757073,0.16928515620529652,Focused
2026-02-04T23:53:19.846750,0.14969558098819105,Focused
2026-02-04T23:53:19.935504,0.2054641620488837,Focused
2026-02-04T23:53:20.022130,0.15206230871845036,Focused
2026-02-04T23:53:20.206822,0.1787526381202042,Focused
2026-02-04T23:53:20.301586,0.15220599272288382,Focused
2026-02-04T23:53:20.388232,0.15119921104051173,Focused
2026-02-04T23:53:20.493246,0.1331790474476293,Focused
2026-02-04T23:53:20.584544,0.12957983792293817,Focused
2026-02-04T23:53:20.684783,0.17803725684061647,Focused
2026-02-04T23:53:20.777965,0.1924347570806276,Focused
2026-02-04T23:53:20.868383,0.16224637021077798,Focused
2026-02-04T23:53:20.958304,0.186243529478088,Focused
2026-02-04T23:53:21.047269,0.16730147385387678,Focused
2026-02-04T23:53:21.145203,0.2192201827536337,Focused
2026-02-04T23:53:21.324329,0.20347895640879868,Focused
2026-02-04T23:53:21.422462,0.2431564432801679,Focused
2026-02-04T23:53:21.524508,0.2796045808587223,Focused
2026-02-04T23:53:21.614213,0.2528986619319767,Focused
2026-02-04T23:53:21.713104,0.2640277760569006,Focused
2026-02-04T23:53:21.803474,0.29012737907469277,Focused
2026-02-04T23:53:21.907224,0.3524469400756061,Focused
2026-02-04T23:53:22.021736,0.3923767045140266,Focused
2026-02-04T23:53:22.131587,0.36963581200689083,Focused
2026-02-04T23:53:22.234292,0.428815387841314,Focused
2026-02-04T23:53:22.426832,0.39471096191555266,Focused
2026-02-04T23:53:22.535889,0.4217912041582167,Focused
2026-02-04T23:53:22.640302,0.31133741103112694,Focused
2026-02-04T23:53:22.746295,0.34961684006266297,Focused
2026-02-04T23:53:22.856008,0.2698981641093269,Focused
2026-02-04T23:53:22.981941,0.3181384664261714,Focused
2026-02-04T23:53:23.093936,0.2901319824391976,Focused
2026-02-04T23:53:23.194892,0.32218183336080986,Focused
2026-02-04T23:53:23.289777,0.32642723014578223,Focused
2026-02-04T23:53:23.484391,0.21554062236100438,Focused
2026-02-04T23:53:23.584851,0.3132149009499699,Focused
2026-02-04T23:53:23.678663,0.2010032053571194,Focused
2026-02-04T23:53:23.775088,0.25192775526084005,Focused
2026-02-04T23:53:23.863031,0.2937969480175525,Focused
2026-02-04T23:53:23.950372,0.27659040805883706,Focused
2026-02-04T23:53:24.036754,0.11448411832097918,Focused
2026-02-04T23:53:24.128626,0.19745468518231063,Focused
2026-02-04T23:53:24.214992,0.2918146598036401,Focused
2026-02-04T23:53:24.308029,0.3692502059042454,Focused
2026-02-04T23:53:24.396367,0.23078924773726614,Focused
2026-02-04T23:53:24.588380,0.28409405259881165,Focused
2026-02-04T23:53:24.702053,0.33142700428143146,Focused
2026-02-04T23:53:24.864960,0.327632466237992,Focused
2026-02-04T23:53:24.956358,0.29266089238226417,Focused
2026-02-04T23:53:25.045017,0.26516803153790536,Focused
2026-02-04T23:53:25.161325,0.27051451753359285,Focused
2026-02-04T23:53:25.275065,0.2754689418943599,Focused
2026-02-04T23:53:25.395299,0.2780776594299823,Focused
2026-02-04T23:53:25.514507,0.2416163609246723,Focused
2026-02-04T23:53:25.726702,0.24397505030501634,Focused
2026-02-04T23:53:25.845238,0.3499745772685856,Focused
2026-02-04T23:53:25.953429,0.31945140298921615,Focused
2026-02-04T23:53:26.069697,0.3488676634966396,Focused
2026-02-04T23:53:26.170698,0.32894865394337097,Focused
2026-02-04T23:53:26.259449,0.3163035672623664,Focused
2026-02-04T23:53:26.347057,0.29202283835038545,Focused
2026-02-04T23:53:26.436261,0.26605974478879946,Focused
2026-02-04T23:53:26.540515,0.26217222830746323,Focused
2026-02-04T23:53:26.641153,0.26429824356455356,Focused
2026-02-04T23:53:26.849816,0.36888282746076584,Focused
2026-02-04T23:53:26.951606,0.452689964696765,Focused
2026-02-04T23:53:27.055494,0.4644051771610975,Focused
2026-02-04T23:53:27.161379,0.4632011266425252,Focused
2026-02-04T23:53:27.270457,0.3841175315901637,Focused
2026-02-04T23:53:27.382834,0.3215841198340058,Focused
2026-02-04T23:53:27.506740,0.30055356409866363,Focused
2026-02-04T23:53:27.629626,0.2689062744844705,Focused
2026-02-04T23:53:27.740381,0.28121237994637344,Focused
2026-02-04T23:53:27.958470,0.23217201970983295,Focused
2026-02-04T23:53:28.051341,0.17699430640786884,Focused
2026-02-04T23:53:28.144793,0.19991564713418483,Focused
2026-02-04T23:53:28.235126,0.20729777365922927,Focused
2026-02-04T23:53:28.327005,0.2094003677368164,Focused
2026-02-04T23:53:28.417533,0.21789333656197415,Focused
2026-02-04T23:53:28.504407,0.21978866969002409,Focused
2026-02-04T23:53:28.616232,0.2745741418329999,Focused
2026-02-04T23:53:28.713752,0.3330276088207029,Focused
2026-02-04T23:53:28.805776,0.2958542283507995,Focused
2026-02-04T23:53:28.893672,0.2837441853247583,Focused
2026-02-04T23:53:29.108457,0.27246488290838894,Focused
2026-02-04T23:53:29.200971,0.23954721717163924,Focused
2026-02-04T23:53:29.300690,0.18042204312514512,Focused
2026-02-04T23:53:29.405403,0.14382905352977104,Focused
2026-02-04T23:53:29.505314,0.13161269212141632,Focused
2026-02-04T23:53:29.598148,0.1336534099187702,Focused
2026-02-04T23:53:29.687286,0.16078698579221964,Focused
2026-02-04T23:53:29.780606,0.1916388377547264,Focused
2026-02-04T23:53:29.867605,0.1690458231605589,Focused
2026-02-04T23:53:29.953923,0.1636067514307797,Focused
2026-02-04T23:53:30.059004,0.17517568089533597,Focused
2026-02-04T23:53:30.222078,0.16776883052662014,Focused
2026-02-04T23:53:30.314372,0.18060218640603126,Focused
2026-02-04T23:53:30.404179,0.15476117683574558,Focused
2026-02-04T23:53:30.491551,0.1608387861866504,Focused
2026-02-04T23:53:30.579119,0.15083010455127804,Focused
2026-02-04T23:53:30.671285,0.13096446709241716,Focused
2026-02-04T23:53:30.763159,0.1479947309475392,Focused
2026-02-04T23:53:30.860405,0.12048127261223271,Focused
2026-02-04T23:53:30.952696,0.09664818593300878,Focused
2026-02-04T23:53:31.047263,0.06929438000079245,Focused
2026-02-04T23:53:31.146454,0.07203247076831756,Focused
2026-02-04T23:53:31.333144,0.060287555470131336,Focused
2026-02-04T23:53:31.435359,0.09605880621820687,Focused
2026-02-04T23:53:31.540057,0.13888494019629433,Focused
2026-02-04T23:53:31.632297,0.1513663405086845,Focused
2026-02-04T23:53:31.726211,0.15955548794008792,Focused
2026-02-04T23:53:31.823195,0.17602420483599418,Focused
2026-02-04T23:53:31.916040,0.2677570556057617,Focused
2026-02-04T23:53:32.007604,0.2657113617286086,Focused
2026-02-04T23:53:32.104025,0.24170190882869064,Focused
2026-02-04T23:53:32.197236,0.32204327727667986,Focused
2026-02-04T23:53:32.390496,0.31556909151840956,Focused
2026-02-04T23:53:32.492570,0.2873575045960024,Focused
2026-02-04T23:53:32.579852,0.25169168973807243,Focused
2026-02-04T23:53:32.667812,0.2867807628586888,Focused
2026-02-04T23:53:32.761667,0.2826477179303765,Focused
2026-02-04T23:53:32.849285,0.2820422350428999,Focused
2026-02-04T23:53:32.944550,0.2683805205859244,Focused
2026-02-04T23:53:33.036846,0.2751684541814029,Focused
2026-02-04T23:53:33.134276,0.27695180028676986,Focused
2026-02-04T23:53:33.243567,0.27227018177509305,Focused
2026-02-04T23:53:33.345661,0.2598158411681652,Focused
2026-02-04T23:53:33.532028,0.24498673789203168,Focused
2026-02-04T23:53:33.635268,0.2537263072095811,Focused
2026-02-04T23:53:33.754824,0.27883448768407104,Focused
2026-02-04T23:53:33.854356,0.24611229519359765,Focused
2026-02-04T23:53:33.947234,0.24001893254462628,Focused
2026-02-04T23:53:34.042613,0.24902895977720618,Focused
2026-02-04T23:53:34.131769,0.2156973831355572,Focused
2026-02-04T23:53:34.223973,0.24737394808325913,Focused
2026-02-04T23:53:34.328885,0.2502679588273168,Focused
2026-02-04T23:53:34.427944,0.2162581302691251,Focused
2026-02-04T23:53:34.612954,0.22132265309337523,Focused
2026-02-04T23:53:34.709093,0.22575153969228268,Focused
2026-02-04T23:53:34.797588,0.2373969967709854,Focused
2026-02-04T23:53:34.888722,0.2175124186091125,Focused
2026-02-04T23:53:34.990416,0.25615910077467563,Focused
2026-02-04T23:53:35.083359,0.28403126653283833,Focused
2026-02-04T23:53:35.179263,0.35780283631756904,Focused
2026-02-04T23:53:35.285855,0.3262524194549769,Focused
2026-02-04T23:53:35.390536,0.3389916567131877,Focused
2026-02-04T23:53:35.498240,0.33575610825791957,Focused
2026-02-04T23:53:35.676696,0.3356941849924624,Focused
2026-02-04T23:53:35.778256,0.3118741305544972,Focused
2026-02-04T23:53:35.865676,0.14823157251812516,Focused
2026-02-04T23:53:35.955419,0.13956184030976146,Focused
2026-02-04T23:53:36.049222,0.14264124610926954,Focused
2026-02-04T23:53:36.138607,0.1353053180500865,Focused
2026-02-04T23:53:36.228328,0.14696463523432612,Focused
2026-02-04T23:53:36.337798,0.18155048803891988,Focused
2026-02-04T23:53:36.438063,0.22705896750558166,Focused
2026-02-04T23:53:36.530103,0.22635214275214818,Focused
2026-02-04T23:53:36.617569,0.1948489423142746,Focused
2026-02-04T23:53:36.813743,0.14809663209598511,Focused
2026-02-04T23:53:36.907426,0.20281592484097927,Focused
2026-02-04T23:53:37.001815,0.19683495227945969,Focused
2026-02-04T23:53:37.095322,0.14886107540223747,Focused
2026-02-04T23:53:37.179702,0.1855169697664678,Focused
2026-02-04T23:53:37.271759,0.16528097027912736,Focused
2026-02-04T23:53:37.387591,0.15163614309858528,Focused
2026-02-04T23:53:37.486032,0.1311684877728112,Focused
2026-02-04T23:53:37.574159,0.12360329641960562,Focused
2026-02-04T23:53:37.658125,0.16007647295482458,Focused
2026-02-04T23:53:37.744239,0.16865453397622332,Focused
2026-02-04T23:53:37.912037,0.15397015555063262,Focused
2026-02-04T23:53:38.001590,0.13838245477527378,Focused
2026-02-04T23:53:38.137441,0.13887241955380886,Focused
2026-02-04T23:53:38.224738,0.15301161985844375,Focused
2026-02-04T23:53:38.316543,0.15824441113509238,Focused
2026-02-04T23:53:38.417030,0.17463152341078966,Focused
2026-02-04T23:53:38.502884,0.16659417753107844,Focused
2026-02-04T23:53:38.593080,0.14529491194989533,Focused
2026-02-04T23:53:38.679243,0.14526767781935632,Focused
2026-02-04T23:53:38.767476,0.13356407172977922,Focused
2026-02-04T23:53:38.938955,0.13061808706261216,Focused
2026-02-04T23:53:39.030402,0.16509414183674379,Focused
2026-02-04T23:53:39.120588,0.09789672177284957,Focused
2026-02-04T23:53:39.208233,0.03972153258509934,Focused
2026-02-04T23:53:39.303811,0.0314939929288812,Focused
2026-02-04T23:53:39.409771,0.06922174947103486,Focused
2026-02-04T23:53:39.514614,0.07819036458968184,Focused
2026-02-04T23:53:39.608170,0.05706194876693189,Focused
2026-02-04T23:53:39.693320,0.06211966985138133,Focused
2026-02-04T23:53:39.778099,0.04166213064454496,Focused
2026-02-04T23:53:39.878808,0.14752726508304476,Focused
2026-02-04T23:53:40.046201,0.06508441425394267,Focused
2026-02-04T23:53:40.141065,0.12498033419251442,Focused
2026-02-04T23:53:40.228681,0.13851226298138497,Focused
2026-02-04T23:53:40.337122,0.1815484409220517,Focused
2026-02-04T23:53:40.435988,0.1611086365766823,Focused
2026-02-04T23:53:40.549560,0.1782557010650635,Focused
2026-02-04T23:53:40.659927,0.12512177638709546,Focused
2026-02-04T23:53:40.770063,0.12639681305736303,Focused
2026-02-04T23:53:40.883575,0.1646945955697447,Focused
2026-02-04T23:53:40.991322,0.18268550103530287,Focused
2026-02-04T23:53:41.198753,0.15731116337701678,Focused
2026-02-04T23:53:41.323974,0.16710826740600168,Focused
2026-02-04T23:53:41.426556,0.13150347828050143,Focused
2026-02-04T23:53:41.533693,0.15359000554308294,Focused
2026-02-04T23:53:41.630347,0.1467276720330119,Focused
2026-02-04T23:53:41.723640,0.16676474111154677,Focused
2026-02-04T23:53:41.810980,0.17641807291656733,Focused
2026-02-04T23:53:41.908896,0.1520079670473933,Focused
2026-02-04T23:53:41.993813,0.16381198372691871,Focused
2026-02-04T23:53:42.084976,0.16122206458821892,Focused
2026-02-04T23:53:42.278376,0.18356108358129858,Focused
2026-02-04T23:53:42.379431,0.18250561053864658,Focused
2026-02-04T23:53:42.468054,0.1497135134413838,Focused
2026-02-04T23:53:42.566633,0.1171805651858449,Focused
2026-02-04T23:53:42.661912,0.13493713985662908,Focused
2026-02-04T23:53:42.748595,0.16919059606734663,Focused
2026-02-04T23:53:42.835278,0.1325862345343921,Focused
2026-02-04T23:53:42.934228,0.16483231969759798,Focused
2026-02-04T23:53:43.045068,0.16311413361108862,Focused
2026-02-04T23:53:43.150803,0.10080152592854574,Focused
2026-02-04T23:53:43.332740,0.16482747544068843,Focused
2026-02-04T23:53:43.431514,0.16759619744261728,Focused
2026-02-04T23:53:43.521193,0.16384039464173838,Focused
2026-02-04T23:53:43.618456,0.13673767458531075,Focused
2026-02-04T23:53:43.715526,0.09482507247594185,Focused
2026-02-04T23:53:43.823192,0.1356351495895069,Focused
2026-02-04T23:53:43.955393,0.1464887939277105,Focused
2026-02-04T23:53:44.091004,0.12742516533471643,Focused
2026-02-04T23:53:44.213323,0.1545102756412234,Focused
2026-02-04T23:53:44.420028,0.13400233150459825,Focused
2026-02-04T23:53:44.527565,0.10520436598453671,Focused
2026-02-04T23:53:44.629744,0.11660906211473049,Focused
2026-02-04T23:53:44.726480,0.14901993545645384,Focused
2026-02-04T23:53:44.815702,0.15072643716121092,Focused
2026-02-04T23:53:44.908512,0.12472475275862963,Focused
2026-02-04T23:53:45.010248,0.14146715362439866,Focused
2026-02-04T23:53:45.109922,0.11180412876419724,Focused
2026-02-04T23:53:45.201166,0.11405240671301725,Focused
2026-02-04T23:53:45.302049,0.12069257140392436,Focused
2026-02-04T23:53:45.401031,0.12609340743510983,Focused
2026-02-04T23:53:45.553726,0.09865309005836025,Focused
2026-02-04T23:53:45.650997,0.09968812472070566,Focused
2026-02-04T23:53:45.748558,0.13440491865330842,Focused
2026-02-04T23:53:45.840935,0.11595966474851592,Focused
2026-02-04T23:53:45.929321,0.12968577780993654,Focused
2026-02-04T23:53:46.055072,0.11179500657599419,Focused
2026-02-04T23:53:46.162349,0.146521504689008,Focused
2026-02-04T23:53:46.264296,0.10127227847697214,Focused
2026-02-04T23:53:46.362172,0.14140146451536564,Focused
2026-02-04T23:53:46.453916,0.11923107080219779,Focused
2026-02-04T23:53:46.644042,0.13162519971374423,Focused
2026-02-04T23:53:46.759987,0.13558053814340382,Focused
2026-02-04T23:53:46.868791,0.10627198771107942,Focused
2026-02-04T23:53:46.980967,0.1368114554614294,Focused
2026-02-04T23:53:47.107767,0.1434426549472846,Focused
2026-02-04T23:53:47.222232,0.1467376591230277,Focused
2026-02-04T23:53:47.393551,0.12513745510950683,Focused
2026-02-04T23:53:47.512230,0.15795461132656782,Focused
2026-02-04T23:53:47.720250,0.18273783621843906,Focused
2026-02-04T23:53:47.848463,0.18933072107611224,Focused
2026-02-04T23:53:47.965847,0.260728797048796,Focused
2026-02-04T23:53:48.075249,0.3069996746256947,Focused
2026-02-04T23:53:48.184936,0.25046965540386734,Focused
2026-02-04T23:53:48.297125,0.23470275761792436,Focused
2026-02-04T23:53:48.408934,0.2465208214474842,Focused
2026-02-04T23:53:48.517522,0.24271077022422105,Focused
2026-02-04T23:53:48.623566,0.2374112760589924,Focused
2026-02-04T23:53:48.807004,0.26976244439138103,Focused
2026-02-04T23:53:48.901218,0.20515477589797226,Focused
2026-02-04T23:53:49.002977,0.20105143759865315,Focused
2026-02-04T23:53:49.100466,0.2533893359825015,Focused
2026-02-04T23:53:49.189974,0.2590472382958978,Focused
2026-02-04T23:53:49.294959,0.25813660069834443,Focused
2026-02-04T23:53:49.402311,0.2733162686810829,Focused
2026-02-04T23:53:49.511108,0.2589628168265335,Focused
2026-02-04T23:53:49.605304,0.27455867913085963,Focused
2026-02-04T23:53:49.702436,0.24084673285251482,Focused
2026-02-04T23:53:49.887340,0.24581268858746627,Focused
2026-02-04T23:53:49.977590,0.22297368297004141,Focused
2026-02-04T23:53:50.073939,0.21796458289027212,Focused
2026-02-04T23:53:50.177697,0.2306619989569299,Focused
2026-02-04T23:53:50.270249,0.21941260366584175,Focused
2026-02-04T23:53:50.359480,0.20752481212839485,Focused
2026-02-04T23:53:50.456587,0.2274114646774251,Focused
2026-02-04T23:53:50.548905,0.22631169871892778,Focused
2026-02-04T23:53:50.644763,0.2950176642043516,Focused
2026-02-04T23:53:50.738952,0.23016513225156812,Focused
2026-02-04T23:53:50.843904,0.2416649480583146,Focused
2026-02-04T23:53:51.014343,0.22132445932365954,Focused
2026-02-04T23:53:51.114900,0.1886987555073574,Focused
2026-02-04T23:53:51.220768,0.16584872980602083,Focused
2026-02-04T23:53:51.317819,0.15868624821305274,Focused
2026-02-04T23:53:51.419895,0.17790231788530944,Focused
2026-02-04T23:53:51.512995,0.16025135749951006,Focused
2026-02-04T23:53:51.614206,0.15904383370652792,Focused
2026-02-04T23:53:51.704853,0.16557270465418697,Focused
2026-02-04T23:53:51.793947,0.1551908695604652,Focused
2026-02-04T23:53:51.901610,0.17339285133639348,Focused
2026-02-04T23:53:52.078599,0.13465558462776242,Focused
2026-02-04T23:53:52.185241,0.139382172585465,Focused
2026-02-04T23:53:52.296052,0.13533925203373653,Focused
2026-02-04T23:53:52.389875,0.13134648259729145,Focused
2026-02-04T23:53:52.486452,0.14472379898652435,Focused
2026-02-04T23:53:52.581469,0.12430480718612671,Focused
2026-02-04T23:53:52.673226,0.12826977046206595,Focused
2026-02-04T23:53:52.770411,0.1274289519060403,Focused
2026-02-04T23:53:52.862904,0.13415256878361104,Focused
2026-02-04T23:53:52.958804,0.12571276016533375,Focused
2026-02-04T23:53:53.123331,0.09388088891282677,Focused
2026-02-04T23:53:53.231395,0.06431888069491834,Focused
2026-02-04T23:53:53.326388,0.05146869461750612,Focused
2026-02-04T23:53:53.424793,0.03406585983466357,Focused
2026-02-04T23:53:53.523522,0.025859614892397076,Focused
2026-02-04T23:53:53.630859,0.02644114922732115,Focused
2026-02-04T23:53:53.729055,0.03443056165706366,Focused
2026-02-04T23:53:53.829189,0.029344338085502384,Focused
2026-02-04T23:53:53.932878,0.028949166159145532,Focused
2026-02-04T23:53:54.026292,0.031734720896929504,Focused
2026-02-04T23:53:54.127857,0.03766236705705523,Focused
2026-02-04T23:53:54.304789,0.03801693195709959,Focused
2026-02-04T23:53:54.395255,0.03758295061415993,Focused
2026-02-04T23:53:54.485963,0.05423862552270293,Focused
2026-02-04T23:53:54.589286,0.10308849508874117,Focused
2026-02-04T23:53:54.684104,0.1828853535465896,Focused
2026-02-04T23:53:54.776088,0.2081229747273028,Focused
2026-02-04T23:53:54.879599,0.19850428514182566,Focused
2026-02-04T23:53:54.992002,0.1280269728973508,Focused
2026-02-04T23:53:55.092498,0.17319582225754857,Focused
2026-02-04T23:53:55.187296,0.13086193269118668,Focused
2026-02-04T23:53:55.384744,0.1271137986332178,Focused
2026-02-04T23:53:55.501006,0.11950419358909128,Focused
2026-02-04T23:53:55.605444,0.11596394162625075,Focused
2026-02-04T23:53:55.693523,0.15200629699975254,Focused
2026-02-04T23:53:55.788161,0.17273844890296458,Focused
2026-02-04T23:53:55.888777,0.1558255650103092,Focused
2026-02-04T23:53:55.988924,0.17408638438209892,Focused
2026-02-04T23:53:56.081550,0.1705474848859012,Focused
2026-02-04T23:53:56.170164,0.19622520795091986,Focused
2026-02-04T23:53:56.262050,0.14770750496536492,Focused
2026-02-04T23:53:56.439897,0.0957247007638216,Focused
2026-02-04T23:53:56.542753,0.12046098759165033,Focused
2026-02-04T23:53:56.644346,0.10884388351114466,Focused
2026-02-04T23:53:56.743034,0.09313190803804901,Focused
2026-02-04T23:53:56.837555,0.07498445342062039,Focused
2026-02-04T23:53:56.936900,0.07781951725773979,Focused
2026-02-04T23:53:57.046971,0.07861723277455894,Focused
2026-02-04T23:53:57.139609,0.09561397346551528,Focused
2026-02-04T23:53:57.233222,0.08305523938615805,Focused
2026-02-04T23:53:57.335397,0.09249909790232778,Focused
2026-02-04T23:53:57.508505,0.13489989878144115,Focused
2026-02-04T23:53:57.603231,0.19560832772403955,Focused
2026-02-04T23:53:57.704597,0.21547775184735657,Focused
2026-02-04T23:53:57.795908,0.2026133155915886,Focused
2026-02-04T23:53:57.904796,0.2204580336343497,Focused
2026-02-04T23:53:58.010200,0.2387072602752596,Focused
2026-02-04T23:53:58.116177,0.2692186569329351,Focused
2026-02-04T23:53:58.217486,0.28017397774383423,Focused
2026-02-04T23:53:58.319071,0.25423603323288263,Focused
2026-02-04T23:53:58.419898,0.2131502009462565,Focused
2026-02-04T23:53:58.510643,0.1689576471224427,Focused
2026-02-04T23:53:58.667502,0.13937506037764252,Focused
2026-02-04T23:53:58.760373,0.1597284006886184,Focused
2026-02-04T23:53:58.867784,0.15646734298206866,Focused
2026-02-04T23:53:58.969601,0.1617171864490956,Focused
2026-02-04T23:53:59.075065,0.16649392768740653,Focused
2026-02-04T23:53:59.188423,0.13146408833563328,Focused
2026-02-04T23:53:59.298026,0.13332007164135576,Focused
2026-02-04T23:53:59.404495,0.09510831260122359,Focused
2026-02-04T23:53:59.511047,0.07231555231846869,Focused
2026-02-04T23:53:59.610589,0.08919105199165642,Focused
2026-02-04T23:53:59.776154,0.13510779896751046,Focused
2026-02-04T23:53:59.863080,0.14953167648054658,Focused
2026-02-04T23:53:59.962863,0.13479737080633641,Focused
2026-02-04T23:54:00.072593,0.14058641749434173,Focused
2026-02-04T23:54:00.192393,0.14001971334218977,Focused
2026-02-04T23:54:00.289427,0.14342262321151794,Focused
2026-02-04T23:54:00.380719,0.10525774736888707,Focused
2026-02-04T23:54:00.487452,0.0967746223323047,Focused
2026-02-04T23:54:00.579739,0.09336338033899665,Focused
2026-02-04T23:54:00.667731,0.11619733781553805,Focused
2026-02-04T23:54:00.839772,0.1411523323506117,Focused
2026-02-04T23:54:00.940205,0.15873019816353917,Focused
2026-02-04T23:54:01.043449,0.19995773655828086,Focused
2026-02-04T23:54:01.150037,0.18107430259697138,Focused
2026-02-04T23:54:01.259979,0.24975775815546514,Focused
2026-02-04T23:54:01.364037,0.18892803452908993,Focused
2026-02-04T23:54:01.472480,0.16603780025616288,Focused
2026-02-04T23:54:01.578483,0.18145509529858828,Focused
2026-02-04T23:54:01.671041,0.13914282214827836,Focused
2026-02-04T23:54:01.770853,0.17060781647451223,Focused
2026-02-04T23:54:01.942588,0.14895914774388075,Focused
2026-02-04T23:54:02.041170,0.19114070899086072,Focused
2026-02-04T23:54:02.153802,0.164901192241814,Focused
2026-02-04T23:54:02.258547,0.11353961642598734,Focused
2026-02-04T23:54:02.353125,0.1406148587586358,Focused
2026-02-04T23:54:02.453441,0.12915389150148257,Focused
2026-02-04T23:54:02.567160,0.06816063469741493,Focused
2026-02-04T23:54:02.660694,0.044818518066313116,Focused
2026-02-04T23:54:02.763003,0.09862623083172366,Focused
2026-02-04T23:54:02.853746,0.09044152336427942,Focused
2026-02-04T23:54:03.034705,0.09976243636920117,Focused
2026-02-04T23:54:03.131896,0.0923222946585156,Focused
2026-02-04T23:54:03.240720,0.09660621809307486,Focused
2026-02-04T23:54:03.349150,0.0979843046166934,Focused
2026-02-04T23:54:03.454274,0.08363289294065908,Focused
2026-02-04T23:54:03.566836,0.10429856723640114,Focused
2026-02-04T23:54:03.676254,0.15180030353367327,Focused
2026-02-04T23:54:03.769761,0.1689134556800127,Focused
2026-02-04T23:54:03.859980,0.20297015181276945,Focused
2026-02-04T23:54:03.949949,0.19389806198887527,Focused
2026-02-04T23:54:04.131462,0.18923354393336922,Focused
2026-02-04T23:54:04.240551,0.18136509140022097,Focused
2026-02-04T23:54:04.350360,0.18647821205668152,Focused
2026-02-04T23:54:04.445611,0.05207362422370352,Focused
2026-02-04T23:54:04.535796,0.08950850684195756,Focused
2026-02-04T23:54:04.643538,0.04832642364053754,Focused
2026-02-04T23:54:04.744474,0.06112188596744089,Focused
2026-02-04T23:54:04.838130,0.0854379615513608,Focused
2026-02-04T23:54:04.929628,0.09464367371983826,Focused
2026-02-04T23:54:05.021597,0.09594181284774096,Focused
2026-02-04T23:54:05.202357,0.10766321942210198,Focused
2026-02-04T23:54:05.318349,0.1414583846461028,Focused
2026-02-04T23:54:05.429989,0.1365847870707512,Focused
2026-02-04T23:54:05.534281,0.1436997684650123,Focused
2026-02-04T23:54:05.645904,0.10606588129885494,Focused
2026-02-04T23:54:05.744787,0.1348512086085975,Focused
2026-02-04T23:54:05.841421,0.16480488702654839,Focused
2026-02-04T23:54:05.934875,0.13967139781452714,Focused
2026-02-04T23:54:06.036374,0.11565608871169389,Focused
2026-02-04T23:54:06.138351,0.14303392255678773,Focused
2026-02-04T23:54:06.317789,0.1648592927493155,Focused
2026-02-04T23:54:06.423060,0.16552619906142355,Focused
2026-02-04T23:54:06.522287,0.14511704887263477,Focused
2026-02-04T23:54:06.615203,0.16076103877276182,Focused
2026-02-04T23:54:06.723553,0.15224442379549144,Focused
2026-02-04T23:54:06.815461,0.15373527267947792,Focused
2026-02-04T23:54:06.912029,0.15218816446140407,Focused
2026-02-04T23:54:07.013841,0.1342183129861951,Focused
2026-02-04T23:54:07.110181,0.15137017862871288,Focused
2026-02-04T23:54:07.216835,0.15368906864896417,Focused
2026-02-04T23:54:07.420026,0.15108410203829406,Focused
2026-02-04T23:54:07.526398,0.18532885094173254,Focused
2026-02-04T23:54:07.634645,0.1706687663681805,Focused
2026-02-04T23:54:07.741213,0.17707508401945235,Focused
2026-02-04T23:54:07.832450,0.14099243232049047,Focused
2026-02-04T23:54:07.927338,0.1693325813859701,Focused
2026-02-04T23:54:08.016201,0.15842676814645526,Focused
2026-02-04T23:54:08.110072,0.14438982768915593,Focused
2026-02-04T23:54:08.202909,0.12591160484589636,Focused
2026-02-04T23:54:08.303080,0.1023650231771171,Focused
2026-02-04T23:54:08.509098,0.07279325317358598,Focused
2026-02-04T23:54:08.609418,0.04632162887137383,Focused
2026-02-04T23:54:08.711313,0.10216121281846427,Focused
2026-02-04T23:54:08.811209,0.07740618467796594,Focused
2026-02-04T23:54:08.911640,0.0985594417375978,Focused
2026-02-04T23:54:09.054380,0.11300271549262106,Focused
2026-02-04T23:54:09.156308,0.14163668223191053,Focused
2026-02-04T23:54:09.258134,0.1487283938797191,Focused
2026-02-04T23:54:09.355987,0.2068898738361895,Focused
2026-02-04T23:54:09.474387,0.16587314819917082,Focused
2026-02-04T23:54:09.656959,0.19620977193117142,Focused
2026-02-04T23:54:09.770487,0.1860648574773222,Focused
2026-02-04T23:54:09.872034,0.19761921050958337,Focused
2026-02-04T23:54:09.968563,0.17794800717383621,Focused
2026-02-04T23:54:10.071535,0.15172667098231613,Focused
2026-02-04T23:54:10.163819,0.13919428470544518,Focused
2026-02-04T23:54:10.260077,0.1457670379197225,Focused
2026-02-04T23:54:10.351409,0.14834551513195038,Focused
2026-02-04T23:54:10.453433,0.1673875350970775,Focused
2026-02-04T23:54:10.570151,0.12354258004343137,Focused
2026-02-04T23:54:10.744873,0.16619157204404472,Focused
2026-02-04T23:54:10.848768,0.12938783380668611,Focused
2026-02-04T23:54:10.944687,0.1366547281621024,Focused
2026-02-04T23:54:11.039265,0.1347396420314908,Focused
2026-02-04T23:54:11.135805,0.12878817637101747,Focused
2026-02-04T23:54:11.229643,0.10888497316045687,Focused
2026-02-04T23:54:11.333441,0.09267176799476147,Focused
2026-02-04T23:54:11.456383,0.09372145105153322,Focused
2026-02-04T23:54:11.567810,0.11103683184483089,Focused
2026-02-04T23:54:11.684302,0.16258321354398506,Focused
2026-02-04T23:54:11.866171,0.16843937360681593,Focused
2026-02-04T23:54:11.966567,0.1434474599082023,Focused
2026-02-04T23:54:12.064682,0.18606723617995158,Focused
2026-02-04T23:54:12.162398,0.167278915271163,Focused
2026-02-04T23:54:12.264556,0.16175746088847515,Focused
2026-02-04T23:54:12.360625,0.17890905056265183,Focused
2026-02-04T23:54:12.454269,0.20287962136790158,Focused
2026-02-04T23:54:12.549792,0.1850456658517942,Focused
2026-02-04T23:54:12.658179,0.1911739633535035,Focused
2026-02-04T23:54:12.759692,0.2049977336777374,Focused
2026-02-04T23:54:12.950774,0.2015003404521849,Focused
2026-02-04T23:54:13.044211,0.26460103017161607,Focused
2026-02-04T23:54:13.147164,0.25176541768014427,Focused
2026-02-04T23:54:13.244119,0.2582248965161853,Focused
2026-02-04T23:54:13.346783,0.2216749683662783,Focused
2026-02-04T23:54:13.451759,0.25182920526713126,Focused
2026-02-04T23:54:13.547581,0.21149035751586778,Focused
2026-02-04T23:54:13.654279,0.18821177056524901,Focused
2026-02-04T23:54:13.750599,0.219659837661311,Focused
2026-02-04T23:54:13.851328,0.19302310615312307,Focused
2026-02-04T23:54:14.040263,0.22930689242202787,Focused
2026-02-04T23:54:14.138110,0.1868354553356767,Focused
2026-02-04T23:54:14.224608,0.2104883702704683,Focused
2026-02-04T23:54:14.323363,0.18975315605057402,Focused
2026-02-04T23:54:14.415051,0.1781402011984028,Focused
2026-02-04T23:54:14.513488,0.17006375121418388,Focused
2026-02-04T23:54:14.601740,0.18692359221167862,Focused
2026-02-04T23:54:14.711448,0.21914953474479262,Focused
2026-02-04T23:54:14.805023,0.21897354465909305,Focused
2026-02-04T23:54:14.905638,0.19102228912524877,Focused
2026-02-04T23:54:15.085793,0.1720568560936954,Focused
2026-02-04T23:54:15.181477,0.22547029765555632,Focused
2026-02-04T23:54:15.275362,0.18937422250164673,Focused
2026-02-04T23:54:15.380030,0.18597018446307628,Focused
2026-02-04T23:54:15.482491,0.16218226514756678,Focused
2026-02-04T23:54:15.587143,0.19341436922550204,Focused
2026-02-04T23:54:15.692736,0.2077736910432577,Focused
2026-02-04T23:54:15.796021,0.18494957737857476,Focused
2026-02-04T23:54:15.900600,0.17826894413447006,Focused
2026-02-04T23:54:16.008543,0.17156659857137127,Focused
2026-02-04T23:54:16.186322,0.13928576353937389,Focused
2026-02-04T23:54:16.285065,0.17006459101103247,Focused
2026-02-04T23:54:16.383825,0.15434735007584097,Focused
2026-02-04T23:54:16.475184,0.12560241157189012,Focused
2026-02-04T23:54:16.569015,0.11384204254136421,Focused
2026-02-04T23:54:16.658550,0.13124597936403007,Focused
2026-02-04T23:54:16.757375,0.13997006497811526,Focused
2026-02-04T23:54:16.856930,0.14674767735414207,Focused
2026-02-04T23:54:16.961973,0.1150872902246192,Focused
2026-02-04T23:54:17.071511,0.08083109152503311,Focused
2026-02-04T23:54:17.172816,0.09937527498113924,Focused
2026-02-04T23:54:17.319747,0.09993668980023357,Focused
2026-02-04T23:54:17.440354,0.1476944587921025,Focused
2026-02-04T23:54:17.529146,0.15135661370586603,Focused
2026-02-04T23:54:17.617253,0.1911622491548769,Focused
2026-02-04T23:54:17.705644,0.20113616829039527,Focused
2026-02-04T23:54:17.858417,0.1820867590722628,Focused
2026-02-04T23:54:17.952525,0.23776417109183964,Focused
2026-02-04T23:54:18.075193,0.21937178920488806,Focused
2026-02-04T23:54:18.184611,0.2152442781953141,Focused
2026-02-04T23:54:18.342412,0.1655064488062635,Focused
2026-02-04T23:54:18.434739,0.16627175444737075,Focused
2026-02-04T23:54:18.526650,0.15326931499876081,Focused
2026-02-04T23:54:18.621221,0.16050061639398336,Focused
2026-02-04T23:54:18.711703,0.14994565555825828,Focused
2026-02-04T23:54:18.798118,0.1360005951486528,Focused
2026-02-04T23:54:18.903425,0.22750447131693363,Focused
2026-02-04T23:54:18.997098,0.2196480911690742,Focused
2026-02-04T23:54:19.096250,0.24545902262907476,Focused
2026-02-04T23:54:19.237322,0.2758033878169954,Focused
2026-02-04T23:54:19.333411,0.28162884574849156,Focused
2026-02-04T23:54:19.481301,0.2606330680660904,Focused
2026-02-04T23:54:19.584541,0.2668081687763334,Focused
2026-02-04T23:54:19.668858,0.23771369336172937,Focused
2026-02-04T23:54:19.756628,0.2705478035844862,Focused
2026-02-04T23:54:19.863039,0.2509577096439898,Focused
2026-02-04T23:54:19.972635,0.271845683362335,Focused
2026-02-04T23:54:20.082734,0.27425956551451236,Focused
2026-02-04T23:54:20.185872,0.2571647166740149,Focused
2026-02-04T23:54:20.288679,0.21126621124567463,Focused
2026-02-04T23:54:20.399569,0.2397966483142227,Focused
2026-02-04T23:54:20.557740,0.2168015995179303,Focused
2026-02-04T23:54:20.656204,0.20696620935341345,Focused
2026-02-04T23:54:20.749562,0.2155535014520865,Focused
2026-02-04T23:54:20.837602,0.20401259725913404,Focused
2026-02-04T23:54:20.933796,0.26456434316933153,Focused
2026-02-04T23:54:21.025048,0.24726688945665956,Focused
2026-02-04T23:54:21.120157,0.25592609979212283,Focused
2026-02-04T23:54:21.214618,0.2467429713346064,Focused
2026-02-04T23:54:21.319459,0.2347345240414143,Focused
2026-02-04T23:54:21.417458,0.23444064292125405,Focused
2026-02-04T23:54:21.582242,0.25581278009340164,Focused
2026-02-04T23:54:21.678587,0.24040139061398802,Focused
2026-02-04T23:54:21.761816,0.19978051907382904,Focused
2026-02-04T23:54:21.848231,0.1605431588832289,Focused
2026-02-04T23:54:21.963517,0.18183831090573221,Focused
2026-02-04T23:54:22.110969,0.16808875864371658,Focused
2026-02-04T23:54:22.211062,0.167114734579809,Focused
2026-02-04T23:54:22.328563,0.15793188728857785,Focused
2026-02-04T23:54:22.446814,0.1770856662420556,Focused
2026-02-04T23:54:22.601504,0.12732033664360642,Focused
2026-02-04T23:54:22.726222,0.12637760064098982,Focused
2026-02-04T23:54:22.843628,0.08570003632921724,Focused
2026-02-04T23:54:22.957346,0.11630018667783588,Focused
2026-02-04T23:54:23.077851,0.07121286789479199,Focused
2026-02-04T23:54:23.184545,0.11160771067079622,Focused
2026-02-04T23:54:23.287386,0.07492085621342993,Focused
2026-02-04T23:54:23.410018,0.07691685867030174,Focused
2026-02-04T23:54:23.509292,0.07144523753086106,Focused
2026-02-04T23:54:23.598881,0.086307768538245,Focused
2026-02-04T23:54:23.755335,0.13145505585707723,Focused
2026-02-04T23:54:23.843825,0.17647150349803267,Focused
2026-02-04T23:54:23.931446,0.20729068960063157,Focused
2026-02-04T23:54:24.018792,0.1836555391084403,Focused
2026-02-04T23:54:24.132561,0.1557796699227765,Focused
2026-02-04T23:54:24.231112,0.20448020182084292,Focused
2026-02-04T23:54:24.326751,0.16609275663504375,Focused
2026-02-04T23:54:24.440146,0.1303621453233063,Focused
2026-02-04T23:54:24.543446,0.16183734866790475,Focused
2026-02-04T23:54:24.631534,0.11903469433309509,Focused
2026-02-04T23:54:24.813588,0.14973783129826188,Focused
2026-02-04T23:54:24.905015,0.12184601314365863,Focused
2026-02-04T23:54:24.994155,0.18974496473092586,Focused
2026-02-04T23:54:25.099687,0.1605273970752023,Focused
2026-02-04T23:54:25.224608,0.18069292810105253,Focused
2026-02-04T23:54:25.332376,0.1874490053160116,Focused
2026-02-04T23:54:25.448237,0.20453738016076387,Focused
2026-02-04T23:54:25.573613,0.16610128541360608,Focused
2026-02-04T23:54:25.670524,0.14223520396626554,Focused
2026-02-04T23:54:25.781334,0.1456253314623609,Focused
2026-02-04T23:54:25.914543,0.09672773475758731,Focused
2026-02-04T23:54:26.008412,0.17848908898886293,Focused
2026-02-04T23:54:26.103866,0.11542259952402673,Focused
2026-02-04T23:54:26.214872,0.09468935186159798,Focused
2026-02-04T23:54:26.307087,0.0955776848597452,Focused
2026-02-04T23:54:26.395110,0.09844569400884211,Focused
2026-02-04T23:54:26.495753,0.12637516187969594,Focused
2026-02-04T23:54:26.582937,0.165494451764971,Focused
2026-02-04T23:54:26.687713,0.1179451305535622,Focused
2026-02-04T23:54:26.783143,0.09208972342312335,Focused
2026-02-04T23:54:26.933788,0.07356584732187912,Focused
2026-02-04T23:54:27.021206,0.10552174086042214,Focused
2026-02-04T23:54:27.113893,0.07542726106476039,Focused
2026-02-04T23:54:27.229937,0.0920097020425601,Focused
2026-02-04T23:54:27.377471,0.08766133302124217,Focused
2026-02-04T23:54:27.488809,0.11890863560838626,Focused
2026-02-04T23:54:27.583824,0.07830103710293769,Focused
2026-02-04T23:54:27.681737,0.0927071054233238,Focused
2026-02-04T23:54:27.795240,0.07122840128140524,Focused
2026-02-04T23:54:27.913626,0.11092445235699415,Focused
2026-02-04T23:54:28.079774,0.17822451272513717,Focused
2026-02-04T23:54:28.173301,0.0,Focused
2026-02-04T23:54:28.277507,0.0,Focused
2026-02-04T23:54:28.368685,0.11105511886999012,Focused
2026-02-04T23:54:28.459941,0.1326862487476319,Focused
2026-02-04T23:54:28.565724,0.18071962459944188,Focused
2026-02-04T23:54:28.651873,0.13470317465253176,Focused
2026-02-04T23:54:28.744005,0.12856974232417998,Focused
2026-02-04T23:54:28.831026,0.12842234993586316,Focused
2026-02-04T23:54:28.919954,0.11554202481638641,Focused
2026-02-04T23:54:29.044770,0.1428382657264592,Focused
2026-02-04T23:54:29.138243,0.1371027267712634,Focused
2026-02-04T23:54:29.228452,0.11737666875706054,Focused
2026-02-04T23:54:29.341096,0.15203818532754665,Focused
2026-02-04T23:54:29.448854,0.1403907040017657,Focused
2026-02-04T23:54:29.571682,0.1526953097374644,Focused
2026-02-04T23:54:29.666625,0.13240590686327777,Focused
2026-02-04T23:54:29.776960,0.14998252615041563,Focused
2026-02-04T23:54:29.892137,0.14209371458709938,Focused
2026-02-04T23:54:29.979093,0.11608923720777965,Focused
2026-02-04T23:54:30.086904,0.12080142467166298,Focused
2026-02-04T23:54:30.199402,0.12887044848466758,Focused
2026-02-04T23:54:30.295952,0.16091217108769343,Focused
2026-02-04T23:54:30.402858,0.11365700174937955,Focused
2026-02-04T23:54:30.501268,0.13274727989919483,Focused
2026-02-04T23:54:30.608374,0.12943699956813362,Focused
2026-02-04T23:54:30.703249,0.10193358031683601,Focused
2026-02-04T23:54:30.794138,0.10237085130065679,Focused
2026-02-04T23:54:30.887346,0.0958617113996297,Focused
2026-02-04T23:54:30.972456,0.08140976016875356,Focused
2026-02-04T23:54:31.065922,0.10879168016836047,Focused
2026-02-04T23:54:31.213484,0.11909871003590522,Focused
2026-02-04T23:54:31.308323,0.1167121356818825,Focused
2026-02-04T23:54:31.421667,0.10040501076728105,Focused
2026-02-04T23:54:31.530545,0.1035003746394068,Focused
2026-02-04T23:54:31.640435,0.07726717356126755,Focused
2026-02-04T23:54:31.729679,0.13131121798651293,Focused
2026-02-04T23:54:31.843319,0.08680416020797566,Focused
2026-02-04T23:54:31.949093,0.09162617181427776,Focused
2026-02-04T23:54:32.046617,0.11421900098212064,Focused
2026-02-04T23:54:32.146890,0.09653176959836854,Focused
2026-02-04T23:54:32.310163,0.14753359123133122,Focused
2026-02-04T23:54:32.413426,0.14444466723361982,Focused
2026-02-04T23:54:32.526601,0.11043375747976825,Focused
2026-02-04T23:54:32.637315,0.15211968538933435,Focused
2026-02-04T23:54:32.741203,0.11602518437430263,Focused
2026-02-04T23:54:32.848429,0.11402337764739058,Focused
2026-02-04T23:54:32.955307,0.13633330401498825,Focused
2026-02-04T23:54:33.067198,0.11270364940864964,Focused
2026-02-04T23:54:33.178480,0.15402210789034146,Focused
2026-02-04T23:54:33.284664,0.1327760394080542,Focused
2026-02-04T23:54:33.424771,0.12583788921474479,Focused
2026-02-04T23:54:33.541265,0.11331868078559636,Focused
2026-02-04T23:54:33.646999,0.10165189631516112,Focused
2026-02-04T23:54:33.744221,0.12328337163198738,Focused
2026-02-04T23:54:33.842898,0.11403117886511609,Focused
2026-02-04T23:54:33.931800,0.1250002180750016,Focused
2026-02-04T23:54:34.025453,0.10062760211294516,Focused
2026-02-04T23:54:34.117047,0.13058522846549747,Focused
2026-02-04T23:54:34.204820,0.11961725066648796,Focused
2026-02-04T23:54:34.297298,0.1365165709983557,Focused
2026-02-04T23:54:34.438625,0.13844637592555956,Focused
2026-02-04T23:54:34.547992,0.13029179340228436,Focused
2026-02-04T23:54:34.648673,0.12228249737527222,Focused
2026-02-04T23:54:34.755452,0.1217905584257096,Focused
2026-02-04T23:54:34.847326,0.07456844933039974,Focused
2026-02-04T23:54:34.935922,0.08754604742280207,Focused
2026-02-04T23:54:35.039031,0.06820932990522123,Focused
2026-02-04T23:54:35.140375,0.08401018061558715,Focused
2026-02-04T23:54:35.238485,0.09689808000111952,Focused
2026-02-04T23:54:35.328517,0.12031558875169139,Focused
2026-02-04T23:54:35.457334,0.10376300110947341,Focused
2026-02-04T23:54:35.591719,0.13485682951286435,Focused
2026-02-04T23:54:35.710500,0.07229780828347429,Focused
2026-02-04T23:54:35.827842,0.1389794479939155,Focused
2026-02-04T23:54:35.932427,0.1508354549325304,Focused
2026-02-04T23:54:36.030777,0.12877036480931567,Focused
2026-02-04T23:54:36.132653,0.07721767224138602,Focused
2026-02-04T23:54:36.230910,0.07844622627599165,Focused
2026-02-04T23:54:36.331118,0.11087653071153908,Focused
2026-02-04T23:54:36.429730,0.11824466637917794,Focused
2026-02-04T23:54:36.585202,0.12425140580162405,Focused
2026-02-04T23:54:36.685946,0.13006046721711753,Focused
2026-02-04T23:54:36.788363,0.11230847229599022,Focused
2026-02-04T23:54:36.893334,0.08423067157855257,Focused
2026-02-04T23:54:36.993870,0.11990800046478398,Focused
2026-02-04T23:54:37.104453,0.1316205680486746,Focused
2026-02-04T23:54:37.207735,0.10797085147351028,Focused
2026-02-04T23:54:37.315758,0.1262997029349208,Focused
2026-02-04T23:54:37.420874,0.11385673834010958,Focused
2026-02-04T23:54:37.528410,0.12130654512438924,Focused
2026-02-04T23:54:37.704622,0.1269969534652773,Focused
2026-02-04T23:54:37.815844,0.15925563889904878,Focused
2026-02-04T23:54:37.921648,0.13018377004191278,Focused
2026-02-04T23:54:38.023964,0.11760271731764078,Focused
2026-02-04T23:54:38.132176,0.15026500514359215,Focused
2026-02-04T23:54:38.227667,0.1407969522755593,Focused
2026-02-04T23:54:38.320958,0.13115494990488516,Focused
2026-02-04T23:54:38.421560,0.1264835821930319,Focused
2026-02-04T23:54:38.509736,0.1364378277445212,Focused
2026-02-04T23:54:38.616677,0.12421317069092766,Focused
2026-02-04T23:54:38.761394,0.12664264336926861,Focused
2026-02-04T23:54:38.859745,0.1462317135417834,Focused
2026-02-04T23:54:38.962149,0.1554292767192237,Focused
2026-02-04T23:54:39.068699,0.12748273346805944,Focused
2026-02-04T23:54:39.172749,0.13011173679260535,Focused
2026-02-04T23:54:39.271248,0.12426114534609951,Focused
2026-02-04T23:54:39.368580,0.12859102176735177,Focused
2026-02-04T23:54:39.475333,0.15081850612768902,Focused
2026-02-04T23:54:39.590644,0.1326368080219254,Focused
2026-02-04T23:54:39.774199,0.12394060312653891,Focused
2026-02-04T23:54:39.920684,0.12485312774369958,Focused
2026-02-04T23:54:40.027233,0.12144503816962242,Focused
2026-02-04T23:54:40.126067,0.12156820767559111,Focused
2026-02-04T23:54:40.227107,0.1376300239586271,Focused
2026-02-04T23:54:40.318152,0.09707629740587435,Focused
2026-02-04T23:54:40.412823,0.10570539645850659,Focused
2026-02-04T23:54:40.520359,0.12197626823326572,Focused
2026-02-04T23:54:40.633950,0.13189340691315007,Focused
2026-02-04T23:54:40.756817,0.15002447208389638,Focused
2026-02-04T23:54:40.921306,0.1394072528462857,Focused
2026-02-04T23:54:41.050950,0.16195741044357417,Focused
2026-02-04T23:54:41.165417,0.16961132464930412,Focused
2026-02-04T23:54:41.263566,0.18758425465784967,Focused
2026-02-04T23:54:41.350965,0.23537536454387012,Focused
2026-02-04T23:54:41.453127,0.21621752867940813,Focused
2026-02-04T23:54:41.575275,0.17983085315208883,Focused
2026-02-04T23:54:41.691170,0.22782085516955705,Focused
2026-02-04T23:54:41.813092,0.23167658107122405,Focused
2026-02-04T23:54:41.997332,0.20924224932678043,Focused
2026-02-04T23:54:42.109015,0.19548259682487698,Focused
2026-02-04T23:54:42.207246,0.1794163462880533,Focused
2026-02-04T23:54:42.307211,0.20079733858583496,Focused
2026-02-04T23:54:42.401129,0.16115485404152424,Focused
2026-02-04T23:54:42.494269,0.1843954808311537,Focused
2026-02-04T23:54:42.585707,0.16815538629889487,Focused
2026-02-04T23:54:42.682893,0.2378047074540518,Focused
2026-02-04T23:54:42.786689,0.24446557161863894,Focused
2026-02-04T23:54:43.112399,0.0,Focused
2026-02-04T23:54:43.285393,0.0,Focused
2026-02-04T23:54:43.376236,0.0,Focused
2026-02-04T23:54:43.461330,0.0,Focused
2026-02-04T23:54:43.572455,0.0,Focused
2026-02-04T23:54:43.669922,0.0,Focused
2026-02-04T23:54:43.761577,0.0,Focused
2026-02-04T23:54:43.949331,0.0,Focused
2026-02-04T23:54:44.136300,0.0,Focused
2026-02-04T23:54:44.209536,0.0,Focused
2026-02-04T23:54:44.295818,0.0,Focused
2026-02-04T23:54:44.455559,0.0,Focused
2026-02-04T23:54:44.532090,0.0,Focused
2026-02-04T23:54:44.618072,0.0,Focused
2026-02-04T23:54:44.702717,0.0,Focused
2026-02-04T23:54:44.857563,0.0,Focused
2026-02-04T23:54:44.938474,0.0,Focused
2026-02-04T23:54:45.097933,0.0,Focused
2026-02-04T23:54:45.412424,0.0,Focused
2026-02-04T23:54:45.866755,0.0,Focused
2026-02-04T23:54:45.948638,0.0,Focused
2026-02-04T23:54:46.021120,0.0,Focused
2026-02-04T23:54:46.104187,0.0,Focused
2026-02-04T23:54:46.177138,0.0,Focused
2026-02-04T23:54:46.359876,0.0,Focused
2026-02-04T23:54:49.719937,0.0,Focused
2026-02-04T23:54:49.820816,0.0,Focused
2026-02-04T23:54:49.897517,0.0,Focused
2026-02-04T23:54:50.069062,0.0,Focused
2026-02-04T23:54:50.156779,0.1978586882352829,Focused
2026-02-04T23:54:50.322400,0.11661403304897248,Focused
2026-02-04T23:54:50.410162,0.13506182629498653,Focused
2026-02-04T23:54:50.506135,0.16412883081939073,Focused
2026-02-04T23:54:50.592918,0.15106242707697673,Focused
2026-02-04T23:54:50.772952,0.1651070554682519,Focused
2026-02-04T23:54:50.860078,0.17835611546761357,Focused
2026-02-04T23:54:50.952958,0.14779490365181117,Focused
2026-02-04T23:54:51.058077,0.14049489265307782,Focused
2026-02-04T23:54:51.152201,0.11684355209581553,Focused
2026-02-04T23:54:51.241012,0.13236182358814402,Focused
2026-02-04T23:54:51.337099,0.15733565435511992,Focused
2026-02-04T23:54:51.427401,0.17048612599028276,Focused
2026-02-04T23:54:51.531267,0.14725198616506532,Focused
2026-02-04T23:54:51.633558,0.15861347425961864,Focused
2026-02-04T23:54:51.814639,0.13009665535064416,Focused
2026-02-04T23:54:51.921756,0.12910556991118935,Focused
2026-02-04T23:54:52.014189,0.12299023659434169,Focused
2026-02-04T23:54:52.120571,0.11305290738819167,Focused
2026-02-04T23:54:52.212317,0.11088295505032873,Focused
2026-02-04T23:54:52.305157,0.13421201863675375,Focused
2026-02-04T23:54:52.404548,0.153106296970509,Focused
2026-02-04T23:54:52.494304,0.15123468403471632,Focused
2026-02-04T23:54:52.585242,0.1694081321824342,Focused
2026-02-04T23:54:52.674431,0.16495413039810955,Focused
2026-02-04T23:54:52.767479,0.19660265143029393,Focused
2026-02-04T23:54:52.940505,0.18368787062354386,Focused
2026-02-04T23:54:53.039783,0.15507128052413463,Focused
2026-02-04T23:54:53.187685,0.09366483800113201,Focused
2026-02-04T23:54:53.283085,0.0,Focused
2026-02-04T23:54:53.354929,0.0,Focused
2026-02-04T23:54:53.510003,0.0,Focused
2026-02-04T23:54:53.597777,0.0,Focused
2026-02-04T23:54:53.682588,0.0,Focused
2026-02-04T23:54:53.753066,0.0,Focused
2026-02-04T23:54:53.823281,0.0,Focused
2026-02-04T23:54:53.908659,0.0,Focused
2026-02-04T23:54:54.069002,0.0,Focused
2026-02-04T23:54:54.168556,0.0,Focused
2026-02-04T23:54:54.248004,0.0,Focused
2026-02-04T23:54:54.324091,0.0,Focused
2026-02-04T23:54:54.471073,0.0,Focused
2026-02-04T23:54:54.543345,0.0,Focused
2026-02-04T23:54:54.696415,0.0,Focused
2026-02-04T23:54:54.840673,0.0,Focused
2026-02-04T23:54:54.923063,0.0,Focused
2026-02-04T23:54:55.151747,0.0,Focused
2026-02-04T23:54:55.236962,0.0,Focused
2026-02-04T23:54:55.312881,0.0,Focused
2026-02-04T23:54:55.630865,0.0,Focused
2026-02-04T23:54:56.366879,0.0,Focused
2026-02-04T23:54:56.671403,0.0,Focused
2026-02-04T23:54:57.456891,0.0,Focused
2026-02-04T23:54:57.559198,0.0,Focused
2026-02-04T23:54:58.009304,0.0,Focused
2026-02-04T23:54:58.169633,0.0,Focused
2026-02-04T23:54:58.340463,0.0,Focused
2026-02-04T23:54:58.668507,0.0,Focused
2026-02-04T23:54:58.901554,0.0,Focused
2026-02-04T23:54:59.050882,0.0,Focused
2026-02-04T23:54:59.140981,0.0,Focused
2026-02-04T23:54:59.290779,0.0,Focused
2026-02-04T23:54:59.363089,0.0,Focused
2026-02-04T23:54:59.767788,0.0,Focused
2026-02-04T23:54:59.841542,0.0,Focused
2026-02-04T23:54:59.930767,0.0,Focused
2026-02-04T23:55:00.007830,0.0,Focused
2026-02-04T23:55:00.106105,0.0,Focused
2026-02-04T23:55:00.184838,0.0,Focused
2026-02-04T23:55:00.904652,0.0,Focused
2026-02-04T23:55:01.056378,0.0,Focused
2026-02-04T23:55:01.170078,0.0,Focused
2026-02-04T23:55:01.867919,0.0,Focused
2026-02-04T23:55:02.159513,0.0,Focused
2026-02-04T23:55:05.560984,0.0,Focused
2026-02-04T23:55:05.941128,0.0,Focused
2026-02-04T23:55:06.035045,0.12211838515941054,Focused
2026-02-04T23:55:06.195703,0.13003365527838467,Focused
2026-02-04T23:55:06.294856,0.13024265266139992,Focused
2026-02-04T23:55:06.384491,0.1648057409780449,Focused
2026-02-04T23:55:06.473269,0.1577728732750984,Focused
2026-02-04T23:55:06.566185,0.13241758046788163,Focused
2026-02-04T23:55:06.662719,0.14352652670058888,Focused
2026-02-04T23:55:06.761027,0.13220341346459463,Focused
2026-02-04T23:55:06.850607,0.13148813004954715,Focused
2026-02-04T23:55:06.945487,0.11337401926866732,Focused
2026-02-04T23:55:07.040258,0.18083796004066244,Focused
2026-02-04T23:55:07.131429,0.1392590436269529,Focused
2026-02-04T23:55:07.231185,0.14990041127894074,Focused
2026-02-04T23:55:07.410475,0.14939764465671032,Focused
2026-02-04T23:55:07.502560,0.1767495607258752,Focused
2026-02-04T23:55:07.605983,0.189475222985493,Focused
2026-02-04T23:55:07.705848,0.14808553985785694,Focused
2026-02-04T23:55:07.794137,0.11910093954065815,Focused
2026-02-04T23:55:07.883815,0.17041135648032651,Focused
2026-02-04T23:55:07.974206,0.11395409845863469,Focused
2026-02-04T23:55:08.071355,0.12055805154377593,Focused
2026-02-04T23:55:08.161099,0.11739622916793449,Focused
2026-02-04T23:55:08.256508,0.13357828230655286,Focused
2026-02-04T23:55:08.528794,0.10936745388316922,Focused
2026-02-04T23:55:08.618471,0.13112479239935054,Focused
2026-02-04T23:55:08.802903,0.11365772310527973,Focused
2026-02-04T23:55:08.888970,0.11261214264086447,Focused
2026-02-04T23:55:08.983399,0.0975302995997481,Focused
2026-02-04T23:55:09.074293,0.12396222596871666,Focused
2026-02-04T23:55:09.160151,0.11173042138107121,Focused
2026-02-04T23:55:09.249764,0.12889200835779774,Focused
2026-02-04T23:55:09.340061,0.12628505172033327,Focused
2026-02-04T23:55:09.425789,0.1479221938556293,Focused
2026-02-04T23:55:09.720212,0.18222526684694457,Focused
2026-02-04T23:55:09.842874,0.1899394138192292,Focused
2026-02-04T23:55:09.940132,0.12935757170198484,Focused
2026-02-04T23:55:10.030428,0.16690931781195104,Focused
2026-02-04T23:55:10.121732,0.14595867051393724,Focused
2026-02-04T23:55:10.207888,0.16014921427704393,Focused
2026-02-04T23:55:10.300243,0.10468538594432174,Focused
2026-02-04T23:55:10.389043,0.12292685663560406,Focused
2026-02-04T23:55:10.473836,0.15185888370033354,Focused
2026-02-04T23:55:10.558263,0.07736318101524375,Focused
2026-02-04T23:55:10.747001,0.14101840684888883,Focused
2026-02-04T23:55:10.839514,0.1284425362420734,Focused
2026-02-04T23:55:10.996988,0.11711728824302553,Focused
2026-02-04T23:55:11.089683,0.13624589081155133,Focused
2026-02-04T23:55:11.174529,0.16700502162566408,Focused
2026-02-04T23:55:11.258439,0.13743238706374541,Focused
2026-02-04T23:55:11.355457,0.14813953317934647,Focused
2026-02-04T23:55:11.441943,0.12809726437553762,Focused
2026-02-04T23:55:11.533795,0.1211911377380602,Focused
2026-02-04T23:55:11.628358,0.14472531653009355,Focused
2026-02-04T23:55:11.827719,0.11258390884904657,Focused
2026-02-04T23:55:11.917063,0.11893085507326759,Focused
2026-02-04T23:55:12.028249,0.09816160898189992,Focused
2026-02-04T23:55:12.126134,0.09097462003701365,Focused
2026-02-04T23:55:12.215223,0.09006432148162276,Focused
2026-02-04T23:55:20.116694,0.10430350488459225,Focused
2026-02-04T23:55:20.671256,0.12827053848886863,Focused
2026-02-04T23:55:34.502393,0.13743889638572,Focused
2026-02-04T23:55:34.593448,0.16021094219468068,Focused
2026-02-04T23:55:34.691350,0.13118755517934913,Focused
2026-02-04T23:55:35.229441,0.14534130964893846,Focused
2026-02-04T23:55:48.717708,0.07699049971997739,Focused
2026-02-04T23:55:48.811517,0.14525624620728195,Focused
2026-02-04T23:55:48.910157,0.09562106449157,Focused
2026-02-04T23:55:49.433134,0.08425565306097269,Focused
2026-02-04T23:55:58.941850,0.13320731403655373,Focused
2026-02-04T23:55:59.107129,0.17105208627181126,Focused
2026-02-04T23:55:59.200887,0.17354349988163448,Focused
2026-02-04T23:55:59.298274,0.16302617655019275,Focused
2026-02-04T23:55:59.401893,0.14552489144844002,Focused
2026-02-04T23:55:59.489596,0.13519702835474162,Focused
2026-02-04T23:55:59.581481,0.1295940288749989,Focused
2026-02-04T23:55:59.680732,0.13413699312077368,Focused
2026-02-04T23:55:59.783259,0.14198144713591315,Focused
2026-02-04T23:55:59.871208,0.13953093930613247,Focused
2026-02-04T23:55:59.964275,0.10505757942446507,Focused
2026-02-04T23:56:00.155640,0.10909466211742257,Focused
2026-02-04T23:56:00.247234,0.1294795532070566,Focused
2026-02-04T23:56:00.336487,0.12279486273764632,Focused
2026-02-04T23:56:00.435566,0.12591050814080518,Focused
2026-02-04T23:56:00.523413,0.14662082699942403,Focused
2026-02-04T23:56:00.632481,0.1639972520788433,Focused
2026-02-04T23:56:00.719460,0.16408270564716076,Focused
2026-02-04T23:56:00.806312,0.1866173679532949,Focused
2026-02-04T23:56:00.892223,0.17083105668862114,Focused
2026-02-04T23:56:00.976499,0.18177446717745624,Focused
2026-02-04T23:56:01.066728,0.1858090253837872,Focused
2026-02-04T23:56:01.239634,0.20329964870470577,Focused
2026-02-04T23:56:01.334750,0.1625409328204114,Focused
2026-02-04T23:56:01.447762,0.13873344143794383,Focused
2026-02-04T23:56:01.551640,0.13686509416147602,Focused
2026-02-04T23:56:01.678343,0.12263950230844783,Focused
2026-02-04T23:56:01.798992,0.161052935407497,Focused
2026-02-04T23:56:01.904987,0.16465230494213756,Focused
2026-02-04T23:56:02.002216,0.146670394539251,Focused
2026-02-04T23:56:02.114818,0.1276539264479652,Focused
2026-02-04T23:56:02.224915,0.11943930715206079,Focused
2026-02-04T23:56:02.429999,0.12244433458254207,Focused
2026-02-04T23:56:02.542202,0.12024708214448765,Focused
2026-02-04T23:56:02.652190,0.13502763851429336,Focused
2026-02-04T23:56:02.766901,0.15164255534182303,Focused
2026-02-04T23:56:02.876459,0.13338118114625103,Focused
2026-02-04T23:56:02.992802,0.10176615356467664,Focused
2026-02-04T23:56:03.086796,0.11777572327991946,Focused
2026-02-04T23:56:03.175628,0.14255837503587826,Focused
2026-02-04T23:56:03.263258,0.17232090557226912,Focused
2026-02-04T23:56:03.353541,0.1470774548477493,Focused
2026-02-04T23:56:03.528512,0.17535917432978748,Focused
2026-02-04T23:56:03.618685,0.24170292854541914,Focused
2026-02-04T23:56:03.722545,0.22681418352294713,Focused
2026-02-04T23:56:03.823892,0.23562600748846307,Focused
2026-02-04T23:56:03.912008,0.24340140663261992,Focused
2026-02-04T23:56:04.003347,0.24381534722051582,Focused
2026-02-04T23:56:04.120403,0.2017777181463316,Focused
2026-02-04T23:56:04.219570,0.19160320370283443,Focused
2026-02-04T23:56:04.309533,0.17619091127999126,Focused
2026-02-04T23:56:04.396468,0.19264548277133145,Focused
2026-02-04T23:56:04.591193,0.19804480300517752,Focused
2026-02-04T23:56:04.682506,0.1855755770462565,Focused
2026-02-04T23:56:04.781170,0.19516113981371747,Focused
2026-02-04T23:56:04.868402,0.20237361693871206,Focused
2026-02-04T23:56:04.960052,0.17975259610102512,Focused
2026-02-04T23:56:05.049854,0.20254644778324288,Focused
2026-02-04T23:56:05.138743,0.18436481680255384,Focused
2026-02-04T23:56:05.226749,0.1883163580787368,Focused
2026-02-04T23:56:05.317082,0.1703247829573229,Focused
2026-02-04T23:56:05.406142,0.18904702932341025,Focused
2026-02-04T23:56:05.491613,0.17672578700003214,Focused
2026-02-04T23:56:05.695171,0.15280871566210408,Focused
2026-02-04T23:56:05.802284,0.15341240144625773,Focused
2026-02-04T23:56:05.890653,0.17554255085415205,Focused
2026-02-04T23:56:05.977607,0.1783540705102496,Focused
2026-02-04T23:56:06.066650,0.18764024013071323,Focused
2026-02-04T23:56:06.152776,0.17647979019093327,Focused
2026-02-04T23:56:06.240343,0.2116684835636988,Focused
2026-02-04T23:56:06.329586,0.19172441560367587,Focused
2026-02-04T23:56:06.417317,0.18509648783656302,Focused
2026-02-04T23:56:06.504288,0.18607667882461099,Focused
2026-02-04T23:56:06.593696,0.17317114284378476,Focused
2026-02-04T23:56:06.687029,0.17167559229128526,Focused
2026-02-04T23:56:06.872008,0.18344905556878077,Focused
2026-02-04T23:56:06.958093,0.17062480160966517,Focused
2026-02-04T23:56:07.049579,0.17096312782377937,Focused
2026-02-04T23:56:07.136201,0.20883527262485585,Focused
2026-02-04T23:56:09.700078,0.0,Focused
2026-02-04T23:56:16.921904,0.17160379351116717,Focused
2026-02-04T23:56:17.013529,0.16587210042634978,Focused
2026-02-04T23:56:17.107948,0.16284006335772572,Focused
2026-02-04T23:56:17.204109,0.18222755238530225,Focused
2026-02-04T23:56:17.305254,0.1729684070800431,Focused
2026-02-04T23:56:17.395316,0.17522669951140415,Focused
2026-02-04T23:56:17.503012,0.11371608925983309,Focused
2026-02-04T23:56:17.601860,0.12230310103041121,Focused
2026-02-04T23:56:17.696563,0.17779700859100556,Focused
2026-02-04T23:56:17.802279,0.15684655854129234,Focused
2026-02-04T23:56:17.967734,0.16824587231967597,Focused
2026-02-04T23:56:18.063183,0.1919285279000178,Focused
2026-02-04T23:56:18.156243,0.15606659221230074,Focused
2026-02-04T23:56:18.258984,0.18953677876270378,Focused
2026-02-04T23:56:18.356876,0.1707553073298186,Focused
2026-02-04T23:56:18.448672,0.1598078829294536,Focused
2026-02-04T23:56:18.551607,0.1461767711036373,Focused
2026-02-04T23:56:18.669933,0.14513921400066465,Focused
2026-02-04T23:56:18.790471,0.13386681518750265,Focused
2026-02-04T23:56:18.888871,0.156858489807928,Focused
2026-02-04T23:56:19.056318,0.15020254288101567,Focused
2026-02-04T23:56:19.144410,0.1429640673159156,Focused
2026-02-04T23:56:19.238616,0.159351603401592,Focused
2026-02-04T23:56:19.328971,0.1648721920268144,Focused
2026-02-04T23:56:19.422228,0.16416313090594484,Focused
2026-02-04T23:56:19.516318,0.14984349366859534,Focused
2026-02-04T23:56:19.608378,0.15285658029897603,Focused
2026-02-04T23:56:19.708990,0.1659066910855472,Focused
2026-02-04T23:56:19.810805,0.1402655383688398,Focused
2026-02-04T23:56:19.908423,0.13696314070257357,Focused
2026-02-04T23:56:20.006010,0.1446391216828488,Focused
2026-02-04T23:56:20.163549,0.19379365069908092,Focused
2026-02-04T23:56:20.251980,0.23881031552446075,Focused
2026-02-04T23:56:20.350019,0.2694050763384439,Focused
2026-02-04T23:56:20.445560,0.3234360175556504,Focused
2026-02-04T23:56:20.550619,0.3600086523394566,Focused
2026-02-04T23:56:20.635997,0.33893521563732065,Focused
2026-02-04T23:56:20.730494,0.3252677586511709,Focused
2026-02-04T23:56:20.818209,0.33158862064010464,Focused
2026-02-04T23:56:20.905063,0.36202996415086086,Focused
2026-02-04T23:56:20.991591,0.2279691298434045,Focused
2026-02-04T23:56:21.081875,0.1911460233910475,Focused
2026-02-04T23:56:21.265941,0.14009016272611916,Focused
2026-02-04T23:56:21.366172,0.10148901974316686,Focused
2026-02-04T23:56:21.462014,0.11717273610411212,Focused
2026-02-04T23:56:21.555884,0.1258487273589708,Focused
2026-02-04T23:56:21.647989,0.24686167743057014,Focused
2026-02-04T23:56:21.741664,0.27711229713167995,Focused
2026-02-04T23:56:21.841402,0.3285658122389577,Focused
2026-02-04T23:56:21.933673,0.2726961296633817,Focused
2026-02-04T23:56:22.022456,0.3184874427970499,Focused
2026-02-04T23:56:22.112510,0.30035315854474903,Focused
2026-02-04T23:56:22.204249,0.32251901724375787,Focused
2026-02-04T23:56:22.384533,0.37353783147409564,Focused
2026-02-04T23:56:22.481519,0.31485541912261394,Focused
2026-02-04T23:56:22.578265,0.33385414130752905,Focused
2026-02-04T23:56:22.674299,0.2934432506677695,Focused
2026-02-04T23:56:22.773080,0.3091830765129998,Focused
2026-02-04T23:56:22.859885,0.31000555409118535,Focused
2026-02-04T23:56:22.947062,0.2620314149418846,Focused
2026-02-04T23:56:23.036054,0.2976563164847903,Focused
2026-02-04T23:56:23.125046,0.23456142417853698,Focused
2026-02-04T23:56:23.214842,0.2506643445929512,Focused
2026-02-04T23:56:23.310057,0.2297257069731131,Focused
2026-02-04T23:56:23.492545,0.20885557365836577,Focused
2026-02-04T23:56:23.580603,0.2087069352972321,Focused
2026-02-04T23:56:23.686761,0.2313606267096475,Focused
2026-02-04T23:56:23.781414,0.2261534331832081,Focused
2026-02-04T23:56:23.881827,0.2686192925088107,Focused
2026-02-04T23:56:23.979442,0.22359638641355561,Focused
2026-02-04T23:56:24.075337,0.2331692784326151,Focused
2026-02-04T23:56:24.161426,0.24964712308719755,Focused
2026-02-04T23:56:24.254352,0.21819218893069772,Focused
2026-02-04T23:56:24.342520,0.20109054661588743,Focused
2026-02-04T23:56:24.492379,0.1835444743745029,Focused
2026-02-04T23:56:24.588099,0.2099279848393053,Focused
2026-02-04T23:56:24.697954,0.2524176114005968,Focused
2026-02-04T23:56:24.867572,0.23740844466956332,Focused
2026-02-04T23:56:24.963190,0.23684704564511777,Focused
2026-02-04T23:56:25.057772,0.2415085405111313,Focused
2026-02-04T23:56:25.162479,0.2529472812544554,Focused
2026-02-04T23:56:25.254228,0.22836816761409864,Focused
2026-02-04T23:56:25.344165,0.22855642489157615,Focused
2026-02-04T23:56:25.436281,0.21937277561519297,Focused
2026-02-04T23:56:25.534417,0.2551496167900041,Focused
2026-02-04T23:56:25.700894,0.2442928994540125,Focused
2026-02-04T23:56:25.792105,0.2738883034326136,Focused
2026-02-04T23:56:25.898423,0.2558927847072482,Focused
2026-02-04T23:56:25.989394,0.22602352909743784,Focused
2026-02-04T23:56:26.087967,0.29450416476465757,Focused
2026-02-04T23:56:26.177485,0.2921116056037136,Focused
2026-02-04T23:56:26.272329,0.3408778715645895,Focused
2026-02-04T23:56:26.359436,0.3081853463081643,Focused
2026-02-04T23:56:26.451275,0.2762903735972941,Focused
2026-02-04T23:56:26.546122,0.3177266453392804,Focused
2026-02-04T23:56:26.655926,0.3131786448415369,Focused
2026-02-04T23:56:26.805777,0.2759370057843626,Focused
2026-02-04T23:56:26.897682,0.3148026540176943,Focused
2026-02-04T23:56:27.006989,0.2816222836496308,Focused
2026-02-04T23:56:27.105312,0.23662993432953952,Focused
2026-02-04T23:56:27.194740,0.23917359453625978,Focused
2026-02-04T23:56:27.293129,0.1919747968786396,Focused
2026-02-04T23:56:27.382018,0.21788112586364147,Focused
2026-02-04T23:56:27.473469,0.23389785662293433,Focused
2026-02-04T23:56:27.561029,0.2416493471711874,Focused
2026-02-04T23:56:27.661596,0.2055322667583823,Focused
2026-02-04T23:56:27.841593,0.1265319141559303,Focused
2026-02-04T23:56:27.942141,0.15538593940436837,Focused
2026-02-04T23:56:28.069045,0.19751178454607723,Focused
2026-02-04T23:56:28.194002,0.20447384454309936,Focused
2026-02-04T23:56:28.302308,0.17346903569996355,Focused
2026-02-04T23:56:28.388941,0.21823258940130474,Focused
2026-02-04T23:56:28.479667,0.1369330790825188,Focused
2026-02-04T23:56:28.572846,0.14064597981050608,Focused
2026-02-04T23:56:28.671944,0.13933651745319364,Focused
2026-02-04T23:56:28.763865,0.14158052736893295,Focused
2026-02-04T23:56:28.869836,0.18315384807065127,Focused
2026-02-04T23:56:29.033146,0.19401226807385683,Focused
2026-02-04T23:56:29.127565,0.14915626626461742,Focused
2026-02-04T23:56:29.213314,0.08855560342781245,Focused
2026-02-04T23:56:29.306325,0.17647064481861888,Focused
2026-02-04T23:56:29.393352,0.1746950239408761,Focused
2026-02-04T23:56:29.481855,0.1817890428937972,Focused
2026-02-04T23:56:29.574780,0.15557532096281645,Focused
2026-02-04T23:56:29.662825,0.2326934728771448,Focused
2026-02-04T23:56:29.757292,0.23550301203504204,Focused
2026-02-04T23:56:29.853628,0.1879819270223379,Focused
2026-02-04T23:56:29.960950,0.2339767619036138,Focused
2026-02-04T23:56:30.132134,0.2566521480679512,Focused
2026-02-04T23:56:30.219089,0.21668701241724195,Focused
2026-02-04T23:56:30.315957,0.26445834850892425,Focused
2026-02-04T23:56:30.401275,0.2220416556112468,Focused
2026-02-04T23:56:30.489002,0.16756839901208875,Focused
2026-02-04T23:56:30.577466,0.18171770125627518,Focused
2026-02-04T23:56:30.666499,0.23419753857888279,Focused
2026-02-04T23:56:30.765097,0.23218647278845309,Focused
2026-02-04T23:56:30.852572,0.2247002851217985,Focused
2026-02-04T23:56:30.944760,0.23947826735675334,Focused
2026-02-04T23:56:31.030287,0.2983085911720991,Focused
2026-02-04T23:56:31.216685,0.2385356843471527,Focused
2026-02-04T23:56:31.308006,0.26116893030703064,Focused
2026-02-04T23:56:31.427000,0.22773230150341986,Focused
2026-02-04T23:56:31.513148,0.2084000114351511,Focused
2026-02-04T23:56:31.602142,0.2251624956727028,Focused
2026-02-04T23:56:31.688658,0.24727105647325515,Focused
2026-02-04T23:56:31.793417,0.19557721577584744,Focused
2026-02-04T23:56:31.893798,0.2008353544399142,Focused
2026-02-04T23:56:31.983197,0.15599117008969185,Focused
2026-02-04T23:56:32.082987,0.1803316042292863,Focused
2026-02-04T23:56:32.227752,0.2162945793941617,Focused
2026-02-04T23:56:32.330019,0.18625342200975864,Focused
2026-02-04T23:56:32.415987,0.1857765477965586,Focused
2026-02-04T23:56:32.504051,0.18216945184394717,Focused
2026-02-04T23:56:32.591890,0.17394244810566306,Focused
2026-02-04T23:56:32.684591,0.14603319205343723,Focused
2026-02-04T23:56:32.773403,0.2390055786818266,Focused
2026-02-04T23:56:32.861489,0.25082491459324957,Focused
2026-02-04T23:56:32.950605,0.1990164153277874,Focused
2026-02-04T23:56:33.055554,0.2081733007915318,Focused
2026-02-04T23:56:33.151046,0.13960943412967025,Focused
2026-02-04T23:56:33.254274,0.1446973488666117,Focused
2026-02-04T23:56:33.401100,0.12694398418534544,Focused
2026-02-04T23:56:33.489010,0.1440652123419568,Focused
2026-02-04T23:56:33.584274,0.10653170733712614,Focused
2026-02-04T23:56:33.670332,0.13078636308200656,Focused
2026-02-04T23:56:33.761334,0.09556499477475881,Focused
2026-02-04T23:56:33.869216,0.15194769902154803,Focused
2026-02-04T23:56:33.966485,0.17255244487896562,Focused
2026-02-04T23:56:34.054840,0.09862761599943042,Focused
2026-02-04T23:56:34.145561,0.07515884083695709,Focused
2026-02-04T23:56:34.243931,0.09470017096027733,Focused
2026-02-04T23:56:34.388215,0.08540273171383889,Focused
2026-02-04T23:56:34.477882,0.11042949343100189,Focused
2026-02-04T23:56:34.564244,0.09111224468797445,Focused
2026-02-04T23:56:34.649432,0.10175707631278783,Focused
2026-02-04T23:56:34.736754,0.10154504962265493,Focused
2026-02-04T23:56:34.821535,0.06882119099609554,Focused
2026-02-04T23:56:34.920891,0.047689718659967184,Focused
2026-02-04T23:56:35.005699,0.06685005235485732,Focused
2026-02-04T23:56:35.100908,0.0720221798401326,Focused
2026-02-04T23:56:35.189381,0.07398673659190536,Focused
2026-02-04T23:56:35.292177,0.06389127084985376,Focused
2026-02-04T23:56:35.395049,0.06727417139336467,Focused
2026-02-04T23:56:35.550698,0.0678341147780884,Focused
2026-02-04T23:56:35.635649,0.08585461153415963,Focused
2026-02-04T23:56:35.725655,0.12362544015049934,Focused
2026-02-04T23:56:35.813252,0.1264118120074272,Focused
2026-02-04T23:56:35.918063,0.11766450400464236,Focused
2026-02-04T23:56:36.013119,0.1323322705924511,Focused
2026-02-04T23:56:36.105928,0.11514232344925404,Focused
2026-02-04T23:56:36.206084,0.14308472429402172,Focused
2026-02-04T23:56:36.305894,0.10827102013863622,Focused
2026-02-04T23:56:36.415373,0.06446679919026792,Focused
2026-02-04T23:56:36.508102,0.0823784417938441,Focused
2026-02-04T23:56:36.631417,0.06051977262832224,Focused
2026-02-04T23:56:36.716473,0.08101355945691466,Focused
2026-02-04T23:56:36.802895,0.09566994826309383,Focused
2026-02-04T23:56:36.887881,0.18641021698713303,Focused
2026-02-04T23:56:36.986791,0.15041532516479492,Focused
2026-02-04T23:56:37.079379,0.10068627521395683,Focused
2026-02-04T23:56:37.166861,0.08190900413319468,Focused
2026-02-04T23:56:37.258880,0.34874431416392326,Focused
2026-02-04T23:56:37.355424,0.1267847903072834,Focused
2026-02-04T23:56:37.465889,0.0,Focused
2026-02-04T23:56:37.563465,0.12014175851363688,Focused
2026-02-04T23:56:37.706673,0.0,Focused
2026-02-04T23:56:37.802596,0.0,Focused
2026-02-04T23:56:37.907557,0.0,Focused
2026-02-04T23:56:38.021323,0.3558645214885473,Focused
2026-02-04T23:56:38.118526,0.0,Focused
2026-02-04T23:56:38.233247,0.0,Focused
2026-02-04T23:56:38.345680,0.13014349557925017,Focused
2026-02-04T23:56:38.456278,0.0,Focused
2026-02-04T23:56:38.561650,0.32216493416344744,Focused
2026-02-04T23:56:38.713345,0.14136128206737342,Focused
2026-02-04T23:56:38.820510,0.16500522680580615,Focused
2026-02-04T23:56:38.918786,0.14090310605242848,Focused
2026-02-04T23:56:39.025491,0.17998820431530474,Focused
2026-02-04T23:56:39.133771,0.18399147503077987,Focused
2026-02-04T23:56:39.241256,0.21398351062089205,Focused
2026-02-04T23:56:39.334154,0.16694337017834185,Focused
2026-02-04T23:56:39.429143,0.14097464997321366,Focused
2026-02-04T23:56:39.546826,0.14196287263184787,Focused
2026-02-04T23:56:39.635905,0.13461737800389528,Focused
2026-02-04T23:56:39.764599,0.12181617473252118,Focused
2026-02-04T23:56:39.866641,0.07283976073376834,Focused
2026-02-04T23:56:39.968979,0.11876164400018752,Focused
2026-02-04T23:56:40.090771,0.18808090968523175,Focused
2026-02-04T23:56:40.185851,0.1593526354175992,Focused
2026-02-04T23:56:40.278555,0.2005137999774888,Focused
2026-02-04T23:56:40.370894,0.15402697771787643,Focused
2026-02-04T23:56:40.466311,0.17354616671800613,Focused
2026-02-04T23:56:40.597555,0.14380221602041274,Focused
2026-02-04T23:56:40.707136,0.14766732284333559,Focused
2026-02-04T23:56:40.880405,0.15878457960207015,Focused
2026-02-04T23:56:40.991550,0.15387557779904454,Focused
2026-02-04T23:56:41.112075,0.1582023644587025,Focused
2026-02-04T23:56:41.223831,0.09510522400960326,Focused
2026-02-04T23:56:41.322014,0.07953726202249527,Focused
2026-02-04T23:56:41.416425,0.15009208284318445,Focused
2026-02-04T23:56:41.516796,0.1452910194173455,Focused
2026-02-04T23:56:41.626144,0.090776683925651,Focused
2026-02-04T23:56:41.720943,0.07547280960716307,Focused
2026-02-04T23:56:41.817651,0.08913441047770902,Focused
2026-02-04T23:56:41.976271,0.10671234868932515,Focused
2026-02-04T23:56:42.081859,0.07698698700405657,Focused
2026-02-04T23:56:42.197939,0.05016638212837279,Focused
2026-02-04T23:56:42.293205,0.08268239601748065,Focused
2026-02-04T23:56:42.396080,0.07185340784490109,Focused
2026-02-04T23:56:42.489921,0.055605206161271785,Focused
2026-02-04T23:56:42.599222,0.08271825830452144,Focused
2026-02-04T23:56:42.712321,0.05954527623252943,Focused
2026-02-04T23:56:42.800999,0.07291130720986985,Focused
2026-02-04T23:56:42.895445,0.05370834006462246,Focused
2026-02-04T23:56:43.052304,0.0490797242964618,Focused
2026-02-04T23:56:43.144180,0.0552909076155629,Focused
2026-02-04T23:56:43.233786,0.07594331463333219,Focused
2026-02-04T23:56:43.327122,0.05554261503275484,Focused
2026-02-04T23:56:43.423230,0.06441759259905666,Focused
2026-02-04T23:56:43.515929,0.0530974555411376,Focused
2026-02-04T23:56:43.620916,0.05608619942213409,Focused
2026-02-04T23:56:43.742354,0.042967670422513045,Focused
2026-02-04T23:56:43.848288,0.05197777249268257,Focused
2026-02-04T23:56:43.972864,0.04814743692986667,Focused
2026-02-04T23:56:44.136259,0.06916034282185136,Focused
2026-02-04T23:56:44.248433,0.07802367729600518,Focused
2026-02-04T23:56:44.358935,0.1898068018257618,Focused
2026-02-04T23:56:44.462241,0.0920968511607498,Focused
2026-02-04T23:56:44.555729,0.1299454894848168,Focused
2026-02-04T23:56:44.646122,0.1663216267712414,Focused
2026-02-04T23:56:44.753241,0.15673679041210561,Focused
2026-02-04T23:56:44.838878,0.1766504391562194,Focused
2026-02-04T23:56:44.923515,0.16920729585690422,Focused
2026-02-04T23:56:45.011505,0.15704232339048757,Focused
2026-02-04T23:56:45.166059,0.16876922033261507,Focused
2026-02-04T23:56:45.275859,0.16182331102900208,Focused
2026-02-04T23:56:45.381182,0.14905183175578715,Focused
2026-02-04T23:56:45.479714,0.14609478736529127,Focused
2026-02-04T23:56:45.594049,0.17076920628314837,Focused
2026-02-04T23:56:45.705200,0.1632941879273858,Focused
2026-02-04T23:56:45.816378,0.1938271989201894,Focused
2026-02-04T23:56:45.918393,0.2785617629764601,Focused
2026-02-04T23:56:46.018619,0.4073137585772202,Focused
2026-02-04T23:56:46.143003,0.4714202115545049,Focused
2026-02-04T23:56:46.309856,0.46268559326417746,Focused
2026-02-04T23:56:46.419029,0.46055149292806163,Focused
2026-02-04T23:56:46.527742,0.46495882417075335,Focused
2026-02-04T23:56:46.649136,0.46043115628417586,Focused
2026-02-04T23:56:46.739527,0.4629521382739768,Focused
2026-02-04T23:56:46.850556,0.48332120280247176,Focused
2026-02-04T23:56:46.942611,0.48428666123654696,Focused
2026-02-04T23:56:47.040474,0.4805514649953694,Focused
2026-02-04T23:56:47.173059,0.4590316999703646,Focused
2026-02-04T23:56:47.334118,0.49681384954601526,Focused
2026-02-04T23:56:47.422917,0.45894640251062807,Focused
2026-02-04T23:56:47.517909,0.47063493402674794,Focused
2026-02-04T23:56:47.617951,0.45175677703227846,Focused
2026-02-04T23:56:47.713157,0.4215272667584941,Focused
2026-02-04T23:56:47.805211,0.4334636229323223,Focused
2026-02-04T23:56:47.926327,0.39970079116756096,Focused
2026-02-04T23:56:48.026201,0.3629276580642909,Focused
2026-02-04T23:56:48.129683,0.35659024425258395,Focused
2026-02-04T23:56:48.224542,0.4173000767827034,Focused
2026-02-04T23:56:48.386185,0.36903864168561995,Focused
2026-02-04T23:56:48.482069,0.40384891252033417,Focused
2026-02-04T23:56:48.568241,0.3054220388410613,Focused
2026-02-04T23:56:48.674594,0.31028106426820157,Focused
2026-02-04T23:56:48.771078,0.38726810831576586,Focused
2026-02-04T23:56:48.875410,0.44140297034755344,Focused
2026-02-04T23:56:48.982580,0.4711950774304569,Focused
2026-02-04T23:56:49.075771,0.3770115403458476,Focused
2026-02-04T23:56:49.165353,0.303654392529279,Focused
2026-02-04T23:56:49.259074,0.2569949608063325,Focused
2026-02-04T23:56:49.352569,0.32155975569039585,Focused
2026-02-04T23:56:49.517075,0.346792474319227,Focused
2026-02-04T23:56:49.604222,0.40857322146184744,Focused
2026-02-04T23:56:49.717223,0.43310323012992735,Focused
2026-02-04T23:56:49.818232,0.3476301524555311,Focused
2026-02-04T23:56:49.922860,0.41177222179248923,Focused
2026-02-04T23:56:50.027769,0.4031156176235527,Focused
2026-02-04T23:56:50.131820,0.3191434505395591,Focused
2026-02-04T23:56:50.223687,0.4165966895408928,Focused
2026-02-04T23:56:50.320566,0.4104084825492464,Focused
2026-02-04T23:56:50.413236,0.37259914663154636,Focused
2026-02-04T23:56:50.579142,0.3900042331079021,Focused
2026-02-04T23:56:50.675909,0.4227911103283986,Focused
2026-02-04T23:56:50.786929,0.21836864231154324,Focused
2026-02-04T23:56:50.877795,0.1773547432734631,Focused
2026-02-04T23:56:50.991988,0.18908187001943588,Focused
2026-02-04T23:56:51.096712,0.19058044419507497,Focused
2026-02-04T23:56:51.191025,0.1272415682560677,Focused
2026-02-04T23:56:51.292084,0.13164103805502236,Focused
2026-02-04T23:56:51.386023,0.12348737079882993,Focused
2026-02-04T23:56:51.478438,0.18061366681358776,Focused
2026-02-04T23:56:51.617394,0.21024796233396048,Focused
2026-02-04T23:56:51.707607,0.2359824648068752,Focused
2026-02-04T23:56:51.820168,0.2348611397086643,Focused
2026-02-04T23:56:51.921682,0.22221157066524028,Focused
2026-02-04T23:56:52.042915,0.28834836296737193,Focused
2026-02-04T23:56:52.148112,0.23755067009478806,Focused
2026-02-04T23:56:52.255147,0.206352920178324,Focused
2026-02-04T23:56:52.355238,0.23724530191393567,Focused
2026-02-04T23:56:52.447248,0.2142412949935533,Focused
2026-02-04T23:56:52.542183,0.20022246635635385,Focused
2026-02-04T23:56:52.641353,0.20818092583795075,Focused
2026-02-04T23:56:52.776290,0.2091657046752516,Focused
2026-02-04T23:56:52.883655,0.1904759202559944,Focused
2026-02-04T23:56:52.982165,0.253275368217146,Focused
2026-02-04T23:56:53.101290,0.27564738573273645,Focused
2026-02-04T23:56:53.188884,0.31477004350745114,Focused
2026-02-04T23:56:53.290002,0.3601718042860739,Focused
2026-02-04T23:56:53.383845,0.3402070792624727,Focused
2026-02-04T23:56:53.474705,0.37763050871435555,Focused
2026-02-04T23:56:53.573564,0.371172190841753,Focused
2026-02-04T23:56:53.671492,0.35701865087030454,Focused
2026-02-04T23:56:53.835984,0.27164278103737166,Focused
2026-02-04T23:56:53.940848,0.2681537210009992,Focused
2026-02-04T23:56:54.040290,0.2584223562153056,Focused
2026-02-04T23:56:54.160667,0.23165228166617455,Focused
2026-02-04T23:56:54.258698,0.18505820303689688,Focused
2026-02-04T23:56:54.351530,0.21208886008244007,Focused
2026-02-04T23:56:54.438567,0.23459882009774446,Focused
2026-02-04T23:56:54.536149,0.2154580215923488,Focused
2026-02-04T23:56:54.632605,0.20964556294493378,Focused
2026-02-04T23:56:54.726017,0.24232247881591318,Focused
2026-02-04T23:56:54.904638,0.23267298913560808,Focused
2026-02-04T23:56:54.997198,0.24046807731501757,Focused
2026-02-04T23:56:55.096287,0.21633724442217497,Focused
2026-02-04T23:56:55.207726,0.19858655456919222,Focused
2026-02-04T23:56:55.313696,0.21244332974310964,Focused
2026-02-04T23:56:55.403965,0.2122518019285053,Focused
2026-02-04T23:56:55.493022,0.2532032710500062,Focused
2026-02-04T23:56:55.585836,0.28404994094744324,Focused
2026-02-04T23:56:55.674349,0.2854254784062505,Focused
2026-02-04T23:56:55.766053,0.2932866774033755,Focused
2026-02-04T23:56:55.881104,0.2889264145400375,Focused
2026-02-04T23:56:56.028022,0.26928267111070453,Focused
2026-02-04T23:56:56.134672,0.2503661366645247,Focused
2026-02-04T23:56:56.258900,0.2140344064217061,Focused
2026-02-04T23:56:56.361566,0.2298438234487548,Focused
2026-02-04T23:56:56.453673,0.214243983104825,Focused
2026-02-04T23:56:56.544017,0.1738570583751425,Focused
2026-02-04T23:56:56.633157,0.1433426690287888,Focused
2026-02-04T23:56:56.726870,0.1660936456988566,Focused
2026-02-04T23:56:56.816224,0.20432896705460735,Focused
2026-02-04T23:56:56.921072,0.20144791214261204,Focused
2026-02-04T23:56:57.099344,0.16957510869251563,Focused
2026-02-04T23:56:57.191422,0.2032951926696114,Focused
2026-02-04T23:56:57.305476,0.18917264229385183,Focused
2026-02-04T23:56:57.402695,0.206064545083791,Focused
2026-02-04T23:56:57.496212,0.1988882722216658,Focused
2026-02-04T23:56:57.592582,0.19747726866044102,Focused
2026-02-04T23:56:57.681323,0.19523136727511886,Focused
2026-02-04T23:56:57.775698,0.1975844418106135,Focused
2026-02-04T23:56:57.877638,0.18948979659471663,Focused
2026-02-04T23:56:57.994361,0.18938335473649204,Focused
2026-02-04T23:56:58.161056,0.1731307976297103,Focused
2026-02-04T23:56:58.275980,0.141202846809756,Focused
2026-02-04T23:56:58.376517,0.1653705113567412,Focused
2026-02-04T23:56:58.470760,0.15450472263619303,Focused
2026-02-04T23:56:58.565543,0.205130782071501,Focused
2026-02-04T23:56:58.658739,0.2485827184165828,Focused
2026-02-04T23:56:58.755165,0.27291361879906617,Focused
2026-02-04T23:56:58.852435,0.2606027847039513,Focused
2026-02-04T23:56:58.948864,0.2756025655078702,Focused
2026-02-04T23:56:59.039801,0.24466136698029006,Focused
2026-02-04T23:56:59.204527,0.22976159845129587,Focused
2026-02-04T23:56:59.297695,0.25457677054218947,Focused
2026-02-04T23:56:59.397468,0.24074770138249732,Focused
2026-02-04T23:56:59.493233,0.24633355581900104,Focused
2026-02-04T23:56:59.585916,0.2545347217470407,Focused
2026-02-04T23:56:59.680145,0.264080716832541,Focused
2026-02-04T23:56:59.774642,0.2597728250082582,Focused
2026-02-04T23:56:59.865962,0.25839014258235693,Focused
2026-02-04T23:56:59.969891,0.26935471249744297,Focused
2026-02-04T23:57:00.087621,0.25150080388411883,Focused
2026-02-04T23:57:00.197386,0.2325240802252665,Focused
2026-02-04T23:57:00.326165,0.19211881863884628,Focused
2026-02-04T23:57:00.428886,0.18587696782778948,Focused
2026-02-04T23:57:00.519131,0.18087475997162986,Focused
2026-02-04T23:57:00.610395,0.17360195057117378,Focused
2026-02-04T23:57:00.702390,0.18317026893491856,Focused
2026-02-04T23:57:00.796341,0.17505399921210482,Focused
2026-02-04T23:57:00.888080,0.17385333931888453,Focused
2026-02-04T23:57:00.994019,0.18232060014270246,Focused
2026-02-04T23:57:01.107451,0.17264687087736091,Focused
2026-02-04T23:57:01.201423,0.1800126522546634,Focused
2026-02-04T23:57:01.362608,0.17621447476558388,Focused
2026-02-04T23:57:01.472620,0.16978846298297867,Focused
2026-02-04T23:57:01.567171,0.1700444126559887,Focused
2026-02-04T23:57:01.662571,0.16463093702332116,Focused
2026-02-04T23:57:01.752283,0.18327215762110427,Focused
2026-02-04T23:57:01.839705,0.17222191547625695,Focused
2026-02-04T23:57:01.937719,0.1742708371253684,Focused
2026-02-04T23:57:02.045682,0.17517620803555473,Focused
2026-02-04T23:57:02.141670,0.18347183980513365,Focused
2026-02-04T23:57:02.244741,0.19468640866107306,Focused
2026-02-04T23:57:02.398264,0.23829628486419097,Focused
2026-02-04T23:57:02.507893,0.19972516045672817,Focused
2026-02-04T23:57:02.595138,0.1851454036310315,Focused
2026-02-04T23:57:02.683733,0.17635696538491175,Focused
2026-02-04T23:57:02.774160,0.19428417280432767,Focused
2026-02-04T23:57:02.866148,0.1815819886571262,Focused
2026-02-04T23:57:02.956636,0.16979129266692322,Focused
2026-02-04T23:57:03.048542,0.19210350298089907,Focused
2026-02-04T23:57:03.140697,0.1997357152751647,Focused
2026-02-04T23:57:03.238556,0.20774501317646354,Focused
2026-02-04T23:57:03.338939,0.20957885339739732,Focused
2026-02-04T23:57:03.507896,0.25350050473934965,Focused
2026-02-04T23:57:03.592744,0.23188522694981656,Focused
2026-02-04T23:57:03.682038,0.2148782878415659,Focused
2026-02-04T23:57:03.767296,0.2319443420448806,Focused
2026-02-04T23:57:03.855227,0.2296467738575302,Focused
2026-02-04T23:57:03.953344,0.23448336996953,Focused
2026-02-04T23:57:04.048457,0.2482239204167854,Focused
2026-02-04T23:57:04.150568,0.22203686632565225,Focused
2026-02-04T23:57:04.236580,0.21841693770838905,Focused
2026-02-04T23:57:04.333304,0.22716290464741176,Focused
2026-02-04T23:57:04.426583,0.23383932521683165,Focused
2026-02-04T23:57:04.600115,0.2280870905087795,Focused
2026-02-04T23:57:04.685696,0.23699910867144353,Focused
2026-02-04T23:57:04.771230,0.22707571990904396,Focused
2026-02-04T23:57:04.861878,0.23008240968338212,Focused
2026-02-04T23:57:04.947050,0.2562403197283856,Focused
2026-02-04T23:57:05.033755,0.22689422930707223,Focused
2026-02-04T23:57:05.135694,0.24831534964614543,Focused
2026-02-04T23:57:05.222661,0.2679397216648795,Focused
2026-02-04T23:57:05.329903,0.2530808539479039,Focused
2026-02-04T23:57:05.424686,0.30676428429433145,Focused
2026-02-04T23:57:05.515297,0.30506574670434927,Focused
2026-02-04T23:57:05.682089,0.30458402502990795,Focused
2026-02-04T23:57:05.769152,0.3122777395416051,Focused
2026-02-04T23:57:05.856199,0.32234116389881823,Focused
2026-02-04T23:57:05.952213,0.3151813358417712,Focused
2026-02-04T23:57:06.050364,0.3106193988554878,Focused
2026-02-04T23:57:06.142512,0.32163320258259775,Focused
2026-02-04T23:57:06.232390,0.2961695288191549,Focused
2026-02-04T23:57:06.322541,0.26963957126718013,Focused
2026-02-04T23:57:06.425281,0.2513995287561556,Focused
2026-02-04T23:57:06.521972,0.2310534664662555,Focused
2026-02-04T23:57:06.608881,0.2464370368863456,Focused
2026-02-04T23:57:06.771300,0.27703062821528873,Focused
2026-02-04T23:57:06.856609,0.2739760557713453,Focused
2026-02-04T23:57:06.942811,0.2684170709340833,Focused
2026-02-04T23:57:07.030105,0.2788912289950531,Focused
2026-02-04T23:57:07.119688,0.2589674745686352,Focused
2026-02-04T23:57:07.223561,0.2373637216980569,Focused
2026-02-04T23:57:07.313393,0.26910055017797274,Focused
2026-02-04T23:57:07.412847,0.2705026937939692,Focused
2026-02-04T23:57:07.501315,0.24685481777414678,Focused
2026-02-04T23:57:07.589367,0.2598396848537959,Focused
2026-02-04T23:57:07.685651,0.30141962456982585,Focused
2026-02-04T23:57:07.867423,0.3056617111084051,Focused
2026-02-04T23:57:07.966559,0.23394085125764832,Focused
2026-02-04T23:57:08.065576,0.22584009352722204,Focused
2026-02-04T23:57:08.154921,0.22976113322074523,Focused
2026-02-04T23:57:08.260634,0.2090352331812028,Focused
2026-02-04T23:57:08.346330,0.19733955582487397,Focused
2026-02-04T23:57:08.434530,0.18802742967382075,Focused
2026-02-04T23:57:08.527374,0.19526510461582802,Focused
2026-02-04T23:57:08.614223,0.22441288536647333,Focused
2026-02-04T23:57:08.709602,0.22672430549864658,Focused
2026-02-04T23:57:08.799100,0.22595417184056713,Focused
2026-02-04T23:57:08.957666,0.21624812608934008,Focused
2026-02-04T23:57:09.045691,0.20885341350222006,Focused
2026-02-04T23:57:09.139808,0.23109385881689376,Focused
2026-02-04T23:57:09.230452,0.22015105768223292,Focused
2026-02-04T23:57:09.323340,0.22399576592142692,Focused
2026-02-04T23:57:09.409880,0.2285860546049662,Focused
2026-02-04T23:57:09.513671,0.23974566512042655,Focused
2026-02-04T23:57:09.607944,0.24052070491597988,Focused
2026-02-04T23:57:09.695713,0.24834401312982665,Focused
2026-02-04T23:57:09.792769,0.24016796613577757,Focused
2026-02-04T23:57:09.970337,0.24684234288288281,Focused
2026-02-04T23:57:10.076597,0.25736094833118844,Focused
2026-02-04T23:57:10.175607,0.25492071867920457,Focused
2026-02-04T23:57:10.269434,0.27099306402960793,Focused
2026-02-04T23:57:10.358680,0.2972824534808751,Focused
2026-02-04T23:57:10.446554,0.2843138196854852,Focused
2026-02-04T23:57:10.545687,0.2875914144213312,Focused
2026-02-04T23:57:10.642286,0.30884394663153214,Focused
2026-02-04T23:57:10.730608,0.28669030286837366,Focused
2026-02-04T23:57:10.817577,0.2690287762088701,Focused
2026-02-04T23:57:10.904177,0.2878518363868352,Focused
2026-02-04T23:57:10.989747,0.2946364650386386,Focused
2026-02-04T23:57:11.148311,0.30802836440270764,Focused
2026-02-04T23:57:11.235356,0.3028705992968753,Focused
2026-02-04T23:57:11.340994,0.3016750208684243,Focused
2026-02-04T23:57:11.426623,0.270906881330302,Focused
2026-02-04T23:57:11.516021,0.29216868900693954,Focused
2026-02-04T23:57:11.630478,0.2744068980566226,Focused
2026-02-04T23:57:11.725295,0.30303459945716893,Focused
2026-02-04T23:57:11.834424,0.2903122160525527,Focused
2026-02-04T23:57:11.940212,0.28376481696614064,Focused
2026-02-04T23:57:12.044855,0.30290853744372725,Focused
2026-02-04T23:57:12.232752,0.2959729666588828,Focused
2026-02-04T23:57:12.344992,0.31685369510669265,Focused
2026-02-04T23:57:12.449527,0.3925152056384832,Focused
2026-02-04T23:57:12.557763,0.38426090006250885,Focused
2026-02-04T23:57:12.685265,0.4348144582239911,Focused
2026-02-04T23:57:12.814547,0.4139049978693947,Focused
2026-02-04T23:57:12.928712,0.4101274841930717,Focused
2026-02-04T23:57:13.017445,0.39072984890080986,Focused
2026-02-04T23:57:13.110785,0.3951041050953791,Focused
2026-02-04T23:57:13.276361,0.38925087836105376,Focused
2026-02-04T23:57:13.367831,0.43689880121964964,Focused
2026-02-04T23:57:13.464742,0.39395887374412275,Focused
2026-02-04T23:57:13.561650,0.4193402936216444,Focused
2026-02-04T23:57:13.652295,0.40699028644012286,Focused
2026-02-04T23:57:13.750577,0.4198917431756854,Focused
2026-02-04T23:57:13.843839,0.3623232068028301,Focused
2026-02-04T23:57:13.934837,0.38095327091868963,Focused
2026-02-04T23:57:14.033717,0.33193904061336066,Focused
2026-02-04T23:57:14.134016,0.36300396195147183,Focused
2026-02-04T23:57:14.223595,0.28113419669680295,Focused
2026-02-04T23:57:14.399058,0.30686294501647354,Focused
2026-02-04T23:57:14.489736,0.29718300588428975,Focused
2026-02-04T23:57:14.577141,0.3203563602641225,Focused
2026-02-04T23:57:14.666729,0.3119247437920421,Focused
2026-02-04T23:57:14.772106,0.30808066111057997,Focused
2026-02-04T23:57:14.863227,0.2889592912048101,Focused
2026-02-04T23:57:14.957224,0.3428759902715683,Focused
2026-02-04T23:57:15.053325,0.3735900267958641,Focused
2026-02-04T23:57:15.141174,0.41231795996427534,Focused
2026-02-04T23:57:15.232342,0.4060726597905159,Focused
2026-02-04T23:57:15.327961,0.42640725970268245,Focused
2026-02-04T23:57:15.507663,0.3996591493487358,Focused
2026-02-04T23:57:15.596302,0.39264550134539605,Focused
2026-02-04T23:57:15.684000,0.2797630870714784,Focused
2026-02-04T23:57:15.793106,0.26923132650554177,Focused
2026-02-04T23:57:15.882787,0.3085809683427215,Focused
2026-02-04T23:57:15.982679,0.24102083528414367,Focused
2026-02-04T23:57:16.084857,0.21984329876722766,Focused
2026-02-04T23:57:16.178338,0.21662051687017084,Focused
2026-02-04T23:57:16.269328,0.24001096673309802,Focused
2026-02-04T23:57:16.381898,0.20785825692582874,Focused
2026-02-04T23:57:16.544861,0.20848245645174757,Focused
2026-02-04T23:57:16.635652,0.19942736618686466,Focused
2026-02-04T23:57:16.725382,0.24069400960579515,Focused
2026-02-04T23:57:16.827378,0.17977559274295343,Focused
2026-02-04T23:57:16.919168,0.1588664396898821,Focused
2026-02-04T23:57:17.005871,0.18150296146632172,Focused
2026-02-04T23:57:17.101320,0.1721508174203336,Focused
2026-02-04T23:57:17.189076,0.14841363588930107,Focused
2026-02-04T23:57:17.283290,0.14170658381190152,Focused
2026-02-04T23:57:17.369685,0.15321877060923725,Focused
2026-02-04T23:57:17.456437,0.12689247337402776,Focused
2026-02-04T23:57:17.548550,0.12358717531315051,Focused
2026-02-04T23:57:17.710414,0.08288986664265394,Focused
2026-02-04T23:57:17.810371,0.058326278353342795,Focused
2026-02-04T23:57:17.910899,0.056724113773088905,Focused
2026-02-04T23:57:18.016716,0.06571089758072049,Focused
2026-02-04T23:57:18.125105,0.09874058921704999,Focused
2026-02-04T23:57:18.212333,0.07932596300379373,Focused
2026-02-04T23:57:18.306265,0.07245481438367278,Focused
2026-02-04T23:57:18.399080,0.06017511807440314,Focused
2026-02-04T23:57:18.498940,0.14301269249990584,Focused
2026-02-04T23:57:18.593264,0.09690464797022287,Focused
2026-02-04T23:57:18.777181,0.10899457256309689,Focused
2026-02-04T23:57:18.868883,0.06983226389274931,Focused
2026-02-04T23:57:18.961352,0.09786634142510593,Focused
2026-02-04T23:57:19.059861,0.16276220676954836,Focused
2026-02-04T23:57:19.147951,0.2004968345630914,Focused
2026-02-04T23:57:19.237861,0.18511215973994694,Focused
2026-02-04T23:57:19.326498,0.1644628972513601,Focused
2026-02-04T23:57:19.415419,0.14764652990270405,Focused
2026-02-04T23:57:19.507197,0.1731581366271712,Focused
2026-02-04T23:57:19.598118,0.16869790448108685,Focused
2026-02-04T23:57:19.693602,0.16683249520137908,Focused
2026-02-04T23:57:19.885395,0.12576345480629242,Focused
2026-02-04T23:57:19.996541,0.1329259275109507,Focused
2026-02-04T23:57:20.105301,0.13517179253394718,Focused
2026-02-04T23:57:20.195574,0.1458733964129351,Focused
2026-02-04T23:57:20.294352,0.12864831566112117,Focused
2026-02-04T23:57:20.383595,0.177133251610212,Focused
2026-02-04T23:57:20.469770,0.1653542032407131,Focused
2026-02-10T03:40:18.436398,0.13579159065384264,Distracted
2026-02-10T03:43:04.335840,0.1120419611471336,Distracted
2026-02-10T03:43:49.896770,0.16733643207864546,Focused
2026-02-10T03:52:38.509513,0.7988511540200759,Stressed
2026-02-10T03:52:38.735676,0.1624283958225495,Focused
2026-02-10T03:52:38.937329,0.16643481809483063,Focused
2026-02-10T03:52:39.196072,0.14811475658710277,Focused
2026-02-10T03:52:39.397137,0.15295594110331706,Focused
2026-02-10T03:52:39.618976,0.7983850447021729,Stressed
2026-02-10T03:52:39.835896,0.15940114526486845,Focused
2026-02-10T03:52:40.049432,0.8073008144496538,Stressed
2026-02-10T03:52:40.319489,0.15789328878568887,Focused
2026-02-10T03:52:40.540612,0.7874001474549055,Stressed
2026-02-10T03:52:40.773948,0.8073659330998406,Stressed
2026-02-10T03:52:40.985384,0.14452393035579764,Focused
2026-02-10T03:52:41.190494,0.14432830813684158,Focused
2026-02-10T03:52:41.475916,0.12386037853652218,Focused
2026-02-10T03:52:41.689619,0.7970541046971693,Stressed
2026-02-10T03:52:41.925174,0.7922077727024853,Stressed
2026-02-10T03:52:42.141676,0.13579069782326106,Focused
2026-02-10T03:52:42.402066,0.10267477843138975,Distracted
2026-02-10T03:52:42.608915,0.7943738346185578,Stressed
2026-02-10T03:52:42.821861,0.13827408699219332,Focused
2026-02-10T03:52:43.040228,0.1810065787162186,Focused
2026-02-10T03:52:43.263399,0.1748299256862905,Focused
2026-02-10T03:52:43.525725,0.17271800692211509,Focused
2026-02-10T03:52:43.775266,0.1723777710534572,Focused
2026-02-10T03:52:43.989506,0.15779975975114183,Focused
2026-02-10T03:52:44.204699,0.1510178399812867,Focused
2026-02-10T03:52:44.425544,0.11166994934766912,Distracted
2026-02-10T03:52:44.702211,0.1128863484246025,Distracted
2026-02-10T03:52:44.922041,0.8103190925500228,Stressed
2026-02-10T03:52:45.133981,0.8148436811474112,Stressed
2026-02-10T03:52:45.348638,0.8273769689758578,Stressed
2026-02-10T03:52:45.628790,0.2057401153575776,Focused
2026-02-10T03:52:45.850898,0.197564476764172,Focused
2026-02-10T03:52:46.067631,0.19494872910767624,Focused
2026-02-10T03:52:46.282718,0.8406357026290657,Stressed
2026-02-10T03:52:46.494984,0.1889169855652804,Focused
2026-02-10T03:52:46.780296,0.19311884019713027,Focused
2026-02-10T03:52:46.997045,0.19537714825505648,Focused
2026-02-10T03:52:47.201875,0.1725416535806629,Focused
2026-02-10T03:52:47.413423,0.19531879184910017,Focused
2026-02-10T03:52:47.626555,0.8558942669238743,Stressed
2026-02-10T03:52:47.925609,0.22789811483882907,Focused
2026-02-10T03:52:48.143854,0.88377885494029,Stressed
2026-02-10T03:52:48.353966,0.8323957970107618,Stressed
2026-02-10T03:52:48.560319,0.24997345313538935,Focused
2026-02-10T03:52:48.770692,0.25957201654336004,Focused
2026-02-10T03:52:49.074734,0.8865059536164642,Stressed
2026-02-10T03:52:49.286637,0.8525173858447628,Stressed
2026-02-10T03:52:49.499685,0.15277091032303833,Distracted
2026-02-10T03:52:49.716177,0.14467384586817236,Distracted
2026-02-10T03:52:49.981322,0.14067157438626396,Distracted
2026-02-10T03:52:50.205003,0.13578377743685188,Distracted
2026-02-10T03:52:50.420298,0.147801085251847,Distracted
2026-02-10T03:52:50.635632,0.14309644704928834,Distracted
2026-02-10T03:52:50.838930,0.13661430070521613,Distracted
2026-02-10T03:52:51.117276,0.12046228732599766,Distracted
2026-02-10T03:52:51.339588,0.10808093129543117,Distracted
2026-02-10T03:52:51.556472,0.11581483862151491,Distracted
2026-02-10T03:52:51.771061,0.7937256636673826,Stressed
2026-02-10T03:52:51.982315,0.7904636695454693,Stressed
2026-02-10T03:52:52.266682,0.7909450971245623,Stressed
2026-02-10T03:52:52.493163,0.7932902669133387,Stressed
2026-02-10T03:52:52.705208,0.11372225040305992,Distracted
2026-02-10T03:52:52.911662,0.7960727512817435,Stressed
2026-02-10T03:52:53.118956,0.805690826304166,Stressed
2026-02-10T03:52:53.411213,0.8152841085635104,Stressed
2026-02-10T03:52:53.629613,0.8085823366659154,Stressed
2026-02-10T03:52:53.846659,0.8110752831303725,Stressed
2026-02-10T03:52:54.054451,0.820130477544547,Stressed
2026-02-10T03:52:54.305851,0.8112107464276208,Stressed
2026-02-10T03:52:54.540594,0.8028497808177155,Stressed
2026-02-10T03:52:54.759397,0.8095673301541105,Stressed
2026-02-10T03:52:54.979473,0.7850562050853929,Stressed
2026-02-10T03:52:55.186908,0.7986717349538636,Stressed
2026-02-10T03:52:55.464949,0.801986779893789,Stressed
2026-02-10T03:52:55.672137,0.798366364042476,Stressed
2026-02-10T03:52:55.893205,0.8022428948237361,Stressed
2026-02-10T03:52:56.107994,0.8116982218205023,Stressed
2026-02-10T03:52:56.311812,0.8122310474677249,Stressed
2026-02-10T03:52:56.566690,0.8140363211690435,Stressed
2026-02-10T03:52:56.762558,0.8236818596450936,Stressed
2026-02-10T03:52:56.962148,0.7984613765898565,Stressed
2026-02-10T03:52:57.181913,0.13841816736427826,Distracted
2026-02-10T03:52:57.383813,0.16434770250827324,Focused
2026-02-10T03:52:57.638199,0.13882888555232753,Focused
2026-02-10T03:52:57.824320,0.819874998557212,Stressed
2026-02-10T03:52:58.024467,0.16275521717983316,Focused
2026-02-10T03:52:58.222903,0.17154348610697254,Focused
2026-02-10T03:52:58.435258,0.16135839957945705,Focused
2026-02-10T03:52:58.695292,0.17119868101089408,Focused
2026-02-10T03:52:58.884853,0.17538568713471148,Focused
2026-02-10T03:52:59.073538,0.17520477944146734,Focused
2026-02-10T03:52:59.280168,0.17383479939354357,Focused
2026-02-10T03:52:59.519510,0.1708070856473055,Focused
2026-02-10T03:52:59.779586,0.8265369472744083,Stressed
2026-02-10T03:52:59.979603,0.1721139514473941,Focused
2026-02-10T03:53:00.193669,0.16448655250535105,Focused
2026-02-10T03:53:00.403488,0.1717815286235441,Focused
2026-02-10T03:53:00.625592,0.16910201634089772,Focused
2026-02-10T03:53:00.897488,0.17396140167438398,Focused
2026-02-10T03:53:01.113481,0.16236862360367987,Focused
2026-02-10T03:53:01.323071,0.18444744339846775,Focused
2026-02-10T03:53:01.532568,0.18089167021627328,Focused
2026-02-10T03:53:01.754276,0.19061605402569612,Focused
2026-02-10T03:53:02.016331,0.18951284679275876,Focused
2026-02-10T03:53:02.221307,0.18656447116591818,Focused
2026-02-10T03:53:02.428439,0.1916935589688549,Focused
2026-02-10T03:53:02.642702,0.16801429776256271,Focused
2026-02-10T03:53:02.860276,0.20244461415035336,Focused
2026-02-10T03:53:03.157130,0.192586398056324,Focused
2026-02-10T03:53:03.378252,0.2105347288423232,Focused
2026-02-10T03:53:03.587478,0.21536160623264822,Focused
2026-02-10T03:53:03.842227,0.1892738463485751,Focused
2026-02-10T03:53:04.175624,0.1944045368836794,Focused
2026-02-10T03:53:04.391210,0.20115799251351923,Focused
2026-02-10T03:53:04.612149,0.20355318067327832,Focused
2026-02-10T03:53:04.822734,0.20860848389278253,Focused
2026-02-10T03:53:05.017887,0.21065161959603185,Focused
2026-02-10T03:53:05.300366,0.20076716909514328,Focused
2026-02-10T03:53:05.505736,0.20988517638030518,Focused
2026-02-10T03:53:05.703464,0.2163891877296016,Focused
2026-02-10T03:53:05.917407,0.2539446174495947,Focused
2026-02-10T03:53:06.125439,0.2217903171595337,Focused
2026-02-10T03:53:06.384243,0.11591582787112073,Distracted
2026-02-10T03:53:06.610591,0.8169059446902509,Stressed
2026-02-10T03:53:06.824964,0.83317357989067,Stressed
2026-02-10T03:53:07.036631,0.8342173515816282,Stressed
2026-02-10T03:53:07.244626,0.22935252986883484,Focused
2026-02-10T03:53:07.526907,0.2296345173952318,Focused
2026-02-10T03:53:07.757175,0.869055208860715,Stressed
2026-02-10T03:53:07.972257,0.21784630484272402,Focused
2026-02-10T03:53:08.189519,0.8767084155275597,Stressed
2026-02-10T03:53:08.416914,0.20418513232850896,Focused
2026-02-10T03:53:08.655266,0.8821532650988672,Stressed
2026-02-10T03:53:08.879791,0.22674593336071436,Focused
2026-02-10T03:53:09.091255,0.24375921124594063,Focused
2026-02-10T03:53:09.300823,0.21429123973712422,Focused
2026-02-10T03:53:09.575497,0.2102847136544411,Focused
2026-02-10T03:53:09.790793,0.2193786580600906,Focused
2026-02-10T03:53:10.011194,0.19803711930692205,Focused
2026-02-10T03:53:10.226963,0.8212343518588463,Stressed
2026-02-10T03:53:10.439969,0.1530856437700543,Focused
2026-02-10T03:53:10.696892,0.8650317606293413,Stressed
2026-02-10T03:53:10.913393,0.17831935847926095,Distracted
2026-02-10T03:53:11.141239,0.24591700143881226,Focused
2026-02-10T03:53:11.371417,0.9151676325018853,Stressed
2026-02-10T03:53:11.580654,0.8842611127507509,Stressed
2026-02-10T03:53:11.870173,0.8966122648717406,Stressed
2026-02-10T03:53:12.091742,0.23795727984072462,Focused
2026-02-10T03:53:12.311891,0.8940681160656343,Stressed
2026-02-10T03:53:12.528900,0.8848523749968499,Stressed
2026-02-10T03:53:12.796898,0.8787860314229469,Stressed
2026-02-10T03:53:13.008007,0.24232721210262964,Focused
2026-02-10T03:53:13.219077,0.8667321985759644,Stressed
2026-02-10T03:53:13.435942,0.8640182370492484,Stressed
2026-02-10T03:53:13.656187,0.883631150183537,Stressed
2026-02-10T03:53:13.923818,0.8770821211147554,Stressed
2026-02-10T03:53:14.137656,0.8583804289023383,Stressed
2026-02-10T03:53:14.351661,0.19019344806596966,Focused
2026-02-10T03:53:14.560805,0.836623354060588,Stressed
2026-02-10T03:53:14.787874,0.1801980076699105,Focused
2026-02-10T03:53:15.080374,0.8373101594358675,Stressed
2026-02-10T03:53:15.338691,0.8183837288500514,Stressed
2026-02-10T03:53:15.566141,0.17088982623434254,Focused
2026-02-10T03:53:15.796744,0.8211812784565178,Stressed
2026-02-10T03:53:16.074784,0.1417696980923157,Distracted
2026-02-10T03:53:16.287459,0.8262788427471532,Stressed
2026-02-10T03:53:16.504495,0.17594679173443886,Focused
2026-02-10T03:53:16.720464,0.17366629044727014,Focused
2026-02-10T03:53:16.951124,0.1796799118470756,Focused
2026-02-10T03:53:17.249443,0.8221774497521471,Stressed
2026-02-10T03:53:17.464753,0.1598956161784201,Focused
2026-02-10T03:53:17.680179,0.8245828721747381,Stressed
2026-02-10T03:53:17.894864,0.16857661465819732,Focused
2026-02-10T03:53:18.110850,0.17272441490439233,Focused
2026-02-10T03:53:18.441892,0.17855052954505418,Focused
2026-02-10T03:53:18.650699,0.16955420657244177,Focused
2026-02-10T03:53:18.861690,0.17737709352986936,Focused
2026-02-10T03:53:19.073648,0.15957607003250726,Focused
2026-02-10T03:53:19.353263,0.1301870521125976,Distracted
2026-02-10T03:53:19.578384,0.8626162270465672,Stressed
2026-02-10T03:53:19.766514,0.2629321826453765,Focused
2026-02-10T03:53:19.956071,0.25056315008140484,Focused
2026-02-10T03:53:20.150563,0.26486387497223024,Focused
2026-02-10T03:53:20.400001,0.9152742887801698,Stressed
2026-02-10T03:53:20.610378,0.8835888436727962,Stressed
2026-02-10T03:53:20.803294,0.8994946028758607,Stressed
2026-02-10T03:53:20.987216,0.9112339254744524,Stressed
2026-02-10T03:53:21.165282,0.8952063491267938,Stressed
2026-02-10T03:53:21.345116,0.9027000042557837,Stressed
2026-02-10T03:53:21.617410,0.9063573810433125,Stressed
2026-02-10T03:53:21.839549,0.8930000273881636,Stressed
2026-02-10T03:53:22.070533,0.8960367402721195,Stressed
2026-02-10T03:53:22.281862,0.8962200481878037,Stressed
2026-02-10T03:53:22.546670,0.9047086984694811,Stressed
2026-02-10T03:53:22.769000,0.905680494116491,Stressed
2026-02-10T03:53:22.989610,0.2514961791452629,Focused
2026-02-10T03:53:23.205446,0.913649986948389,Stressed
2026-02-10T03:53:23.413428,0.8997106868197944,Stressed
2026-02-10T03:53:23.693512,0.8963745547600623,Stressed
2026-02-10T03:53:23.903585,0.914067520101019,Stressed
2026-02-10T03:53:24.124279,0.9050246862323006,Stressed
2026-02-10T03:53:24.340460,0.9065006783418724,Stressed
2026-02-10T03:53:24.556936,0.890878278099297,Stressed
2026-02-10T03:53:24.848560,0.25154200408188315,Focused
2026-02-10T03:53:25.064764,0.8906026764460069,Stressed
2026-02-10T03:53:25.283936,0.9022527695805677,Stressed
2026-02-10T03:53:25.490550,0.8852644460068868,Stressed
2026-02-10T03:53:25.705091,0.8883155284184135,Stressed
2026-02-10T03:53:25.978619,0.8864271568573592,Stressed
2026-02-10T03:53:26.173017,0.8799430390506305,Stressed
2026-02-10T03:53:26.383822,0.268235657746674,Focused
2026-02-10T03:53:26.594074,0.9094756106309525,Stressed
2026-02-10T03:53:26.797718,0.8774058740222979,Stressed
2026-02-10T03:53:27.058084,0.8790550257908274,Stressed
2026-02-10T03:53:27.260665,0.9007192469451978,Stressed
2026-02-10T03:53:27.470034,0.9067230148751454,Stressed
2026-02-10T03:53:27.696184,0.8905854621255743,Stressed
2026-02-10T03:53:27.899536,0.8885685450677405,Stressed
2026-02-10T03:53:28.151862,0.891931042835577,Stressed
2026-02-10T03:53:28.352554,0.8715353849086979,Stressed
2026-02-10T03:53:28.556283,0.8983830267165116,Stressed
2026-02-10T03:53:28.792858,0.8815805980635361,Stressed
2026-02-10T03:53:29.064465,0.875631606007826,Stressed
2026-02-10T03:53:29.279918,0.8722345986532467,Stressed
2026-02-10T03:53:29.497723,0.87949664557071,Stressed
2026-02-10T03:53:29.716064,0.8925058363896805,Stressed
2026-02-10T03:53:29.939477,0.8745198000025413,Stressed
2026-02-10T03:53:30.198274,0.8770531920157043,Stressed
2026-02-10T03:53:30.415967,0.8814835568908521,Stressed
2026-02-10T03:53:30.631434,0.8898171477098732,Stressed
2026-02-10T03:53:30.843521,0.8726305186521384,Stressed
2026-02-10T03:53:31.067372,0.88948657845648,Stressed
2026-02-10T03:53:31.350114,0.8681964161348938,Stressed
2026-02-10T03:53:31.562894,0.8957235183440392,Stressed
2026-02-10T03:53:31.772848,0.8645726738369471,Stressed
2026-02-10T03:53:31.987393,0.21373272657029124,Focused
2026-02-10T03:53:32.259091,0.23648896849045836,Focused
2026-02-10T03:53:32.492751,0.24955498510565388,Focused
2026-02-10T03:53:32.707901,0.9082072153442065,Stressed
2026-02-10T03:53:32.920834,0.27913983620058297,Focused
2026-02-10T03:53:33.136413,0.2733271605165096,Focused
2026-02-10T03:53:33.426069,0.23178814910512283,Focused
2026-02-10T03:53:33.640183,0.8828526278618853,Stressed
2026-02-10T03:53:33.856600,0.8688472975547216,Stressed
2026-02-10T03:53:34.072816,0.17947303530561698,Focused
2026-02-10T03:53:34.284056,0.18769141070214965,Focused
2026-02-10T03:53:34.556334,0.8464560157432794,Stressed
2026-02-10T03:53:34.777404,0.18948635788280166,Focused
2026-02-10T03:53:34.994420,0.17740893651190714,Focused
2026-02-10T03:53:35.206378,0.8064583254480242,Stressed
2026-02-10T03:53:35.416489,0.8213126045340903,Stressed
2026-02-10T03:53:35.715210,0.8109069959504259,Stressed
2026-02-10T03:53:35.935324,0.8190770320559236,Stressed
2026-02-10T03:53:36.151937,0.10722706293544133,Distracted
2026-02-10T03:53:36.360928,0.10989504970928209,Distracted
2026-02-10T03:53:36.577823,0.8231953429710694,Stressed
2026-02-10T03:53:36.861304,0.13463857182736733,Distracted
2026-02-10T03:53:37.097801,0.1175455118234549,Distracted
2026-02-10T03:53:37.316086,0.8245755284586143,Stressed
2026-02-10T03:53:37.537341,0.13625400455457018,Distracted
2026-02-10T03:53:37.813373,0.13192762453898754,Distracted
2026-02-10T03:53:38.042262,0.13749583594646994,Distracted
2026-02-10T03:53:38.269286,0.8465455038980465,Stressed
2026-02-10T03:53:38.483756,0.13041281412918496,Distracted
2026-02-10T03:53:38.697367,0.17186234428093589,Focused
2026-02-10T03:53:38.992612,0.12951498108327356,Distracted
2026-02-10T03:53:39.259640,0.8560900711884915,Stressed
2026-02-10T03:53:39.472492,0.18706411794472833,Focused
2026-02-10T03:53:39.688138,0.14023172683125393,Distracted
2026-02-10T03:53:39.970379,0.23753927346783824,Focused
2026-02-10T03:53:40.191196,0.12322453475060727,Distracted
2026-02-10T03:53:40.416315,0.1320490492454765,Distracted
2026-02-10T03:53:40.639714,0.8325137585059923,Stressed
2026-02-10T03:53:40.852291,0.8361164851093797,Stressed
2026-02-10T03:53:41.146734,0.13570178012725492,Distracted
2026-02-10T03:53:41.373194,0.13547517863250452,Distracted
2026-02-10T03:53:41.601191,0.133384111803135,Distracted
2026-02-10T03:53:41.813884,0.16574516106898218,Focused
2026-02-10T03:53:42.019389,0.12692654222283056,Distracted
2026-02-10T03:53:42.312724,0.13521034761376097,Distracted
2026-02-10T03:53:42.524951,0.12812971754682015,Distracted
2026-02-10T03:53:42.742532,0.1700222855734084,Focused
2026-02-10T03:53:42.945315,0.4142293939700106,Focused
2026-02-10T03:53:43.147659,0.8218140864927905,Stressed
2026-02-10T03:53:43.401417,0.8194359887131499,Stressed
2026-02-10T03:53:43.587938,0.8223759778862396,Stressed
2026-02-10T03:53:43.803091,0.16350663696430037,Focused
2026-02-10T03:53:44.026176,0.16329247366647281,Focused
2026-02-10T03:53:44.275881,0.12760966411473396,Distracted
2026-02-10T03:53:44.510735,0.12348252775271437,Distracted
2026-02-10T03:53:44.722457,0.15575285442300338,Distracted
2026-02-10T03:53:44.936355,0.16513375556208132,Focused
2026-02-10T03:53:45.165435,0.11691231033834681,Distracted
2026-02-10T03:53:45.454405,0.1608444343323994,Focused
2026-02-10T03:53:45.662812,0.1776635969245095,Focused
2026-02-10T03:53:45.893058,0.16203528561080915,Focused
2026-02-10T03:53:46.153089,0.15403372926484252,Focused
2026-02-10T03:53:46.376512,0.8129411982765304,Stressed
2026-02-10T03:53:46.701187,0.8011765253308867,Stressed
2026-02-10T03:53:46.919169,0.796562365481083,Stressed
2026-02-10T03:53:47.146239,0.16102324441723137,Focused
2026-02-10T03:53:47.370566,0.8190863019745479,Stressed
2026-02-10T03:53:47.666728,0.8186333878766623,Stressed
2026-02-10T03:53:47.877942,0.12665236009181055,Distracted
2026-02-10T03:53:48.087042,0.805470371381598,Stressed
2026-02-10T03:53:48.299350,0.8069326887426722,Stressed
2026-02-10T03:53:48.522385,0.8256468878196856,Stressed
2026-02-10T03:53:48.808553,0.14310784867949475,Distracted
2026-02-10T03:53:49.017261,0.12109461664469959,Distracted
2026-02-10T03:53:49.227145,0.10917833821070538,Distracted
2026-02-10T03:53:49.440476,0.14942721390585384,Focused
2026-02-10T03:53:49.663310,0.8030647818536334,Stressed
2026-02-10T04:10:35.806001,0.8249559632061113,Stressed
2026-02-10T04:10:36.122381,0.11087415830991029,Distracted
2026-02-10T04:10:36.388901,0.1480182693656678,Focused
2026-02-10T04:10:36.597713,0.8102615327457727,Stressed
2026-02-10T04:10:36.805107,0.7807046601625147,Stressed
2026-02-10T04:10:37.048090,0.7946001376390679,Stressed
2026-02-10T04:10:37.267288,0.8072898974901613,Stressed
2026-02-10T04:10:37.523479,0.8180114286656117,Stressed
2026-02-10T04:10:37.891841,0.8254534586713163,Stressed
2026-02-10T04:10:38.159407,0.8327779886396713,Stressed
2026-02-10T04:10:38.288028,0.0,Focused
2026-02-10T04:10:38.517300,0.11276080836065304,Distracted
2026-02-10T04:10:38.783308,0.11582540061758058,Distracted
2026-02-10T04:10:38.994445,0.1035994200859741,Distracted
2026-02-10T04:10:39.239734,0.795648962904052,Stressed
2026-02-10T04:10:39.450419,0.14351732758271973,Focused
2026-02-10T04:10:39.667719,0.15366747627518176,Focused
2026-02-10T04:10:39.905629,0.1218351891277895,Distracted
2026-02-10T04:10:40.123075,0.12064325893696062,Distracted
2026-02-10T04:10:40.391084,0.10679575059869728,Distracted
2026-02-10T04:10:40.613057,0.12157338230866253,Distracted
2026-02-10T04:10:40.817436,0.11736089632182216,Distracted
2026-02-10T04:10:41.047526,0.14048248604039118,Distracted
2026-02-10T04:10:41.258434,0.10795431498264801,Distracted
2026-02-10T04:10:41.513815,0.13711212304329015,Distracted
2026-02-10T04:10:41.730746,0.17700102047103808,Focused
2026-02-10T04:10:41.946456,0.8220440866304973,Stressed
2026-02-10T04:10:42.179891,0.8003411258254048,Stressed
2026-02-10T04:10:42.416939,0.8202212066716443,Stressed
2026-02-10T04:10:42.634679,0.8183960530255294,Stressed
2026-02-10T04:10:42.878174,0.8113745315177603,Stressed
2026-02-10T04:10:43.077464,0.12500599377989824,Distracted
2026-02-10T04:10:43.303407,0.8251097931553253,Stressed
2026-02-10T04:10:43.572633,0.8130199987438789,Stressed
2026-02-10T04:10:43.785611,0.8148518329540879,Stressed
2026-02-10T04:10:44.002220,0.8011516456131972,Stressed
2026-02-10T04:10:44.207809,0.3495569993165831,Distracted
2026-02-10T04:10:44.413099,0.10607865456965598,Distracted
2026-02-10T04:10:44.693560,0.12742231244179458,Distracted
2026-02-10T04:10:44.871142,0.787007479938054,Stressed
2026-02-10T04:10:45.062724,0.7276391559764338,Stressed
2026-02-10T04:10:45.251528,0.7205616867650062,Stressed
2026-02-10T04:10:45.445775,0.7446064203829953,Stressed
2026-02-10T04:10:45.724431,0.7338183433660483,Stressed
2026-02-10T04:10:45.902140,0.05207048096760454,Distracted
2026-02-10T04:10:46.095608,0.05339458361025946,Distracted
2026-02-10T04:10:46.284788,0.03579881271368979,Distracted
2026-02-10T04:10:46.485919,0.0478777233516737,Distracted
2026-02-10T04:10:46.725391,0.730572016739843,Stressed
2026-02-10T04:10:46.959015,0.7481422281419816,Stressed
2026-02-10T04:10:47.163396,0.06448765921920149,Distracted
2026-02-10T04:10:47.366252,0.0981501760279578,Distracted
2026-02-10T04:10:47.573290,0.7980433133705817,Stressed
2026-02-10T04:10:47.850953,0.8053973767310788,Stressed
2026-02-10T04:10:48.080395,0.1172797240068002,Distracted
2026-02-10T04:10:48.288895,0.12795362812374472,Distracted
2026-02-10T04:10:48.487081,0.7970956337085672,Stressed
2026-02-10T04:10:48.688026,0.11092333306603348,Distracted
2026-02-10T04:10:48.963726,0.7986304561698183,Stressed
2026-02-10T04:10:49.199620,0.804644911788755,Stressed
2026-02-10T04:10:49.410943,0.11011691012261289,Distracted
2026-02-10T04:10:49.612230,0.11444450714358191,Distracted
2026-02-10T04:10:49.845987,0.8075475011448363,Stressed
2026-02-10T04:10:50.079526,0.11001896817925437,Distracted
2026-02-10T04:10:50.288845,0.12041021796197901,Distracted
2026-02-10T04:10:50.508644,0.8174507615532214,Stressed
2026-02-10T04:10:50.706790,0.7788367261103196,Stressed
2026-02-10T04:10:50.963233,0.7368192015285071,Stressed
2026-02-10T04:10:51.168144,0.7881399986633838,Stressed
2026-02-10T04:10:51.376729,0.7780519676349179,Stressed
2026-02-10T04:10:51.614007,0.823746736172583,Stressed
2026-02-10T04:10:51.825667,0.8332260336541644,Stressed
2026-02-10T04:10:52.078486,0.13407858715311036,Distracted
2026-02-10T04:10:52.304070,0.13700143370700973,Distracted
2026-02-10T04:10:52.522545,0.8343332008419696,Stressed
2026-02-10T04:10:52.752096,0.1468377078723686,Distracted
2026-02-10T04:10:52.995051,0.8245789767032649,Stressed
2026-02-10T04:10:53.279525,0.819849479789499,Stressed
2026-02-10T04:10:53.489357,0.8096084682710497,Stressed
2026-02-10T04:10:53.697108,0.8118943038829572,Stressed
2026-02-10T04:10:53.921066,0.8189298893477298,Stressed
2026-02-10T04:10:54.129358,0.8060767454132182,Stressed
2026-02-10T04:10:54.425441,0.14125015271844835,Distracted
2026-02-10T04:10:54.627488,0.1322678445589455,Distracted
2026-02-10T04:10:54.824501,0.12408350199235661,Distracted
2026-02-10T04:10:55.040226,0.12033687259141701,Distracted
2026-02-10T04:10:55.245248,0.12524759651997983,Distracted
2026-02-10T04:10:55.535183,0.12831437691215145,Distracted
2026-02-10T04:10:55.754222,0.1281355505841858,Distracted
2026-02-10T04:10:55.959486,0.12139461156340683,Distracted
2026-02-10T04:10:56.172443,0.11990768039838183,Distracted
2026-02-10T04:10:56.458025,0.12469530063419626,Distracted
2026-02-10T04:10:56.657982,0.13119873537560456,Distracted
2026-02-10T04:10:56.858626,0.8110174870279273,Stressed
2026-02-10T04:10:57.055162,0.13116140258179598,Distracted
2026-02-10T04:10:57.271192,0.12489446290788035,Distracted
2026-02-10T04:10:57.568538,0.11775941144750014,Distracted
2026-02-10T04:10:57.791021,0.8057252872723913,Stressed
2026-02-10T04:10:57.978892,0.8119179618398835,Stressed
2026-02-10T04:10:58.179801,0.12642771285643278,Distracted
2026-02-10T04:10:58.381599,0.1400428422934511,Distracted
2026-02-10T04:10:58.685595,0.12683221655295462,Distracted
2026-02-10T04:10:58.885511,0.8324670951812481,Stressed
2026-02-10T04:10:59.084655,0.795694102672735,Stressed
2026-02-10T04:10:59.285629,0.8308439712763125,Stressed
2026-02-10T04:10:59.492340,0.8066586714432974,Stressed
2026-02-10T04:10:59.814898,0.8096516970898184,Stressed
2026-02-10T04:11:00.021664,0.8102073934589913,Stressed
2026-02-10T04:11:00.220872,0.753710228218398,Stressed
2026-02-10T04:11:00.424011,0.125495539000166,Distracted
2026-02-10T04:11:00.626596,0.11727549100732751,Distracted
2026-02-10T04:11:00.938071,0.8231124453356758,Stressed
2026-02-10T04:11:01.139613,0.8166566333420948,Stressed
2026-02-10T04:11:01.353011,0.8220459192753363,Stressed
2026-02-10T04:11:01.557871,0.1187889687073044,Distracted
2026-02-10T04:11:01.772907,0.11983262891117695,Distracted
2026-02-10T04:11:02.105355,0.1346678207182826,Distracted
2026-02-10T04:11:02.311384,0.8220291043952063,Stressed
2026-02-10T04:11:02.516708,0.11754248362463335,Distracted
2026-02-10T04:11:02.725585,0.1705941736529496,Distracted
2026-02-10T04:11:02.947410,0.8117856458339204,Stressed
2026-02-10T04:11:03.254161,0.8123537759227383,Stressed
2026-02-10T04:11:03.460869,0.8148156920506313,Stressed
2026-02-10T04:11:03.670805,0.12141324178691773,Distracted
2026-02-10T04:11:03.882099,0.8070813617986212,Stressed
2026-02-10T04:11:04.162460,0.8176547111719252,Stressed
2026-02-10T04:11:04.389107,0.12335720304515992,Distracted
2026-02-10T04:11:04.606006,0.8178074809306904,Stressed
2026-02-10T04:11:04.813464,0.8135996367874024,Stressed
2026-02-10T04:11:05.020514,0.8088410425908914,Stressed
2026-02-10T04:11:05.295604,0.8201084995859518,Stressed
2026-02-10T04:11:05.516372,0.128095928189658,Distracted
2026-02-10T04:11:05.733452,0.15921590547359982,Distracted
2026-02-10T04:11:05.949279,0.17480420768408236,Distracted
2026-02-10T04:11:06.210691,0.16253254735355252,Distracted
2026-02-10T04:11:06.503414,0.14774104625691672,Distracted
2026-02-10T04:11:06.723282,0.1691200481191958,Distracted
2026-02-10T04:11:06.925930,0.1596342174991971,Distracted
2026-02-10T04:11:07.137625,0.1549650771099848,Distracted
2026-02-10T04:11:07.352302,0.15771348630982496,Distracted
2026-02-10T04:11:07.669874,0.15656891634015177,Distracted
2026-02-10T04:11:07.895027,0.14617910632307943,Distracted
2026-02-10T04:11:08.109391,0.8195731567835058,Stressed
2026-02-10T04:11:08.314328,0.803086932735907,Stressed
2026-02-10T04:11:08.582108,0.8121313202193757,Stressed
2026-02-10T04:11:08.786534,0.8244855818400358,Stressed
2026-02-10T04:11:09.005872,0.12520161578073088,Distracted
2026-02-10T04:11:09.224832,0.1267968521899485,Distracted
2026-02-10T04:11:09.444656,0.12395247121074691,Distracted
2026-02-10T04:11:09.728839,0.12718566075889007,Distracted
2026-02-10T04:11:09.943814,0.1309191185256588,Distracted
2026-02-10T04:11:10.201719,0.13637575225402973,Distracted
2026-02-10T04:11:10.408726,0.1300328233981557,Distracted
2026-02-10T04:11:10.604590,0.12946203146924076,Distracted
2026-02-10T04:11:10.882627,0.1275325986444644,Distracted
2026-02-10T04:11:11.084360,0.11540540857252976,Distracted
2026-02-10T04:11:11.306393,0.12537762367316468,Distracted
2026-02-10T04:11:11.522367,0.1217368885703715,Distracted
2026-02-10T04:11:11.791830,0.8113710376949478,Stressed
2026-02-10T04:11:12.002441,0.1187089791479807,Distracted
2026-02-10T04:11:12.221776,0.8150288758857976,Stressed
2026-02-10T04:11:12.439929,0.12364481751365396,Distracted
2026-02-10T04:11:12.656454,0.12330311938049943,Distracted
2026-02-10T04:11:12.928159,0.8123451428090586,Stressed
2026-02-10T04:11:13.108931,0.11992690929630791,Distracted
2026-02-10T04:11:13.295945,0.14104532173448586,Distracted
2026-02-10T04:11:13.485696,0.8342347697890954,Stressed
2026-02-10T04:11:13.697147,0.8287982387769117,Stressed
2026-02-10T04:11:13.881575,0.11559869801664635,Distracted
2026-02-10T04:11:14.125771,0.12193048526339018,Distracted
2026-02-10T04:11:14.305227,0.11813548568938433,Distracted
2026-02-10T04:11:14.489664,0.12712310188529305,Distracted
2026-02-10T04:11:14.668439,0.11930727642146752,Distracted
2026-02-10T04:11:14.876046,0.12546308481980872,Distracted
2026-02-10T04:11:15.109778,0.12705329906715998,Distracted
2026-02-10T04:11:15.305489,0.11820160688120057,Distracted
2026-02-10T04:11:15.505724,0.12315312184846346,Distracted
2026-02-10T04:11:15.687732,0.12466722446262492,Distracted
2026-02-10T04:11:15.862747,0.8219672773154879,Stressed
2026-02-10T04:11:16.125659,0.844511120325716,Stressed
2026-02-10T04:11:16.315754,0.8524831479741296,Stressed
2026-02-10T04:11:16.497069,0.863321908783608,Stressed
2026-02-10T04:11:16.676919,0.8759938575150489,Stressed
2026-02-10T04:11:16.847921,0.8775760248567614,Stressed
2026-02-10T04:11:17.032210,0.8603355961197231,Stressed
2026-02-10T04:11:17.308274,0.1664260085489471,Distracted
2026-02-10T04:11:17.506110,0.8686870265134503,Stressed
2026-02-10T04:11:17.681843,0.8579995485942247,Stressed
2026-02-10T04:11:17.848894,0.17455554221180683,Distracted
2026-02-10T04:11:18.018064,0.15018756647421014,Distracted
2026-02-10T04:11:18.207778,0.15020087159858514,Distracted
2026-02-10T04:11:18.511734,0.14914588805373402,Distracted
2026-02-10T04:11:18.684698,0.16184187890140508,Distracted
2026-02-10T04:11:18.852317,0.8803203154328759,Stressed
2026-02-10T04:11:19.037560,0.8782407102392401,Stressed
2026-02-10T04:11:19.239417,0.8737731756106277,Stressed
2026-02-10T04:11:19.526057,0.1847771832525403,Distracted
2026-02-10T04:11:19.739380,0.14808205672725688,Distracted
2026-02-10T04:11:19.945212,0.8574601287920391,Stressed
2026-02-10T04:11:20.152296,0.8478734557177143,Stressed
2026-02-10T04:11:20.356418,0.8637228770982872,Stressed
2026-02-10T04:11:20.662090,0.8605335329490106,Stressed
2026-02-10T04:11:20.872922,0.881312327097749,Stressed
2026-02-10T04:11:21.097186,0.8649086638286273,Stressed
2026-02-10T04:11:21.302987,0.8509326557258047,Stressed
2026-02-10T04:11:21.511833,0.8559973434931379,Stressed
2026-02-10T04:11:21.845470,0.8514728596598824,Stressed
2026-02-10T04:11:22.056868,0.8521758465540621,Stressed
2026-02-10T04:11:22.256607,0.8486637173994461,Stressed
2026-02-10T04:11:22.489968,0.8322021265065166,Stressed
2026-02-10T04:11:22.789566,0.8228998813628485,Stressed
2026-02-10T04:11:23.006427,0.8536724460251586,Stressed
2026-02-10T04:11:23.203898,0.14528064354773776,Distracted
2026-02-10T04:11:23.408665,0.8414486197000671,Stressed
2026-02-10T04:11:23.616837,0.1358918259722919,Distracted
2026-02-10T04:11:23.906321,0.1308175558704844,Distracted
2026-02-10T04:11:24.121662,0.13096347326809504,Distracted
2026-02-10T04:11:24.335298,0.11119261291830915,Distracted
2026-02-10T04:11:24.539278,0.11912086523782191,Distracted
2026-02-10T04:11:24.761777,0.12136085825507545,Distracted
2026-02-10T04:11:25.066108,0.12088407945228312,Distracted
2026-02-10T04:11:25.281679,0.1183897529164201,Distracted
2026-02-10T04:11:25.499823,0.12238827532750769,Distracted
2026-02-10T04:11:25.708007,0.11446939287458535,Distracted
2026-02-10T04:11:25.918903,0.11835118815503665,Distracted
2026-02-10T04:11:26.224033,0.12203847388814601,Distracted
2026-02-10T04:11:26.433982,0.12952386618254427,Distracted
2026-02-10T04:11:26.638661,0.12207674420602756,Distracted
2026-02-10T04:11:26.844269,0.13241441721264288,Distracted
2026-02-10T04:11:27.047331,0.12374760760564577,Distracted
2026-02-10T04:11:27.337098,0.13291513267068536,Distracted
2026-02-10T04:11:27.555384,0.13184281252571659,Distracted
2026-02-10T04:11:27.773860,0.11880535260468829,Distracted
2026-02-10T04:11:27.984362,0.8175464558247159,Stressed
2026-02-10T04:11:28.270938,0.11969835880939583,Distracted
2026-02-10T04:11:28.476739,0.11384071045547933,Distracted
2026-02-10T04:11:28.694399,0.11981757681736126,Distracted
2026-02-10T04:11:28.922755,0.12650416655550611,Distracted
2026-02-10T04:11:29.132229,0.10873933735244636,Distracted
2026-02-10T04:11:29.408332,0.12934487736036368,Distracted
2026-02-10T04:11:29.618863,0.1236650209848862,Distracted
2026-02-10T04:11:29.833695,0.8113390544167787,Stressed
2026-02-10T04:11:30.062914,0.8132647583961146,Stressed
2026-02-10T04:11:30.277591,0.11773117092902143,Distracted
2026-02-10T04:11:30.582789,0.11655903170987152,Distracted
2026-02-10T04:11:30.793539,0.812029773234768,Stressed
2026-02-10T04:11:31.010040,0.1243038964510919,Distracted
2026-02-10T04:11:31.231130,0.13693051831712308,Distracted
2026-02-10T04:11:31.431499,0.12654005712633606,Distracted
2026-02-10T04:11:31.729545,0.11841972756512358,Distracted
2026-02-10T04:11:31.941076,0.13177263549813328,Distracted
2026-02-10T04:11:32.159118,0.13996885179784996,Distracted
2026-02-10T04:11:32.387020,0.8120343585281767,Stressed
2026-02-10T04:11:32.657165,0.8130439335203308,Stressed
2026-02-10T04:11:32.852381,0.13079716538532418,Distracted
2026-02-10T04:11:33.065143,0.13421176900354984,Distracted
2026-02-10T04:11:33.260862,0.13273938468836285,Distracted
2026-02-10T04:11:33.490737,0.8228671977503923,Stressed
2026-02-10T04:11:33.769591,0.12411569902975061,Distracted
2026-02-10T04:11:33.977225,0.8060337085466935,Stressed
2026-02-10T04:11:34.188020,0.12335395147124584,Distracted
2026-02-10T04:11:34.392942,0.1317293835679888,Distracted
2026-02-10T04:11:34.613944,0.139123216878428,Distracted
2026-02-10T04:11:34.879238,0.12826212553246813,Distracted
2026-02-10T04:11:35.074270,0.13260490976200343,Distracted
2026-02-10T04:11:35.279733,0.11665734378984123,Distracted
2026-02-10T04:11:35.496495,0.7846030574056009,Stressed
2026-02-10T04:11:35.724552,0.13276312056124406,Distracted
2026-02-10T04:11:35.990284,0.12568840668658363,Distracted
2026-02-10T04:11:36.200261,0.8264691453384015,Stressed
2026-02-10T04:11:36.400550,0.12287390123186889,Distracted
2026-02-10T04:11:36.611035,0.12603763210227747,Distracted
2026-02-10T04:11:36.834071,0.8220821030481147,Stressed
2026-02-10T04:11:37.125868,0.8048653383274096,Stressed
2026-02-10T04:11:37.335357,0.12264115806543424,Distracted
2026-02-10T04:11:37.546942,0.13887654546059475,Distracted
2026-02-10T04:11:37.767034,0.8412029654788974,Stressed
2026-02-10T04:11:37.999986,0.14356327541787067,Distracted
2026-02-10T04:11:38.310893,0.8323736115613065,Stressed
2026-02-10T04:11:38.520023,0.14811303902848763,Distracted
2026-02-10T04:11:38.739111,0.1549741568590081,Distracted
2026-02-10T04:11:38.946934,0.84319287690561,Stressed
2026-02-10T04:11:39.230577,0.15386235135955256,Distracted
2026-02-10T04:11:39.450875,0.14675382197990636,Distracted
2026-02-10T04:11:39.659272,0.860942272460816,Stressed
2026-02-10T04:11:39.866127,0.1636635626788067,Distracted
2026-02-10T04:11:40.074880,0.8518486912900639,Stressed
2026-02-10T04:11:40.344416,0.8449532154639846,Stressed
2026-02-10T04:11:40.562349,0.8340518247825924,Stressed
2026-02-10T04:11:40.765891,0.1455760930587784,Distracted
2026-02-10T04:11:40.965970,0.8475627357647302,Stressed
2026-02-10T04:11:41.173330,0.8442451366313573,Stressed
2026-02-10T04:11:41.432124,0.8683560825928306,Stressed
2026-02-10T04:11:41.669121,0.8457466342675899,Stressed
2026-02-10T04:11:41.878689,0.13633820922227902,Distracted
2026-02-10T04:11:42.094655,0.12944241041556975,Distracted
2026-02-10T04:11:42.295140,0.8286852919167184,Stressed
2026-02-10T04:11:42.578915,0.12551623886579777,Distracted
2026-02-10T04:11:42.801548,0.1259469678464417,Distracted
2026-02-10T04:11:43.006124,0.14218647669716417,Distracted
2026-02-10T04:11:43.208492,0.8306070237668712,Stressed
2026-02-10T04:11:43.407988,0.13574556707487073,Distracted
2026-02-10T04:11:43.710124,0.8149079747472898,Stressed
2026-02-10T04:11:43.929268,0.1246059893160893,Distracted
2026-02-10T04:11:44.145458,0.12239743904584063,Distracted
2026-02-10T04:11:44.348461,0.1255418213614685,Distracted
2026-02-10T04:11:44.546219,0.813244656348803,Stressed
2026-02-10T04:11:44.840464,0.12498479130657415,Distracted
2026-02-10T04:11:45.051914,0.8096709030175027,Stressed
2026-02-10T04:11:45.245859,0.801156487167152,Stressed
2026-02-10T04:11:45.444774,0.842501418768645,Stressed
2026-02-10T04:11:45.656664,0.1326874582719651,Focused
2026-02-10T04:11:45.950385,0.10064346603607248,Distracted
2026-02-10T04:11:46.137970,0.09745207024897504,Distracted
2026-02-10T04:11:46.354356,0.8055712160943092,Stressed
2026-02-10T04:11:46.530357,0.14401485825171803,Distracted
2026-02-10T04:11:46.703633,0.1249778729140467,Distracted
2026-02-10T04:11:46.981783,0.1360312428795146,Distracted
2026-02-10T04:11:47.160862,0.1710592804099379,Focused
2026-02-10T04:11:47.361318,0.16765391452264572,Focused
2026-02-10T04:11:47.552165,0.16196483330205813,Focused
2026-02-10T04:11:47.727964,0.1753393691855763,Focused
2026-02-10T04:11:47.982689,0.20015868861619757,Focused
2026-02-10T04:11:48.159376,0.1855282483598702,Focused
2026-02-10T04:11:48.334055,0.18637522003765047,Focused
2026-02-10T04:11:48.528714,0.1752183381507969,Focused
2026-02-10T04:11:48.704489,0.17785858954438294,Focused
2026-02-10T04:11:48.873939,0.18981739653530286,Focused
2026-02-10T04:11:49.134175,0.18579133325457622,Focused
2026-02-10T04:11:49.345707,0.1421898218464471,Distracted
2026-02-10T04:11:49.561779,0.18007147660713246,Focused
2026-02-10T04:11:49.787139,0.16722982703084632,Focused
2026-02-10T04:11:50.001592,0.18213456768635372,Focused
2026-02-10T04:11:50.301318,0.19067375727654853,Focused
2026-02-10T04:11:50.508518,0.17110126642817505,Focused
2026-02-10T04:11:50.748687,0.17375908980058585,Focused
2026-02-10T04:11:50.966364,0.18047460826332992,Focused
2026-02-10T04:11:51.230523,0.16975424663481417,Focused
2026-02-10T04:11:51.450865,0.19663623246898157,Focused
2026-02-10T04:11:51.677253,0.17760347795474055,Focused
2026-02-10T04:11:51.901364,0.18314851330897072,Focused
2026-02-10T04:11:52.127297,0.1699387004716927,Focused
2026-02-10T04:11:52.391424,0.813646234104738,Stressed
2026-02-10T04:11:52.606133,0.16735190452582874,Focused
2026-02-10T04:11:52.805894,0.19690235854589358,Focused
2026-02-10T04:11:53.011679,0.17801561188923626,Focused
2026-02-10T04:11:53.246239,0.17086839363434056,Focused
2026-02-10T04:11:53.542492,0.18042614602932266,Focused
2026-02-10T04:11:53.752530,0.17422112570758352,Focused
2026-02-10T04:11:53.963247,0.1652792823879109,Focused
2026-02-10T04:11:54.170916,0.17639584369592312,Focused
2026-02-10T04:11:54.406209,0.18009837667751727,Focused
2026-02-10T04:11:54.687905,0.17404382390797152,Focused
2026-02-10T04:11:54.900166,0.16290331322072232,Focused
2026-02-10T04:11:55.108285,0.17622325425812457,Focused
2026-02-10T04:11:55.325482,0.20157830162661877,Focused
2026-02-10T04:11:55.672905,0.18814119339542532,Focused
2026-02-10T04:11:55.883084,0.16442354802136291,Focused
2026-02-10T04:11:56.088334,0.15378851105509297,Focused
2026-02-10T04:11:56.301709,0.1692190667228168,Focused
2026-02-10T04:11:56.508741,0.1608241488273507,Focused
2026-02-10T04:11:56.850717,0.17680806747428376,Focused
2026-02-10T04:11:57.051973,0.17509912412611295,Focused
2026-02-10T04:11:57.261410,0.1781947213931884,Focused
2026-02-10T04:11:57.490922,0.16772652546459435,Focused
2026-02-10T04:11:57.710235,0.16607153471712052,Focused
2026-02-10T04:11:57.972896,0.16920416523947013,Focused
2026-02-10T04:11:58.186117,0.17229967549913117,Focused
2026-02-10T04:11:58.401078,0.15986464814911303,Focused
2026-02-10T04:11:58.621870,0.16809875107862826,Focused
2026-02-10T04:11:58.883647,0.16997107432987144,Focused
2026-02-10T04:11:59.108602,0.15320411328310998,Focused
2026-02-10T04:11:59.321176,0.12153434733064133,Distracted
2026-02-10T04:11:59.542776,0.8453890048829394,Stressed
2026-02-10T04:11:59.759475,0.11605166120997551,Distracted
2026-02-10T04:12:00.034633,0.7892886594923223,Stressed
2026-02-10T04:12:00.259394,0.11355496061240992,Distracted
2026-02-10T04:12:00.476817,0.11960666949150461,Distracted
2026-02-10T04:12:00.686793,0.13508041796561335,Distracted
2026-02-10T04:12:00.941418,0.84594008062823,Stressed
2026-02-10T04:12:01.151308,0.1399389139709638,Distracted
2026-02-10T04:12:01.358976,0.1353073839351226,Distracted
2026-02-10T04:12:01.581563,0.8463816325713865,Stressed
2026-02-10T04:12:01.794636,0.1303263475586109,Distracted
2026-02-10T04:12:02.027882,0.8386988859574432,Stressed
2026-02-10T04:12:02.208016,0.14115334007928712,Distracted
2026-02-10T04:12:02.379947,0.8326087728691037,Stressed
2026-02-10T04:12:02.568376,0.8506313250846514,Stressed
2026-02-10T04:12:02.770505,0.1470510580594051,Distracted
2026-02-10T04:12:02.954356,0.831948805471669,Stressed
2026-02-10T04:12:03.160536,0.8215168753802334,Stressed
2026-02-10T04:12:03.336792,0.1384142833939055,Distracted
2026-02-10T04:12:03.550138,0.836323463544589,Stressed
2026-02-10T04:12:03.777202,0.13774450183545464,Distracted
2026-02-10T04:12:03.990276,0.12850313518974732,Distracted
2026-02-10T04:12:04.231232,0.17826834376700726,Focused
2026-02-10T04:12:04.428590,0.1297718941795538,Distracted
2026-02-10T04:12:04.638901,0.1338452403300299,Distracted
2026-02-10T04:12:04.860099,0.17096245129361787,Focused
2026-02-10T04:12:05.081959,0.12937193667472882,Distracted
2026-02-10T04:12:05.382605,0.13227861279857364,Distracted
2026-02-10T04:12:05.586262,0.16877809833458182,Focused
2026-02-10T04:12:05.809169,0.1292607577172216,Distracted
2026-02-10T04:12:06.029861,0.16500478680811342,Focused
2026-02-10T04:12:06.273648,0.13308434649637876,Distracted
2026-02-10T04:12:06.471604,0.8248374879557998,Stressed
2026-02-10T04:12:06.672020,0.8325798490409394,Stressed
2026-02-10T04:12:06.921020,0.8194348673911566,Stressed
2026-02-10T04:12:07.135072,0.1751804319359251,Focused
2026-02-10T04:12:07.393067,0.821740709136889,Stressed
2026-02-10T04:12:07.614156,0.8236325276083644,Stressed
2026-02-10T04:12:07.835408,0.1879934806027643,Focused
2026-02-10T04:12:08.054894,0.17860866892620872,Focused
2026-02-10T04:12:08.274389,0.17735894733363025,Focused
2026-02-10T04:12:08.558693,0.18362019829596676,Focused
2026-02-10T04:12:08.768111,0.172259306375579,Focused
2026-02-10T04:12:08.967189,0.8264840147155483,Stressed
2026-02-10T04:12:09.174546,0.8281866997319319,Stressed
2026-02-10T04:12:09.372821,0.8366359226395851,Stressed
2026-02-10T04:12:09.647500,0.8656567924859788,Stressed
2026-02-10T04:12:09.861484,0.8706846330937064,Stressed
2026-02-10T04:12:10.083065,0.8836468600206218,Stressed
2026-02-10T04:12:10.298614,0.22487661434590783,Focused
2026-02-10T04:12:10.496998,0.8874512794737743,Stressed
2026-02-10T04:12:10.789188,0.8681213382896722,Stressed
2026-02-10T04:12:10.987514,0.8936857112036578,Stressed
2026-02-10T04:12:11.195733,0.8572668486654612,Stressed
2026-02-10T04:12:11.399882,0.2356937860228268,Focused
2026-02-10T04:12:11.641172,0.21591459205879204,Focused
2026-02-10T04:12:11.867160,0.20423506350992177,Focused
2026-02-10T04:12:12.085674,0.8463902064029789,Stressed
2026-02-10T04:12:12.302626,0.1787818498941498,Focused
2026-02-10T04:12:12.499302,0.1778527822740487,Focused
2026-02-10T04:12:12.734371,0.18257181800840727,Focused
2026-02-10T04:12:12.946521,0.8147276261387852,Stressed
2026-02-10T04:12:13.191627,0.17724420309137726,Focused
2026-02-10T04:12:13.405197,0.18096021625744307,Focused
2026-02-10T04:12:13.618874,0.1843277779221075,Focused
2026-02-10T04:12:13.879074,0.18159656812581598,Focused
2026-02-10T04:12:14.091159,0.1717380798383508,Focused
2026-02-10T04:12:14.387927,0.17446396256762386,Focused
2026-02-10T04:12:14.591720,0.1703447422960422,Focused
2026-02-10T04:12:14.822630,0.17295535268222825,Focused
2026-02-10T04:12:15.034184,0.8566083776616585,Stressed
2026-02-10T04:12:15.253864,0.8272281193354564,Stressed
2026-02-10T04:12:15.489171,0.8370233214631447,Stressed
2026-02-10T04:12:15.713455,0.8414595474958606,Stressed
2026-02-10T04:12:16.020465,0.18516822805894875,Focused
2026-02-10T04:12:16.240742,0.17718439679524234,Focused
2026-02-10T04:12:16.461795,0.8347184764185044,Stressed
2026-02-10T04:12:16.688803,0.16764712177550883,Focused
2026-02-10T04:12:16.921968,0.15816359086881193,Focused
2026-02-10T04:12:17.131652,0.840393690804461,Stressed
2026-02-10T04:12:17.341787,0.8065402354013524,Stressed
2026-02-10T04:12:17.552935,0.8066905639417601,Stressed
2026-02-10T04:12:17.778870,0.7949382585942766,Stressed
2026-02-10T04:12:18.016555,0.8130507417062767,Stressed
2026-02-10T04:12:18.231983,0.11181066745199592,Distracted
2026-02-10T04:12:18.444428,0.8113035130202109,Stressed
2026-02-10T04:12:18.648287,0.830389606386059,Stressed
2026-02-10T04:12:18.849261,0.1729433989366612,Focused
2026-02-10T04:12:19.115326,0.12012485212808052,Distracted
2026-02-10T04:12:19.330204,0.12817515889398626,Distracted
2026-02-10T04:12:19.550157,0.15150276441261218,Focused
2026-02-10T04:12:19.770739,0.11710322915273014,Distracted
2026-02-10T04:12:19.987745,0.14156226798169994,Distracted
2026-02-10T04:12:20.300955,0.132906064418143,Distracted
2026-02-10T04:12:20.527512,0.12129408251754087,Distracted
2026-02-10T04:14:05.410982,0.8119634786989014,Stressed
2026-02-10T04:14:05.747869,0.8226526281324575,Stressed
2026-02-10T04:14:05.965109,0.10984555425566259,Distracted
2026-02-10T04:14:06.212421,0.10622961276677663,Distracted
2026-02-10T04:14:06.424886,0.10804942408261989,Distracted
2026-02-10T04:14:06.684437,0.12396858093262399,Distracted
2026-02-10T04:14:06.890519,0.8004872371790909,Stressed
2026-02-10T04:14:07.096987,0.09880001331909471,Distracted
2026-02-10T04:14:07.353779,0.14509970860459667,Focused
2026-02-10T04:14:07.553204,0.7948112391589487,Stressed
2026-02-10T04:14:07.831913,0.12081591663117308,Distracted
2026-02-10T04:14:08.036898,0.11562953519365872,Distracted
2026-02-10T04:14:08.235614,0.12063418045442234,Distracted
2026-02-10T04:14:08.467696,0.12073774950700183,Distracted
2026-02-10T04:14:08.680791,0.1233120888975253,Distracted
2026-02-10T04:14:08.966927,0.11871938238242437,Distracted
2026-02-10T04:14:09.165237,0.12328472825196125,Distracted
2026-02-10T04:14:09.392765,0.8016249086593652,Stressed
2026-02-10T04:14:09.622502,0.11573359752225833,Distracted
2026-02-10T04:14:09.879886,0.8125697163384908,Stressed
2026-02-10T04:14:10.084589,0.800944895312461,Stressed
2026-02-10T04:14:10.328686,0.7974834068258168,Stressed
2026-02-10T04:14:10.531010,0.7934479713930828,Stressed
2026-02-10T04:14:10.756752,0.7935421620598452,Stressed
2026-02-10T04:14:11.009872,0.802773647053795,Stressed
2026-02-10T04:14:11.212961,0.8240021683329127,Stressed
2026-02-10T04:14:11.431552,0.18197115858676213,Focused
2026-02-10T04:14:11.654168,0.16695823960549186,Focused
2026-02-10T04:14:11.898493,0.0,Focused
2026-02-10T04:14:12.294383,0.0,Focused
2026-02-10T04:14:12.519533,0.0,Focused
2026-02-10T04:14:12.644295,0.0,Focused
2026-02-10T04:14:12.862799,0.0,Focused
2026-02-10T04:14:12.972521,0.0,Focused
2026-02-10T04:14:13.295037,0.0,Focused
2026-02-10T04:14:13.413256,0.0,Focused
2026-02-10T04:14:13.523997,0.0,Focused
2026-02-10T04:14:13.641172,0.0,Focused
2026-02-10T04:14:13.977450,0.0,Focused
2026-02-10T04:14:14.079247,0.0,Focused
2026-02-10T04:14:14.275331,0.0,Focused
2026-02-10T04:14:14.394217,0.0,Focused
2026-02-10T04:14:14.504049,0.0,Focused
2026-02-10T04:14:14.601556,0.0,Focused
2026-02-10T04:14:14.700468,0.0,Focused
2026-02-10T04:14:14.799989,0.0,Focused
2026-02-10T04:14:14.906294,0.0,Focused
2026-02-10T04:14:15.007388,0.0,Focused
2026-02-10T04:14:15.107307,0.0,Focused
2026-02-10T04:14:15.283925,0.0,Focused
2026-02-10T04:14:15.391412,0.0,Focused
2026-02-10T04:14:15.525980,0.0,Focused
2026-02-10T04:14:15.626187,0.0,Focused
2026-02-10T04:14:15.734314,0.0,Focused
2026-02-10T04:14:15.838674,0.0,Focused
2026-02-10T04:14:15.950043,0.0,Focused
2026-02-10T04:14:16.026240,0.0,Focused
2026-02-10T04:14:16.110296,0.0,Focused
2026-02-10T04:14:16.204516,0.0,Focused
2026-02-10T04:14:16.360429,0.0,Focused
2026-02-10T04:14:16.434865,0.0,Focused
2026-02-10T04:14:16.525393,0.0,Focused
2026-02-10T04:14:16.641349,0.0,Focused
2026-02-10T04:14:16.743096,0.0,Focused
2026-02-10T04:14:16.816508,0.0,Focused
2026-02-10T04:14:16.895529,0.0,Focused
2026-02-10T04:14:16.986954,0.0,Focused
2026-02-10T04:14:17.064388,0.0,Focused
2026-02-10T04:14:17.159171,0.0,Focused
2026-02-10T04:14:17.235564,0.0,Focused
2026-02-10T04:14:17.325670,0.0,Focused
2026-02-10T04:14:17.461332,0.0,Focused
2026-02-10T04:14:17.538597,0.0,Focused
2026-02-10T04:14:17.633162,0.0,Focused
2026-02-10T04:14:17.735280,0.0,Focused
2026-02-10T04:14:17.853368,0.0,Focused
2026-02-10T04:14:17.937442,0.0,Focused
2026-02-10T04:14:18.034831,0.0,Focused
2026-02-10T04:14:18.107930,0.0,Focused
2026-02-10T04:14:18.197929,0.0,Focused
2026-02-10T04:14:18.269653,0.0,Focused
2026-02-10T04:14:18.355446,0.0,Focused
2026-02-10T04:14:18.500025,0.0,Focused
2026-02-10T04:14:18.585793,0.0,Focused
2026-02-10T04:14:18.693381,0.0,Focused
2026-02-10T04:14:18.766973,0.0,Focused
2026-02-10T04:14:18.858676,0.0,Focused
2026-02-10T04:14:18.973527,0.0,Focused
2026-02-10T04:14:19.075974,0.0,Focused
2026-02-10T04:14:19.154905,0.0,Focused
2026-02-10T04:14:19.245404,0.0,Focused
2026-02-10T04:14:19.407720,0.0,Focused
2026-02-10T04:14:19.546340,0.0,Focused
2026-02-10T04:14:19.631566,0.0,Focused
2026-02-10T04:14:19.723917,0.0,Focused
2026-02-10T04:14:19.801578,0.0,Focused
2026-02-10T04:14:19.907149,0.0,Focused
2026-02-10T04:14:19.987821,0.0,Focused
2026-02-10T04:14:20.106369,0.0,Focused
2026-02-10T04:14:20.219165,0.0,Focused
2026-02-10T04:14:20.296796,0.0,Focused
2026-02-10T04:14:20.381804,0.0,Focused
2026-02-10T04:14:20.479732,0.0,Focused
2026-02-10T04:14:20.616307,0.0,Focused
2026-02-10T04:14:20.722273,0.0,Focused
2026-02-10T04:14:20.797829,0.0,Focused
2026-02-10T04:14:20.884910,0.0,Focused
2026-02-10T04:14:20.961418,0.0,Focused
2026-02-10T04:14:21.054793,0.0,Focused
2026-02-10T04:14:21.152061,0.0,Focused
2026-02-10T04:14:21.261506,0.0,Focused
2026-02-10T04:14:21.376900,0.0,Focused
2026-02-10T04:14:21.464964,0.0,Focused
2026-02-10T04:14:21.577704,0.0,Focused
2026-02-10T04:14:21.718802,0.0,Focused
2026-02-10T04:14:21.802510,0.0,Focused
2026-02-10T04:14:21.881810,0.0,Focused
2026-02-10T04:14:21.978505,0.0,Focused
2026-02-10T04:14:22.057763,0.0,Focused
2026-02-10T04:14:22.149127,0.0,Focused
2026-02-10T04:14:22.233815,0.0,Focused
2026-02-10T04:14:22.331114,0.0,Focused
2026-02-10T04:14:22.442730,0.0,Focused
2026-02-10T04:14:22.574965,0.0,Focused
2026-02-10T04:14:22.680759,0.0,Focused
2026-02-10T04:14:22.801620,0.0,Focused
2026-02-10T04:14:22.893966,0.0,Focused
2026-02-10T04:14:22.980770,0.0,Focused
2026-02-10T04:14:23.059036,0.0,Focused
2026-02-10T04:14:23.147276,0.0,Focused
2026-02-10T04:14:23.247225,0.0,Focused
2026-02-10T04:14:23.328676,0.0,Focused
2026-02-10T04:14:23.438903,0.0,Focused
2026-02-10T04:14:23.549854,0.0,Focused
2026-02-10T04:14:23.687256,0.0,Focused
2026-02-10T04:14:23.853014,0.0,Focused
2026-02-10T04:14:23.936369,0.0,Focused
2026-02-10T04:14:24.020248,0.0,Focused
2026-02-10T04:14:24.094184,0.0,Focused
2026-02-10T04:14:24.404199,0.0,Focused
2026-02-10T04:14:24.478410,0.0,Focused
2026-02-10T04:14:24.566158,0.0,Focused
2026-02-10T04:14:24.652868,0.0,Focused
2026-02-10T04:14:24.750893,0.0,Focused
2026-02-10T04:14:24.946301,0.0,Focused
2026-02-10T04:14:25.036395,0.0,Focused
2026-02-10T04:14:25.135137,0.0,Focused
2026-02-10T04:14:25.238780,0.0,Focused
2026-02-10T04:14:25.352958,0.0,Focused
2026-02-10T04:14:25.434991,0.0,Focused
2026-02-10T04:14:25.515964,0.0,Focused
2026-02-10T04:14:25.603673,0.0,Focused
2026-02-10T04:14:25.689363,0.0,Focused
2026-02-10T04:14:25.765854,0.0,Focused
2026-02-10T04:14:26.026623,0.0,Focused
2026-02-10T04:14:26.211330,0.0,Focused
2026-02-10T04:14:26.399377,0.0,Focused
2026-02-10T04:14:26.579794,0.0,Focused
2026-02-10T04:14:26.870351,0.0,Focused
2026-02-10T04:14:26.972568,0.0,Focused
2026-02-10T04:14:27.147054,0.0,Focused
2026-02-10T04:14:27.380094,0.0,Focused
2026-02-10T04:14:27.573094,0.0,Focused
2026-02-10T04:14:27.680014,0.0,Focused
2026-02-10T04:14:27.798158,0.0,Focused
2026-02-10T04:14:27.895450,0.0,Focused
2026-02-10T04:14:28.016655,0.0,Focused
2026-02-10T04:14:28.187788,0.0,Focused
2026-02-10T04:14:28.297354,0.0,Focused
2026-02-10T04:14:28.534303,0.0,Focused
2026-02-10T04:14:28.645857,0.0,Focused
2026-02-10T04:14:28.754138,0.0,Focused
2026-02-10T04:14:28.861654,0.0,Focused
2026-02-10T04:14:29.069513,0.0,Focused
2026-02-10T04:14:29.319509,0.0,Focused
2026-02-10T04:14:29.469022,0.0,Focused
2026-02-10T04:14:29.609205,0.0,Focused
2026-02-10T04:14:29.722285,0.0,Focused
2026-02-10T04:14:29.828551,0.0,Focused
2026-02-10T04:14:29.935066,0.0,Focused
2026-02-10T04:14:30.139169,0.0,Focused
2026-02-10T04:14:30.415689,0.0,Focused
2026-02-10T04:14:30.537513,0.0,Focused
2026-02-10T04:14:30.658276,0.0,Focused
2026-02-10T04:14:30.785501,0.0,Focused
2026-02-10T04:14:30.892674,0.0,Focused
2026-02-10T04:14:30.995694,0.0,Focused
2026-02-10T04:14:31.091876,0.0,Focused
2026-02-10T04:14:31.200629,0.0,Focused
2026-02-10T04:14:31.381111,0.0,Focused
2026-02-10T04:14:31.498190,0.0,Focused
2026-02-10T04:14:31.616949,0.0,Focused
2026-02-10T04:14:33.005418,0.0,Focused
2026-02-10T04:14:34.002103,0.0,Focused
2026-02-10T04:14:35.124685,0.0,Focused
2026-02-10T04:14:35.237744,0.0,Focused
2026-02-10T04:14:35.471563,0.0,Focused
2026-02-10T04:14:35.571546,0.0,Focused
2026-02-10T04:14:35.779797,0.0,Focused
2026-02-10T04:14:35.894954,0.0,Focused
2026-02-10T04:14:36.007188,0.0,Focused
2026-02-10T04:14:36.113248,0.0,Focused
2026-02-10T04:14:36.215588,0.0,Focused
2026-02-10T04:14:36.321319,0.0,Focused
2026-02-10T04:14:36.431526,0.0,Focused
2026-02-10T04:14:37.035564,0.0,Focused
2026-02-10T04:14:37.239824,0.0,Focused
2026-02-10T04:14:37.355918,0.0,Focused
2026-02-10T04:14:37.455281,0.0,Focused
2026-02-10T04:14:37.573504,0.0,Focused
2026-02-10T04:14:37.707035,0.0,Focused
2026-02-10T04:14:37.927514,0.0,Focused
2026-02-10T04:14:38.054151,0.0,Focused
2026-02-10T04:14:38.171102,0.0,Focused
2026-02-10T04:14:38.281186,0.0,Focused
2026-02-10T04:14:38.392419,0.0,Focused
2026-02-10T04:14:38.507363,0.0,Focused
2026-02-10T04:14:38.620371,0.0,Focused
2026-02-10T04:14:38.826138,0.0,Focused
2026-02-10T04:14:39.032542,0.0,Focused
2026-02-10T04:14:39.138172,0.0,Focused
2026-02-10T04:14:39.231760,0.0,Focused
2026-02-10T04:14:39.330812,0.0,Focused
2026-02-10T04:14:39.434318,0.0,Focused
2026-02-10T04:14:39.532743,0.0,Focused
2026-02-10T04:14:39.632539,0.0,Focused
2026-02-10T04:14:41.670934,0.0,Focused
2026-02-10T04:14:41.776469,0.0,Focused
2026-02-10T04:14:45.266300,0.0,Focused
2026-02-10T04:14:45.370574,0.0,Focused
2026-02-10T04:14:45.553870,0.0,Focused
2026-02-10T04:14:45.657696,0.0,Focused
2026-02-10T04:14:45.758644,0.0,Focused
2026-02-10T04:14:45.884521,0.0,Focused
2026-02-10T04:14:46.993561,0.08830939311741388,Distracted
2026-02-10T04:14:47.224702,0.8034229437907163,Stressed
2026-02-10T04:14:47.419948,0.1363693921494334,Focused
2026-02-10T04:14:47.667997,0.7647540796907063,Stressed
2026-02-10T04:14:47.856462,0.7358763370062041,Stressed
2026-02-10T04:14:48.036250,0.10566234877694972,Distracted
2026-02-10T04:14:48.223813,0.7872694879074966,Stressed
2026-02-10T04:14:48.453367,0.1226027471605512,Distracted
2026-02-10T04:14:48.642227,0.7649589687119429,Stressed
2026-02-10T04:14:48.911560,0.17343281171976663,Focused
2026-02-10T04:14:49.107875,0.15893609315001392,Focused
2026-02-10T04:14:49.323562,0.8194078500919901,Stressed
2026-02-10T04:14:49.561629,0.8063978779208648,Stressed
2026-02-10T04:14:49.763341,0.10122506174732321,Distracted
2026-02-10T04:14:50.054908,0.12134831054462634,Distracted
2026-02-10T04:18:24.883494,0.7771444728426701,Stressed
2026-02-10T04:18:25.133766,0.7751742431496981,Stressed
2026-02-10T04:18:25.353563,0.09831340314039727,Distracted
2026-02-10T04:18:25.658916,0.7756087723661088,Stressed
2026-02-10T04:18:25.875942,0.08575330530129112,Distracted
2026-02-10T04:18:26.099963,0.09083200686470168,Distracted
2026-02-10T04:18:26.313106,0.8066204005424954,Stressed
2026-02-10T04:18:26.601812,0.7601018816853323,Stressed
2026-02-10T04:18:26.835094,0.7800132805324612,Stressed
2026-02-10T04:18:27.047757,0.7908924647837242,Stressed
2026-02-10T04:18:27.244152,0.805556740488751,Stressed
2026-02-10T04:18:27.451589,0.8462344761869682,Stressed
2026-02-10T04:18:43.436327,0.11435518496820513,Distracted
2026-02-10T04:18:43.648078,0.12135458787650583,Distracted
2026-02-10T04:18:43.869651,0.10915205511282784,Distracted
2026-02-10T04:18:44.150325,0.11500513725081334,Distracted
2026-02-10T04:18:44.371213,0.10529561073669545,Distracted
2026-02-10T04:18:44.605082,0.11128093076216677,Distracted
2026-02-10T04:18:44.810959,0.11920862672185797,Distracted
2026-02-10T04:18:45.019988,0.1278830227266517,Distracted
2026-02-10T04:18:45.320233,0.1249035903803666,Distracted
2026-02-10T04:18:45.547918,0.13507886440611055,Distracted
2026-02-10T04:18:45.789076,0.7941603056925316,Stressed
2026-02-10T04:18:45.992934,0.8302337924470302,Stressed
2026-02-10T04:18:46.256785,0.8614350642832003,Stressed
2026-02-10T04:18:46.464600,0.8372603094602585,Stressed
2026-02-10T04:18:46.723232,0.8359322401569399,Stressed
2026-02-10T04:18:46.931556,0.8311163466756956,Stressed
2026-02-10T04:18:47.138008,0.8079560742740343,Stressed
2026-02-10T04:18:47.416581,0.8398133261516415,Stressed
2026-02-10T04:18:47.644766,0.8209852316572634,Stressed
2026-02-10T04:18:47.849234,0.11483761761582312,Distracted
2026-02-10T04:18:48.019630,0.8307592055325437,Stressed
2026-02-10T04:18:48.200711,0.8442982790284533,Stressed
2026-02-10T04:18:48.424566,0.818633674922062,Stressed
2026-02-10T04:18:48.604638,0.8938968907802637,Stressed
2026-02-10T04:18:48.911527,0.805542811457197,Stressed
2026-02-10T04:18:49.084654,0.8232577197234281,Stressed
2026-02-10T04:18:49.264553,0.8292347559387103,Stressed
2026-02-10T04:18:49.503023,0.8049537310393774,Stressed
2026-02-10T04:18:49.684111,0.8140962142433505,Stressed
2026-02-10T04:18:49.866392,0.11168820427808578,Distracted
2026-02-10T04:18:50.082748,0.7942031753849632,Stressed
2026-02-10T04:18:50.260011,0.11484406383022126,Distracted
2026-02-10T04:18:50.429752,0.07975279338766986,Distracted
2026-02-10T04:18:50.684539,0.7970559274926763,Stressed
2026-02-10T04:18:50.868769,0.8055913693783631,Stressed
2026-02-10T04:18:51.077029,0.792615101953078,Stressed
2026-02-10T04:18:51.286979,0.8282380384744492,Stressed
2026-02-10T04:18:51.455233,0.7966776161425949,Stressed
2026-02-10T04:18:51.686319,0.8144593248509416,Stressed
2026-02-10T04:18:51.882508,0.8120133097781491,Stressed
2026-02-10T04:18:52.053324,0.8018740137059293,Stressed
2026-02-10T04:18:52.238909,0.7890049295182447,Stressed
2026-02-10T04:18:52.451148,0.7956712408181243,Stressed
2026-02-10T04:18:52.669709,0.7909199729099321,Stressed
2026-02-10T04:18:52.911659,0.802275798987974,Stressed
2026-02-10T04:18:53.082521,0.7983800793623586,Stressed
2026-02-10T04:18:53.270918,0.8196776783612199,Stressed
2026-02-10T04:18:53.453905,0.8130717759243268,Stressed
2026-02-10T04:18:53.652335,0.8227616780505728,Stressed
2026-02-10T04:18:53.912270,0.8159461158916156,Stressed
2026-02-10T04:18:54.091612,0.8198097161920533,Stressed
2026-02-10T04:18:54.265635,0.7974565799278448,Stressed
2026-02-10T04:18:54.444013,0.814362125065465,Stressed
2026-02-10T04:18:54.626878,0.8212768995412998,Stressed
2026-02-10T04:18:54.823738,0.8211028668543149,Stressed
2026-02-10T04:18:55.094621,0.8007446931036127,Stressed
2026-02-10T04:18:55.295460,0.8370352431722128,Stressed
2026-02-10T04:18:55.470229,0.8546056187516547,Stressed
2026-02-10T04:18:55.638554,0.8375504956485298,Stressed
2026-02-10T04:18:55.836615,0.8323450488845042,Stressed
2026-02-10T04:18:56.101029,0.8360704780539372,Stressed
2026-02-10T04:18:56.279193,0.822301602645605,Stressed
2026-02-10T04:18:56.452233,0.8370378103208442,Stressed
2026-02-10T04:18:56.619734,0.8266319457930328,Stressed
2026-02-10T04:18:56.789793,0.8151994154504626,Stressed
2026-02-10T04:18:57.000387,0.8527788783342805,Stressed
2026-02-10T04:18:57.252128,0.8303272477695995,Stressed
2026-02-10T04:18:57.435945,0.8248142160950416,Stressed
2026-02-10T04:18:57.611938,0.8356220123443302,Stressed
2026-02-10T04:18:57.781878,0.801493625687538,Stressed
2026-02-10T04:18:57.963155,0.8086875897733199,Stressed
2026-02-10T04:18:58.249551,0.8359283590800337,Stressed
2026-02-10T04:18:58.422616,0.8529467196965554,Stressed
2026-02-10T04:18:58.599942,0.8277562845467297,Stressed
2026-02-10T04:18:58.799263,0.8375205355960927,Stressed
2026-02-10T04:18:59.005196,0.842852648701795,Stressed
2026-02-10T04:18:59.211306,0.8337082884050164,Stressed
2026-02-10T04:18:59.511645,0.8374451911677467,Stressed
2026-02-10T04:18:59.691021,0.8002377587765535,Stressed
2026-02-10T04:18:59.858426,0.7501758770174889,Stressed
2026-02-10T04:19:00.042253,0.7462625565327623,Stressed
2026-02-10T04:19:00.233879,0.7541753131381324,Stressed
2026-02-10T04:19:00.526833,0.7475272925231421,Stressed
2026-02-10T04:19:00.714147,0.7595310583802426,Stressed
2026-02-10T04:19:00.887161,0.7741885794534693,Stressed
2026-02-10T04:19:01.076701,0.7768416756490854,Stressed
2026-02-10T04:19:01.266478,0.7898864130140931,Stressed
2026-02-10T04:19:01.510327,0.7882746518474337,Stressed
2026-02-10T04:19:01.713909,0.7950154348995546,Stressed
2026-02-10T04:19:01.896327,0.7860228719695739,Stressed
2026-02-10T04:19:02.072846,0.7876703547656325,Stressed
2026-02-10T04:19:02.261189,0.7906346539139684,Stressed
2026-02-10T04:19:02.433461,0.7949066458904283,Stressed
2026-02-10T04:19:02.716815,0.7911691954866025,Stressed
2026-02-10T04:19:02.944817,0.809513269791142,Stressed
2026-02-10T04:19:03.151335,0.7872772562538344,Stressed
2026-02-10T04:19:03.370469,0.8022402126156638,Stressed
2026-02-10T04:19:03.576657,0.8008737309594571,Stressed
2026-02-10T04:19:03.842977,0.8078820899386676,Stressed
2026-02-10T04:19:04.062107,0.7946255442806713,Stressed
2026-02-10T04:19:04.264888,0.7960906994497484,Stressed
2026-02-10T04:19:04.467319,0.8075066038703848,Stressed
2026-02-10T04:19:04.722270,0.7991358686640224,Stressed
2026-02-10T04:19:04.931635,0.7913922869869466,Stressed
2026-02-10T04:19:05.137373,0.805834770705613,Stressed
2026-02-10T04:19:05.352614,0.7997875365629363,Stressed
2026-02-10T04:19:05.554814,0.7862878633847918,Stressed
2026-02-10T04:19:05.804021,0.7961218792343024,Stressed
2026-02-10T04:19:06.020417,0.7880200519921652,Stressed
2026-02-10T04:19:06.223491,0.8110209007061739,Stressed
2026-02-10T04:19:06.482198,0.8108255347455192,Stressed
2026-02-10T04:19:06.685810,0.7787596392363794,Stressed
2026-02-10T04:19:07.063448,0.12612039864837724,Distracted
2026-02-10T04:19:07.274505,0.7982934299218024,Stressed
2026-02-10T04:19:07.505693,0.8346349049513959,Stressed
2026-02-10T04:19:07.752836,0.8124946885332507,Stressed
2026-02-10T04:19:08.017869,0.8207369342774001,Stressed
2026-02-10T04:19:08.221962,0.8101499931558362,Stressed
2026-02-10T04:19:08.431738,0.8116736989237325,Stressed
2026-02-10T04:19:08.647794,0.8100666956786434,Stressed
2026-02-10T04:19:08.859466,0.8283192452007501,Stressed
2026-02-10T04:19:09.132730,0.8296809046368322,Stressed
2026-02-10T04:19:09.339168,0.8083582093230445,Stressed
2026-02-10T04:19:09.568864,0.8167716694224256,Stressed
2026-02-10T04:19:09.797192,0.8193868664150606,Stressed
2026-02-10T04:19:10.009914,0.815676065684436,Stressed
2026-02-10T04:19:10.299387,0.7984629455898564,Stressed
2026-02-10T04:19:10.508554,0.8312494966878664,Stressed
2026-02-10T04:19:10.710153,0.8197160400347897,Stressed
2026-02-10T04:19:10.928257,0.1731622961376675,Focused
2026-02-10T04:19:11.142926,0.8247836433895406,Stressed
2026-02-10T04:19:11.430960,0.1687296552857143,Focused
2026-02-10T04:19:11.656934,0.11539030929017681,Focused
2026-02-10T04:19:11.860962,0.768968511793662,Stressed
2026-02-10T04:19:12.079168,0.08138463331492674,Distracted
2026-02-10T04:19:12.340035,0.736647827056711,Stressed
2026-02-10T04:19:12.561330,0.7775241326385766,Stressed
2026-02-10T04:19:12.763249,0.7697424078447561,Stressed
2026-02-10T04:19:12.969679,0.7616006090660311,Stressed
2026-02-10T04:19:13.215343,0.7849406248148683,Stressed
2026-02-10T04:19:13.518426,0.7671580447616695,Stressed
2026-02-10T04:19:13.738686,0.7746275289227049,Stressed
2026-02-10T04:19:13.947872,0.7633187939226284,Stressed
2026-02-10T04:19:14.155866,0.7560713370579683,Stressed
2026-02-10T04:19:14.360901,0.7640470153783371,Stressed
2026-02-10T04:19:14.677908,0.770533561912923,Stressed
2026-02-10T04:19:14.880204,0.757315873579218,Stressed
2026-02-10T04:19:15.088719,0.7707280321826756,Stressed
2026-02-10T04:19:15.289666,0.777738913135618,Stressed
2026-02-10T04:19:15.495166,0.7652966533228517,Stressed
2026-02-10T04:19:15.827359,0.7624058298534412,Stressed
2026-02-10T04:19:16.032746,0.7755013936675875,Stressed
2026-02-10T04:19:16.238783,0.7674443675407132,Stressed
2026-02-10T04:19:16.434050,0.09489745113197835,Distracted
2026-02-10T04:19:16.640627,0.769280932059169,Stressed
2026-02-10T04:19:16.974436,0.7654807359694696,Stressed
2026-02-10T04:19:17.181746,0.7820066034003127,Stressed
2026-02-10T04:19:17.385874,0.779814530577932,Stressed
2026-02-10T04:19:17.589407,0.7935091622965257,Stressed
2026-02-10T04:19:17.785928,0.8126876281534503,Stressed
2026-02-10T04:19:18.079476,0.10627061089214734,Distracted
2026-02-10T04:19:18.250236,0.8120591208287382,Stressed
2026-02-10T04:19:18.432196,0.7927273555135723,Stressed
2026-02-10T04:19:18.600375,0.7954277506279829,Stressed
2026-02-10T04:19:18.774963,0.783640305349539,Stressed
2026-02-10T04:19:19.037007,0.789061888164484,Stressed
2026-02-10T04:19:19.248007,0.7918773511681892,Stressed
2026-02-10T04:19:19.419133,0.798737563540602,Stressed
2026-02-10T04:19:19.587077,0.7813907323431484,Stressed
2026-02-10T04:19:19.758434,0.7924624447263591,Stressed
2026-02-10T04:19:19.936805,0.7831979865621327,Stressed
2026-02-10T04:19:20.200681,0.7760777775539792,Stressed
2026-02-10T04:19:20.409392,0.7899736724493092,Stressed
2026-02-10T04:19:20.577419,0.7908537576550565,Stressed
2026-02-10T04:19:20.752778,0.7968659543975843,Stressed
2026-02-10T04:19:20.956783,0.7897614026605041,Stressed
2026-02-10T04:19:21.221762,0.7838471261614662,Stressed
2026-02-10T04:19:21.433123,0.7843776138327241,Stressed
2026-02-10T04:19:21.642095,0.7825802457862413,Stressed
2026-02-10T04:19:21.842062,0.7964865882534143,Stressed
2026-02-10T04:19:22.046696,0.8010750101643486,Stressed
2026-02-10T04:19:22.313625,0.795843242546767,Stressed
2026-02-10T04:19:22.526994,0.8047078723084021,Stressed
2026-02-10T04:19:22.757367,0.7997641925280189,Stressed
2026-02-10T04:19:22.959391,0.7880461034067174,Stressed
2026-02-10T04:19:23.177581,0.8012231624685796,Stressed
2026-02-10T04:19:23.462942,0.8087708045532509,Stressed
2026-02-10T04:19:23.672590,0.7916471610472862,Stressed
2026-02-10T04:19:23.900481,0.808075879961159,Stressed
2026-02-10T04:19:24.105875,0.8104518275507615,Stressed
2026-02-10T04:19:24.311348,0.8100765261139514,Stressed
2026-02-10T04:19:24.607373,0.7941700547894471,Stressed
2026-02-10T04:19:24.822499,0.8005622339866069,Stressed
2026-02-10T04:19:25.072454,0.1094559454709202,Distracted
2026-02-10T04:19:25.276975,0.795317670014679,Stressed
2026-02-10T04:19:25.546843,0.809307596728174,Stressed
2026-02-10T04:19:25.748828,0.8108325209163749,Stressed
2026-02-10T04:19:25.940382,0.775603704451674,Stressed
2026-02-10T04:19:26.182820,0.7868559373772258,Stressed
2026-02-10T04:19:26.385619,0.8071444646489068,Stressed
2026-02-10T04:19:26.665246,0.7941821028264409,Stressed
2026-02-10T04:19:26.861318,0.8233719124484221,Stressed
2026-02-10T04:19:27.063036,0.8256885727892993,Stressed
2026-02-10T04:19:27.299913,0.8488689071806974,Stressed
2026-02-10T04:19:27.507233,0.8290788870446955,Stressed
2026-02-10T04:19:27.781800,0.8151535676650026,Stressed
2026-02-10T04:19:27.974652,0.8060627557470265,Stressed
2026-02-10T04:19:28.184624,0.8192959837321445,Stressed
2026-02-10T04:19:28.402517,0.8182343100917847,Stressed
2026-02-10T04:19:28.615796,0.8104048592079495,Stressed
2026-02-10T04:19:28.887697,0.827348872027487,Stressed
2026-02-10T04:19:29.099124,0.8175618559430969,Stressed
2026-02-10T04:19:29.304953,0.8054372849965095,Stressed
2026-02-10T04:19:29.513851,0.8206791662184462,Stressed
2026-02-10T04:19:29.739445,0.8165968639015845,Stressed
2026-02-10T04:19:30.022738,0.8156054826956604,Stressed
2026-02-10T04:19:30.203331,0.8025081795279623,Stressed
2026-02-10T04:19:30.395832,0.8053275528174938,Stressed
2026-02-10T04:19:30.580162,0.8246600758232222,Stressed
2026-02-10T04:19:30.795006,0.7969605740713543,Stressed
2026-02-10T04:19:31.032513,0.8036484085741191,Stressed
2026-02-10T04:19:31.211484,0.8199564530875703,Stressed
2026-02-10T04:19:31.408372,0.8314089808444887,Stressed
2026-02-10T04:19:31.578158,0.820676092621808,Stressed
2026-02-10T04:19:31.749892,0.15354208565127286,Distracted
2026-02-10T04:19:32.001047,0.8282538680872988,Stressed
2026-02-10T04:19:32.250751,0.8386732122970753,Stressed
2026-02-10T04:19:32.429176,0.8274590323351262,Stressed
2026-02-10T04:19:32.612734,0.8290992228662599,Stressed
2026-02-10T04:19:32.802242,0.8281209943354729,Stressed
2026-02-10T04:19:32.979354,0.8201953357365813,Stressed
2026-02-10T04:19:33.250923,0.8209978955931474,Stressed
2026-02-10T04:19:33.430297,0.1380226019411368,Distracted
2026-02-10T04:19:33.609609,0.8204175956274873,Stressed
2026-02-10T04:19:33.847311,0.8354301587806652,Stressed
2026-02-10T04:19:34.057118,0.8297771871540861,Stressed
2026-02-10T04:19:34.356408,0.8265829867730274,Stressed
2026-02-10T04:19:34.586277,0.8326504149732344,Stressed
2026-02-10T04:19:34.797126,0.8315556492571742,Stressed
2026-02-10T04:19:35.009777,0.8338358939895489,Stressed
2026-02-10T04:19:35.215355,0.8423734926505415,Stressed
2026-02-10T04:19:35.533531,0.8310057652229359,Stressed
2026-02-10T04:19:35.746499,0.840345655349857,Stressed
2026-02-10T04:19:35.958689,0.8339535924256561,Stressed
2026-02-10T04:19:36.175083,0.8339088242353455,Stressed
2026-02-10T04:19:36.426143,0.8365224494349938,Stressed
2026-02-10T04:19:36.720563,0.8363154401123849,Stressed
2026-02-10T04:19:36.940397,0.8446893744499292,Stressed
2026-02-10T04:19:37.142324,0.8279108593669565,Stressed
2026-02-10T04:19:37.399801,0.8239562738629463,Stressed
2026-02-10T04:19:37.728207,0.8430066592616504,Stressed
2026-02-10T04:19:37.968952,0.8458324393994905,Stressed
2026-02-10T04:19:38.200627,0.8474907718126504,Stressed
2026-02-10T04:19:38.437009,0.8401739310319912,Stressed
2026-02-10T04:19:38.753101,0.8296667029375248,Stressed
2026-02-10T04:19:38.990123,0.822245866055201,Stressed
2026-02-10T04:19:39.216553,0.834404738762856,Stressed
2026-02-10T04:19:39.450387,0.8370336001664657,Stressed
2026-02-10T04:19:39.667377,0.843785670250725,Stressed
2026-02-10T04:19:39.977527,0.8354158945386023,Stressed
2026-02-10T04:19:40.223254,0.8594635296932497,Stressed
2026-02-10T04:19:40.436994,0.8332027796382651,Stressed
2026-02-10T04:19:40.633248,0.8630091635540729,Stressed
2026-02-10T04:19:40.916458,0.8477709708973314,Stressed
2026-02-10T04:19:41.121452,0.8540704317575574,Stressed
2026-02-10T04:19:41.344733,0.8318735955870941,Stressed
2026-02-10T04:19:41.551702,0.8515836380591194,Stressed
2026-02-10T04:19:41.755484,0.8298113323176493,Stressed
2026-02-10T04:19:42.051813,0.8421711489638766,Stressed
2026-02-10T04:19:42.278903,0.8440609867014277,Stressed
2026-02-10T04:19:42.500921,0.8431351058700175,Stressed
2026-02-10T04:19:42.701549,0.8310675101270387,Stressed
2026-02-10T04:19:42.906944,0.8394206966560632,Stressed
2026-02-10T04:19:43.237078,0.8167760320766829,Stressed
2026-02-10T04:19:43.434463,0.8212773619520622,Stressed
2026-02-10T04:19:43.658464,0.8251058964313033,Stressed
2026-02-10T04:19:43.864040,0.8319675832260099,Stressed
2026-02-10T04:19:44.079049,0.8317281042606665,Stressed
2026-02-10T04:19:44.390669,0.828771516060343,Stressed
2026-02-10T04:19:44.609377,0.834735801979921,Stressed
2026-02-10T04:19:44.837605,0.838130380966849,Stressed
2026-02-10T04:19:45.054841,0.8255764071048893,Stressed
2026-02-10T04:19:45.341225,0.8197402669107696,Stressed
2026-02-10T04:19:45.542746,0.8355460002309232,Stressed
2026-02-10T04:19:45.754366,0.8428399623540416,Stressed
2026-02-10T04:19:45.983102,0.8494503340701738,Stressed
2026-02-10T04:19:46.188672,0.8383475086810143,Stressed
2026-02-10T04:19:46.480699,0.8401058382485502,Stressed
2026-02-10T04:19:46.692316,0.8403368634536205,Stressed
2026-02-10T04:19:46.905182,0.846502159832928,Stressed
2026-02-10T04:19:47.136245,0.8300074399945621,Stressed
2026-02-10T04:19:47.349240,0.8305043571829157,Stressed
2026-02-10T04:19:47.646901,0.8230237679523108,Stressed
2026-02-10T04:19:47.828045,0.8318748614208308,Stressed
2026-02-10T04:19:48.018083,0.834344297893523,Stressed
2026-02-10T04:19:48.205858,0.8340315022741691,Stressed
2026-02-10T04:19:48.420500,0.8280303425341478,Stressed
2026-02-10T04:19:48.686104,0.8343395870733793,Stressed
2026-02-10T04:19:48.871485,0.8375515019850199,Stressed
2026-02-10T04:19:49.063477,0.8281631703199456,Stressed
2026-02-10T04:19:49.251930,0.8363124940028276,Stressed
2026-02-10T04:19:49.471626,0.8370692013409392,Stressed
2026-02-10T04:19:49.719893,0.8486811815694336,Stressed
2026-02-10T04:19:49.905185,0.8290622178063841,Stressed
2026-02-10T04:19:50.096311,0.8382066683443025,Stressed
2026-02-10T04:19:50.280505,0.8319930766441209,Stressed
2026-02-10T04:19:50.480533,0.8282729011088984,Stressed
2026-02-10T04:19:50.782303,0.8390406856718073,Stressed
2026-02-10T04:19:50.991614,0.8320572397384309,Stressed
2026-02-10T04:19:51.195135,0.8379782404343044,Stressed
2026-02-10T04:19:51.396276,0.8330796413171286,Stressed
2026-02-10T04:19:51.599671,0.8243930678419912,Stressed
2026-02-10T04:19:51.896117,0.8402269824178141,Stressed
2026-02-10T04:19:52.098336,0.8222364118081584,Stressed
2026-02-10T04:19:52.308266,0.843658684089578,Stressed
2026-02-10T04:19:52.516103,0.8671339680891037,Stressed
2026-02-10T04:19:52.718964,0.8605597561327691,Stressed
2026-02-10T04:19:53.003861,0.8928122023132168,Stressed
2026-02-10T04:19:53.182853,0.8781316902184482,Stressed
2026-02-10T04:19:53.366091,0.8973657947698982,Stressed
2026-02-10T04:19:53.552652,0.9092489835247629,Stressed
2026-02-10T04:19:53.752175,0.9124298602538117,Stressed
2026-02-10T04:19:53.929838,0.8782691616531372,Stressed
2026-02-10T04:19:54.263972,0.896657154419332,Stressed
2026-02-10T04:19:54.439852,0.9146069284032825,Stressed
2026-02-10T04:19:54.628731,0.8766546316157298,Stressed
2026-02-10T04:19:54.815771,0.8817695416530357,Stressed
2026-02-10T04:19:54.987341,0.8929821307783539,Stressed
2026-02-10T04:19:55.245930,0.897893259810388,Stressed
2026-02-10T04:19:55.496871,0.887850564887934,Stressed
2026-02-10T04:19:55.674362,0.8566561412428978,Stressed
2026-02-10T04:19:55.851676,0.8373369149753042,Stressed
2026-02-10T04:19:56.072888,0.8286483010189304,Stressed
2026-02-10T04:19:56.318490,0.8224916331062516,Stressed
2026-02-10T04:19:56.532857,0.844019486502798,Stressed
2026-02-10T04:19:56.708160,0.8437723161638823,Stressed
2026-02-10T04:19:56.886323,0.8380066929621808,Stressed
2026-02-10T04:19:57.098357,0.8397091278333497,Stressed
2026-02-10T04:19:57.282772,0.8394079965758505,Stressed
2026-02-10T04:19:57.527281,0.8303274339247484,Stressed
2026-02-10T04:19:57.752761,0.8212169976958691,Stressed
2026-02-10T04:19:57.927510,0.8279483451351086,Stressed
2026-02-10T04:19:58.099847,0.8431701322662477,Stressed
2026-02-10T04:19:58.280811,0.8232855996848759,Stressed
2026-02-10T04:19:58.551675,0.8316172255559734,Stressed
2026-02-10T04:19:58.767499,0.8210230284011726,Stressed
2026-02-10T04:19:58.956508,0.837316250522697,Stressed
2026-02-10T04:19:59.192191,0.8435113037570174,Stressed
2026-02-10T04:19:59.372420,0.8456846800989983,Stressed
2026-02-10T04:19:59.609367,0.8408833091781246,Stressed
2026-02-10T04:19:59.843405,0.840728901544366,Stressed
2026-02-10T04:20:00.060798,0.834101391458781,Stressed
2026-02-10T04:20:00.231458,0.8380139293034687,Stressed
2026-02-10T04:20:00.411282,0.8226501411212266,Stressed
2026-02-10T04:20:00.661439,0.8133795871409046,Stressed
2026-02-10T04:20:00.848902,0.8315304903749134,Stressed
2026-02-10T04:20:01.068272,0.8209963499820702,Stressed
2026-02-10T04:20:01.329633,0.84121641538746,Stressed
2026-02-10T04:20:01.546781,0.8301054340869793,Stressed
2026-02-10T04:20:01.874681,0.8369937936693695,Stressed
2026-02-10T04:20:02.087605,0.833216642694221,Stressed
2026-02-10T04:20:02.317565,0.840277155792779,Stressed
2026-02-10T04:20:02.527610,0.830066997349053,Stressed
2026-02-10T04:20:02.787010,0.8362347944132815,Stressed
2026-02-10T04:20:03.011478,0.8301968006396817,Stressed
2026-02-10T04:20:03.219291,0.8334007881195756,Stressed
2026-02-10T04:20:03.469631,0.8437096825855848,Stressed
2026-02-10T04:20:03.688226,0.8390828313836427,Stressed
2026-02-10T04:20:03.958837,0.82100476473797,Stressed
2026-02-10T04:20:04.164103,0.8209113744701138,Stressed
2026-02-10T04:20:04.367559,0.8163482677225917,Stressed
2026-02-10T04:20:04.605271,0.8328208516127876,Stressed
2026-02-10T04:20:04.815528,0.8388722213591993,Stressed
2026-02-10T04:20:05.107812,0.840772227594514,Stressed
2026-02-10T04:20:05.321794,0.8309993334435801,Stressed
2026-02-10T04:20:05.525729,0.8326711043973554,Stressed
2026-02-10T04:20:05.785938,0.849224476727721,Stressed
2026-02-10T04:20:06.066613,0.8283027506631734,Stressed
2026-02-10T04:20:06.280383,0.8334315182350941,Stressed
2026-02-10T04:20:06.483162,0.8284099329185857,Stressed
2026-02-10T04:20:06.691726,0.8339304349626989,Stressed
2026-02-10T04:20:06.914361,0.83144234974455,Stressed
2026-02-10T04:20:07.188380,0.8322764601513098,Stressed
2026-02-10T04:20:07.392894,0.8298810326131563,Stressed
2026-02-10T04:20:07.607010,0.8361548249064898,Stressed
2026-02-10T04:20:07.808890,0.8510367140070179,Stressed
2026-02-10T04:20:08.051332,0.8066608729301542,Stressed
2026-02-10T04:20:08.349159,0.8046667104996621,Stressed
2026-02-10T04:20:08.522772,0.8147740168555998,Stressed
2026-02-10T04:20:08.704806,0.8106950489838728,Stressed
2026-02-10T04:20:08.890012,0.8149580762562123,Stressed
2026-02-10T04:20:09.154464,0.799626121156102,Stressed
2026-02-10T04:20:09.492021,0.8025991996726631,Stressed
2026-02-10T04:20:09.669449,0.8146863157526129,Stressed
2026-02-10T04:20:09.847844,0.7980834195411726,Stressed
2026-02-10T04:20:10.026227,0.8054029438736355,Stressed
2026-02-10T04:20:10.203189,0.8169276827972219,Stressed
2026-02-10T04:20:10.495842,0.8365672246182869,Stressed
2026-02-10T04:20:10.685576,0.8050940630927427,Stressed
2026-02-10T04:20:10.862796,0.8136979433876719,Stressed
2026-02-10T04:20:11.039034,0.7787955693096564,Stressed
2026-02-10T04:20:11.254885,0.7885242287301248,Stressed
2026-02-10T04:20:11.439451,0.7675531639684721,Stressed
2026-02-10T04:20:11.746311,0.7748943165081877,Stressed
2026-02-10T04:20:11.928175,0.7621522416499145,Stressed
2026-02-10T04:20:12.118845,0.7659431035026332,Stressed
2026-02-10T04:20:12.330128,0.7764961593616042,Stressed
2026-02-10T04:20:12.501050,0.7794699314758708,Stressed
2026-02-10T04:20:12.758561,0.7854846532486239,Stressed
2026-02-10T04:20:12.962454,0.7692874133825068,Stressed
2026-02-10T04:20:13.207855,0.7793699506323751,Stressed
2026-02-10T04:20:13.392652,0.7601894791215112,Stressed
2026-02-10T04:20:13.605722,0.7925955161973909,Stressed
2026-02-10T04:20:13.846779,0.7876547798200727,Stressed
2026-02-10T04:20:14.073784,0.7746365695741895,Stressed
2026-02-10T04:20:14.279856,0.7551590834370225,Stressed
2026-02-10T04:20:14.493509,0.7979691543668685,Stressed
2026-02-10T04:20:14.745473,0.8260487100168645,Stressed
2026-02-10T04:20:14.960717,0.8078513144205302,Stressed
2026-02-10T04:20:15.191230,0.8124505227976939,Stressed
2026-02-10T04:20:15.453185,0.8267671607482605,Stressed
2026-02-10T04:20:15.657066,0.8266931445384826,Stressed
2026-02-10T04:20:15.900276,0.8111515694636413,Stressed
2026-02-10T04:20:16.074255,0.8131713565189295,Stressed
2026-02-10T04:20:16.329472,0.8050903069526607,Stressed
2026-02-10T04:20:16.519107,0.7975121194948922,Stressed
2026-02-10T04:20:16.718641,0.7997880898117203,Stressed
2026-02-10T04:20:16.946610,0.8087371942796129,Stressed
2026-02-10T04:20:17.124878,0.8249853170810655,Stressed
2026-02-10T04:20:17.319272,0.8241493500286678,Stressed
2026-02-10T04:20:17.546465,0.8280248610456646,Stressed
2026-02-10T04:20:17.717520,0.8289376234793612,Stressed
2026-02-10T04:20:17.920576,0.8382775379043002,Stressed
2026-02-10T04:20:18.159584,0.8366939595011578,Stressed
2026-02-10T04:20:18.338865,0.8244230121998464,Stressed
2026-02-10T04:20:18.549258,0.8223058279979434,Stressed
2026-02-10T04:20:18.740053,0.8535062160342891,Stressed
2026-02-10T04:20:18.922050,0.808997432634202,Stressed
2026-02-10T04:20:19.218900,0.7758680649871322,Stressed
2026-02-10T04:20:19.453281,0.7969559157802203,Stressed
2026-02-10T04:20:19.675165,0.08379701785324577,Focused
2026-02-10T04:20:19.882764,0.7496222492795319,Stressed
2026-02-10T04:20:20.065940,0.06396956415231635,Focused
2026-02-10T04:20:20.315955,0.7450456613313612,Stressed
2026-02-10T04:20:20.505670,0.7366500456456826,Stressed
2026-02-10T04:20:20.685626,0.7468986972411816,Stressed
2026-02-10T04:20:20.892620,0.7415604661341,Stressed
2026-02-10T04:20:21.079174,0.7316018189469166,Stressed
2026-02-10T04:20:21.306199,0.06293513732094114,Distracted
2026-02-10T04:20:21.482176,0.7416392435492463,Stressed
2026-02-10T04:20:21.671052,0.736143277688841,Stressed
2026-02-10T04:20:21.840916,0.7143649371650114,Stressed
2026-02-10T04:20:22.063898,0.7242132378285707,Stressed
2026-02-10T04:20:22.245372,0.7236112450763653,Stressed
2026-02-10T04:20:22.479202,0.7742266738205065,Stressed
2026-02-10T04:20:22.662970,0.7760559051933346,Stressed
2026-02-10T04:20:22.834936,0.7982859506883175,Stressed
2026-02-10T04:20:23.006802,0.7939625644967097,Stressed
2026-02-10T04:20:23.224037,0.811889242668316,Stressed
2026-02-10T04:20:23.466744,0.7892745276428154,Stressed
2026-02-10T04:20:23.656655,0.17747767828833752,Distracted
2026-02-10T04:20:23.842295,0.7955587868369245,Stressed
2026-02-10T04:20:24.018380,0.7932948619438916,Stressed
2026-02-10T04:20:24.198278,0.7840921035629707,Stressed
2026-02-10T04:20:24.409167,0.7903603354650343,Stressed
2026-02-10T04:20:24.713071,0.7936702969602947,Stressed
2026-02-10T04:20:24.896465,0.7896854616876345,Stressed
2026-02-10T04:20:25.073179,0.803853161863049,Stressed
2026-02-10T04:20:25.288159,0.12096099875108403,Distracted
2026-02-10T04:20:25.493466,0.811020444220582,Stressed
2026-02-10T04:20:25.751498,0.8072148739982369,Stressed
2026-02-10T04:20:25.939515,0.7989691201130352,Stressed
2026-02-10T04:20:26.111238,0.798197043672431,Stressed
2026-02-10T04:20:26.298803,0.7688630104913147,Stressed
2026-02-10T04:20:26.474318,0.8016316621700496,Stressed
2026-02-10T04:20:26.738899,0.7808325943550762,Stressed
2026-02-10T04:20:26.917551,0.8212331039567742,Stressed
2026-02-10T04:20:27.093477,0.797145197987818,Stressed
2026-02-10T04:20:27.269535,0.10578843369818458,Distracted
2026-02-10T04:20:27.446794,0.1252600526787424,Distracted
2026-02-10T04:20:27.617982,0.12030689763535318,Distracted
2026-02-10T04:20:27.888000,0.16700867960114069,Focused
2026-02-10T04:20:28.061941,0.13028465948264142,Distracted
2026-02-10T04:20:28.243565,0.15259362172444785,Focused
2026-02-10T04:20:28.426702,0.10949890373119615,Distracted
2026-02-10T04:20:28.610144,0.11806611754225213,Distracted
2026-02-10T04:20:28.812692,0.1309264655713447,Distracted
2026-02-10T04:20:29.042969,0.12127826962928716,Distracted
2026-02-10T04:20:29.218664,0.11292642199932927,Distracted
2026-02-10T04:20:29.404819,0.12041919486856212,Distracted
2026-02-10T04:20:29.579577,0.12341611571973324,Distracted
2026-02-10T04:20:29.759271,0.13178264602598072,Distracted
2026-02-10T04:20:30.006538,0.12566997523252108,Distracted
2026-02-10T04:20:30.202058,0.12065019813901137,Distracted
2026-02-10T04:20:30.378340,0.11247219527515982,Distracted
2026-02-10T04:20:30.550617,0.11627313114987416,Distracted
2026-02-10T04:20:30.724122,0.12124277074716551,Distracted
2026-02-10T04:20:30.898262,0.12054703897153395,Distracted
2026-02-10T04:20:31.162608,0.12283629589859332,Distracted
2026-02-10T04:20:31.362357,0.12085690345002187,Distracted
2026-02-10T04:20:31.544605,0.11185847724626166,Distracted
2026-02-10T04:20:31.728469,0.1128790590857221,Distracted
2026-02-10T04:20:31.906391,0.11332320391663803,Distracted
2026-02-10T04:20:32.147077,0.8072344066490528,Stressed
2026-02-10T04:20:32.323012,0.8217139988552002,Stressed
2026-02-10T04:20:32.532923,0.15011051387215707,Focused
2026-02-10T04:20:32.724475,0.8118065632208232,Stressed
2026-02-10T04:20:32.915532,0.1526806805295225,Focused
2026-02-10T04:20:33.115662,0.14300326367808464,Focused
2026-02-10T04:20:33.400466,0.1172039157622852,Distracted
2026-02-10T04:20:33.617227,0.11773749733549331,Distracted
2026-02-10T04:20:33.841113,0.1515585466813233,Focused
2026-02-10T04:20:34.046319,0.11656435127388452,Distracted
2026-02-10T04:20:34.304179,0.12041566754250302,Distracted
2026-02-10T04:20:34.514699,0.14333575637487903,Focused
2026-02-10T04:20:34.715964,0.12489973273716862,Distracted
2026-02-10T04:20:34.945773,0.1298894541898392,Distracted
2026-02-10T04:20:35.150793,0.12288999673377181,Distracted
2026-02-10T04:20:35.423244,0.12344924455253882,Distracted
2026-02-10T04:20:35.626618,0.12596425670522954,Distracted
2026-02-10T04:20:35.824140,0.11388742251578439,Distracted
2026-02-10T04:20:36.047355,0.11437752818841644,Distracted
2026-02-10T04:20:36.242447,0.11599124371587796,Distracted
2026-02-10T04:20:36.524641,0.11561786524105652,Distracted
2026-02-10T04:20:36.732917,0.10885179162983892,Distracted
2026-02-10T04:20:36.938418,0.14054015585617016,Distracted
2026-02-10T04:20:37.154595,0.1587700098789173,Distracted
2026-02-10T04:20:37.368696,0.1602298241711339,Distracted
2026-02-10T04:20:37.629632,0.160297619070558,Distracted
2026-02-10T04:20:37.852964,0.16632317094027854,Distracted
2026-02-10T04:20:38.087969,0.15867403278307382,Distracted
2026-02-10T04:20:38.309446,0.1528333641389401,Distracted
2026-02-10T04:20:38.544515,0.16995546294646416,Distracted
2026-02-10T04:20:38.834459,0.15140729776223752,Distracted
2026-02-10T04:20:39.043648,0.16749770860846347,Distracted
2026-02-10T04:20:39.243168,0.15125602606846006,Distracted
2026-02-10T04:20:39.450908,0.15901993752329666,Distracted
2026-02-10T04:20:39.677938,0.1565798248146249,Distracted
2026-02-10T04:20:39.905115,0.16024164344502498,Distracted
2026-02-10T04:20:40.080056,0.1630864825302257,Distracted
2026-02-10T04:20:40.261095,0.16016944256936164,Distracted
2026-02-10T04:20:40.433087,0.14418869629437858,Distracted
2026-02-10T04:20:40.611847,0.16874750618025172,Distracted
2026-02-10T04:20:40.890904,0.15306551941405072,Distracted
2026-02-10T04:20:41.074183,0.15467736749726504,Distracted
2026-02-10T04:20:41.245365,0.14363371525059948,Distracted
2026-02-10T04:20:41.414614,0.15349697303064389,Distracted
2026-02-10T04:20:41.656007,0.17598449032551264,Distracted
2026-02-10T04:20:41.894228,0.1652101345578288,Distracted
2026-02-10T04:20:42.113352,0.1811196617721405,Distracted
2026-02-10T04:20:42.284972,0.18564392203150168,Distracted
2026-02-10T04:20:42.459025,0.19241863198175727,Distracted
2026-02-10T04:20:42.683154,0.19097271226114113,Distracted
2026-02-10T04:20:42.871285,0.17684749887797602,Distracted
2026-02-10T04:20:43.155846,0.18441134275802193,Distracted
2026-02-10T04:20:43.349210,0.1841497803196108,Distracted
2026-02-10T04:20:43.550393,0.1901941493022463,Distracted
2026-02-10T04:20:43.742435,0.19030217040169065,Distracted
2026-02-10T04:20:43.956851,0.18709732526526646,Distracted
2026-02-10T04:20:44.224752,0.1919716533311134,Distracted
2026-02-10T04:20:44.443550,0.1996046461268767,Distracted
2026-02-10T04:20:44.645579,0.20953468290511895,Distracted
2026-02-10T04:20:44.845371,0.1689414941616038,Distracted
2026-02-10T04:20:45.116395,0.21006757144734442,Distracted
2026-02-10T04:20:45.339956,0.20207230882947608,Distracted
2026-02-10T04:20:45.564754,0.17305299670258512,Distracted
2026-02-10T04:20:45.778961,0.898746922533293,Stressed
2026-02-10T04:20:45.974025,0.883313133819597,Stressed
2026-02-10T04:20:46.230471,0.8583803883629041,Stressed
2026-02-10T04:20:46.435984,0.8392767991858039,Stressed
2026-02-10T04:20:46.667327,0.8704815857534058,Stressed
2026-02-10T04:20:46.867135,0.8671693337559752,Stressed
2026-02-10T04:20:47.078638,0.8804509883771486,Stressed
2026-02-10T04:20:47.337019,0.871970742397052,Stressed
2026-02-10T04:20:47.545765,0.869803927571137,Stressed
2026-02-10T04:20:47.775314,0.8540163063015245,Stressed
2026-02-10T04:20:47.952970,0.8664509516286247,Stressed
2026-02-10T04:20:48.148071,0.82425427496026,Stressed
2026-02-10T04:20:48.377334,0.8328098806355938,Stressed
2026-02-10T04:20:48.549819,0.8353395970963176,Stressed
2026-02-10T04:20:48.720441,0.8202465192443348,Stressed
2026-02-10T04:20:48.963938,0.8252529254567362,Stressed
2026-02-10T04:20:49.155173,0.8141847849172911,Stressed
2026-02-10T04:20:49.330778,0.8316480920318122,Stressed
2026-02-10T04:20:49.579887,0.8245741234689057,Stressed
2026-02-10T04:20:49.747917,0.8215584378896484,Stressed
2026-02-10T04:20:49.930994,0.8278402870672313,Stressed
2026-02-10T04:20:50.147470,0.8419636725320289,Stressed
2026-02-10T04:20:50.323815,0.8258972886695429,Stressed
2026-02-10T04:20:50.558659,0.824236499088861,Stressed
2026-02-10T04:20:50.730479,0.8235162426356059,Stressed
2026-02-10T04:20:50.907527,0.8132194530636941,Stressed
2026-02-10T04:20:51.078142,0.8185628526359456,Stressed
2026-02-10T04:20:51.299594,0.8182709472181227,Stressed
2026-02-10T04:20:51.492180,0.8217637762058365,Stressed
2026-02-10T04:20:51.739963,0.17050590339878705,Distracted
2026-02-10T04:20:51.915856,0.8178652026113135,Stressed
2026-02-10T04:20:52.088072,0.8034942605385178,Stressed
2026-02-10T04:20:52.296761,0.14140738064203057,Distracted
2026-02-10T04:20:52.524287,0.12326046999905793,Distracted
2026-02-10T04:20:52.768934,0.8145932734210791,Stressed
2026-02-10T04:20:52.946193,0.8217943724595113,Stressed
2026-02-10T04:20:53.122806,0.13651333061117882,Distracted
2026-02-10T04:20:53.314995,0.8133821561834472,Stressed
2026-02-10T04:20:53.511422,0.8276224994247284,Stressed
2026-02-10T04:20:53.752979,0.8321867851282071,Stressed
2026-02-10T04:20:53.924766,0.8183830117023375,Stressed
2026-02-10T04:20:54.106407,0.14464788801489117,Distracted
2026-02-10T04:20:54.286290,0.837592263234734,Stressed
2026-02-10T04:20:54.455479,0.8236205963359687,Stressed
2026-02-10T04:21:04.184714,0.7987624533584178,Stressed
2026-02-10T04:21:05.723504,0.11073733443667871,Distracted
2026-02-10T04:21:08.063492,0.79828884841995,Stressed
2026-02-10T04:21:16.496330,0.09748686341615792,Distracted
2026-02-10T04:21:17.795493,0.11847052663122484,Distracted
2026-02-10T04:21:18.674903,0.10909513933251162,Focused
2026-02-10T04:21:19.604499,0.8080415911908783,Stressed
2026-02-10T04:21:20.620291,0.16412610040183576,Focused
2026-02-10T04:21:21.711488,0.13263811715182838,Focused
2026-02-10T04:21:22.441442,0.15420916873357063,Focused
2026-02-10T04:21:23.657483,0.1121624479347858,Distracted
2026-02-10T04:21:24.821054,0.16679207395525503,Focused
2026-02-10T04:21:25.678677,0.7736165565251024,Stressed
2026-02-10T04:21:25.926019,0.7950366765781207,Stressed
2026-02-10T04:21:26.135615,0.11228286843575985,Distracted
2026-02-10T04:21:26.575166,0.10579848491514196,Focused
2026-02-10T04:21:26.806807,0.8033065923378607,Stressed
2026-02-10T04:21:27.033238,0.792836146405396,Stressed
2026-02-10T04:21:27.245256,0.1483412187756035,Focused
2026-02-10T04:21:27.560726,0.15976745063667114,Focused
2026-02-10T04:21:27.774579,0.16395769860778242,Focused
2026-02-10T04:21:28.138512,0.1177246280370003,Distracted
2026-02-10T04:21:28.374437,0.1309707123525862,Focused
2026-02-10T04:21:28.656939,0.795736951735213,Stressed
2026-02-10T04:21:28.857431,0.7966694772942695,Stressed
2026-02-10T04:21:29.075402,0.13830711751936942,Focused
2026-02-10T04:21:29.290948,0.8436145368616378,Stressed
2026-02-10T04:21:29.534844,0.18200276398688925,Focused
2026-02-10T04:21:29.780946,0.1379038186677427,Distracted
2026-02-10T04:21:29.985757,0.1549894244513506,Focused
2026-02-10T04:21:30.194366,0.8095922551359709,Stressed
2026-02-10T04:21:30.457169,0.124905209601715,Focused
2026-02-10T04:21:30.701549,0.7900312188774138,Stressed
2026-02-10T04:21:30.914317,0.8259811390703046,Stressed
2026-02-10T04:21:31.116823,0.10222958977383545,Distracted
2026-02-10T04:21:31.320564,0.10016701179182547,Distracted
2026-02-10T04:21:31.572160,0.12493990717170986,Distracted
2026-02-10T04:21:31.819281,0.1056349102122351,Distracted
2026-02-10T04:21:32.019860,0.11361183535276913,Distracted
2026-02-10T04:21:32.236501,0.1249378484772509,Distracted
2026-02-10T04:21:32.460315,0.11345227575625137,Distracted
2026-02-10T04:21:32.725180,0.10389395265719341,Distracted
2026-02-10T04:21:32.980637,0.8189091681646886,Stressed
2026-02-10T04:21:33.182192,0.1337500190893046,Distracted
2026-02-10T04:21:33.381528,0.8135316628377373,Stressed
2026-02-10T04:21:33.595173,0.8075587640738728,Stressed
2026-02-10T04:21:33.867956,0.12334459638471787,Distracted
2026-02-10T04:21:34.097175,0.8114316398071082,Stressed
2026-02-10T04:21:34.326902,0.8221106290862745,Stressed
2026-02-10T04:21:34.547891,0.11545380330382883,Distracted
2026-02-10T04:21:34.792549,0.8167366573879696,Stressed
2026-02-10T04:21:35.094908,0.12116735003739676,Distracted
2026-02-10T04:21:35.323805,0.8083630455434708,Stressed
2026-02-10T04:21:35.550345,0.8018762484286288,Stressed
2026-02-10T04:21:35.794076,0.10981092892962076,Distracted
2026-02-10T04:21:36.048840,0.8296695172552376,Stressed
2026-02-10T04:21:36.274613,0.7963087192883697,Stressed
2026-02-10T04:21:36.475074,0.8166055737607437,Stressed
2026-02-10T04:21:36.681489,0.7990527844708164,Stressed
2026-02-10T04:21:36.885412,0.8231392341519489,Stressed
2026-02-10T04:21:37.144246,0.11478908747829442,Distracted
2026-02-10T04:21:37.395357,0.8038084580535375,Stressed
2026-02-10T04:21:37.605424,0.11369732956493227,Distracted
2026-02-10T04:21:37.874471,0.1157725845048642,Distracted
2026-02-10T04:21:38.095584,0.12107398968396006,Distracted
2026-02-10T04:21:38.382351,0.8044930101391773,Stressed
2026-02-10T04:21:38.621939,0.13162023088305735,Distracted
2026-02-10T04:21:38.843155,0.6728042636563121,Stressed
2026-02-10T04:21:39.049542,0.11800799408656386,Distracted
2026-02-10T04:21:39.337332,0.8099751733830921,Stressed
2026-02-10T04:21:39.543313,0.8104263191878002,Stressed
2026-02-10T04:21:39.772582,0.8211501652934445,Stressed
2026-02-10T04:21:39.992334,0.8214916721053577,Stressed
2026-02-10T04:21:40.187053,0.8195210619904427,Stressed
2026-02-10T04:21:40.460105,0.8187778783047364,Stressed
2026-02-10T04:21:40.661348,0.823872907943365,Stressed
2026-02-10T04:21:40.903160,0.8147672458130513,Stressed
2026-02-10T04:21:41.101704,0.8208316293445375,Stressed
2026-02-10T04:21:41.303822,0.8176941382178546,Stressed
2026-02-10T04:21:41.596937,0.815218444405189,Stressed
2026-02-10T04:21:41.799573,0.8172376339523163,Stressed
2026-02-10T04:21:42.052919,0.8151430134570358,Stressed
2026-02-10T04:21:42.252038,0.8158963619587672,Stressed
2026-02-10T04:21:42.504303,0.8074622303774608,Stressed
2026-02-10T04:21:42.702569,0.810938931304623,Stressed
2026-02-10T04:21:42.909599,0.8353688900891745,Stressed
2026-02-10T04:21:43.141348,0.8256630773403859,Stressed
2026-02-10T04:21:43.347374,0.1290682825578762,Distracted
2026-02-10T04:21:43.598786,0.8186609680656248,Stressed
2026-02-10T04:21:43.801047,0.8216998506193398,Stressed
2026-02-10T04:21:44.027247,0.8222997088317302,Stressed
2026-02-10T04:21:44.246203,0.8067195646075247,Stressed
2026-02-10T04:21:44.473822,0.8225298828936024,Stressed
2026-02-10T04:21:44.751428,0.8244194337004424,Stressed
2026-02-10T04:21:44.955996,0.8345545872612432,Stressed
2026-02-10T04:21:45.181427,0.8242586393969321,Stressed
2026-02-10T04:21:45.383591,0.8182646483034599,Stressed
2026-02-10T04:21:45.608264,0.8064138620342947,Stressed
2026-02-10T04:21:45.868350,0.8095476177581926,Stressed
2026-02-10T04:21:46.084768,0.8099069376711248,Stressed
2026-02-10T04:21:46.289573,0.12354224584585573,Distracted
2026-02-10T04:21:46.493338,0.8220620094001306,Stressed
2026-02-10T04:21:46.761568,0.8290371143096844,Stressed
2026-02-10T04:21:46.965639,0.8163411262557165,Stressed
2026-02-10T04:21:47.192132,0.8096333715564737,Stressed
2026-02-10T04:21:47.397290,0.8177932156639197,Stressed
2026-02-10T04:21:47.600255,0.8208146004709053,Stressed
2026-02-10T04:21:47.879542,0.8270023344136264,Stressed
2026-02-10T04:21:48.092059,0.8160894306130464,Stressed
2026-02-10T04:21:48.315719,0.8158405264107073,Stressed
2026-02-10T04:21:48.489763,0.8185668310537507,Stressed
2026-02-10T04:21:48.676381,0.8174456450548269,Stressed
2026-02-10T04:21:48.853252,0.8275605907944347,Stressed
2026-02-10T04:21:49.122325,0.8476684074987655,Stressed
2026-02-10T04:21:49.320735,0.8358785927328682,Stressed
2026-02-10T04:21:49.499638,0.8304693833916044,Stressed
2026-02-10T04:21:49.685791,0.8370789963700421,Stressed
2026-02-10T04:21:49.880549,0.8392364191303071,Stressed
2026-02-10T04:21:50.132127,0.8297407343504033,Stressed
2026-02-10T04:21:50.358323,0.8370226532164794,Stressed
2026-02-10T04:21:50.537196,0.8393786235183963,Stressed
2026-02-10T04:21:50.709704,0.8397395753415144,Stressed
2026-02-10T04:21:50.884845,0.8496762720043161,Stressed
2026-02-10T04:21:51.121079,0.840813128512173,Stressed
2026-02-10T04:21:51.369641,0.8539826513471321,Stressed
2026-02-10T04:21:51.573333,0.8475640049513616,Stressed
2026-02-10T04:21:51.773708,0.14813184031532103,Distracted
2026-02-10T04:21:51.984013,0.8044512595375529,Stressed
2026-02-10T04:21:52.269009,0.812280037535855,Stressed
2026-02-10T04:21:52.503892,0.8330543688663324,Stressed
2026-02-10T04:21:52.709386,0.14478518590643055,Distracted
2026-02-10T04:21:52.914923,0.12994131480812382,Distracted
2026-02-10T04:21:53.118526,0.8204320525030157,Stressed
2026-02-10T04:21:53.401617,0.8162012516441753,Stressed
2026-02-10T04:21:53.617112,0.7789118616549973,Stressed
2026-02-10T04:21:53.826406,0.8076153029720082,Stressed
2026-02-10T04:21:54.037936,0.7958386954059159,Stressed
2026-02-10T04:21:54.291645,0.8400411842830957,Stressed
2026-02-10T04:21:54.510277,0.8121574493360615,Stressed
2026-02-10T04:21:54.719218,0.798286905497794,Stressed
2026-02-10T04:21:54.944656,0.8019554687097676,Stressed
2026-02-10T04:21:55.144823,0.8140363046806687,Stressed
2026-02-10T04:21:55.415591,0.803644047562653,Stressed
2026-02-10T04:21:55.629971,0.8075153242400068,Stressed
2026-02-10T04:21:55.829234,0.7781238878710721,Stressed
2026-02-10T04:21:56.061195,0.1059925648883527,Distracted
2026-02-10T04:21:56.260439,0.13830120494396628,Distracted
2026-02-10T04:21:56.537544,0.08556708274533582,Distracted
2026-02-10T04:21:56.743004,0.126082286777693,Distracted
2026-02-10T04:21:56.944749,0.13242958083693931,Distracted
2026-02-10T04:21:57.167379,0.12166274443802548,Distracted
2026-02-10T04:21:57.370857,0.12649503854941702,Distracted
2026-02-10T04:21:57.645023,0.1314995166812319,Distracted
2026-02-10T04:21:57.844779,0.12471906161268076,Distracted
2026-02-10T04:21:58.046913,0.11793922009342052,Distracted
2026-02-10T04:21:58.259107,0.10060358578200256,Distracted
2026-02-10T04:21:58.475564,0.10540828947051363,Distracted
2026-02-10T04:21:58.751761,0.10168476015028903,Distracted
2026-02-10T04:21:58.945253,0.12684532454205,Distracted
2026-02-10T04:21:59.151981,0.14153588994614244,Distracted
2026-02-10T04:21:59.356988,0.8337069707260245,Stressed
2026-02-10T04:21:59.587245,0.8281247471743249,Stressed
2026-02-10T04:21:59.887265,0.8101025556666036,Stressed
2026-02-10T04:22:00.093947,0.7994771363281856,Stressed
2026-02-10T04:22:00.293859,0.11582260089425599,Distracted
2026-02-10T04:22:00.495412,0.8130088182683287,Stressed
2026-02-10T04:22:00.727484,0.7980555743507551,Stressed
2026-02-10T04:22:01.029875,0.8088070915856651,Stressed
2026-02-10T04:22:01.242780,0.8037928647449574,Stressed
2026-02-10T04:22:01.443297,0.8026389515910083,Stressed
2026-02-10T04:22:01.653958,0.12899333749856842,Distracted
2026-02-10T04:22:01.939973,0.12385506110034455,Distracted
2026-02-10T04:22:02.145530,0.12033737830621767,Distracted
2026-02-10T04:22:02.348978,0.11986216862655392,Distracted
2026-02-10T04:22:02.547556,0.8023166305874226,Stressed
2026-02-10T04:22:02.759941,0.810121448800643,Stressed
2026-02-10T04:22:03.067099,0.13139875058590592,Distracted
2026-02-10T04:22:03.278918,0.8155149104332933,Stressed
2026-02-10T04:22:03.483348,0.8243942091693772,Stressed
2026-02-10T04:22:03.705121,0.13678092923944818,Distracted
2026-02-10T04:22:03.936164,0.8235975534848682,Stressed
2026-02-10T04:22:04.247942,0.8266553211452702,Stressed
2026-02-10T04:22:04.462489,0.8201935641859734,Stressed
2026-02-10T04:22:04.671908,0.110658622334934,Distracted
2026-02-10T04:22:04.898290,0.11747758890970539,Distracted
2026-02-10T04:22:05.130236,0.17595879064213868,Focused
2026-02-10T04:22:05.434078,0.13493873690628397,Distracted
2026-02-10T04:22:05.669985,0.8517546064365235,Stressed
2026-02-10T04:22:06.002484,0.1534258551655424,Focused
2026-02-10T04:22:06.219990,0.803741049307086,Stressed
2026-02-10T04:22:06.508565,0.8231329445685649,Stressed
2026-02-10T04:22:06.739561,0.1441491504855028,Distracted
2026-02-10T04:22:06.949173,0.15802944960725213,Focused
2026-02-10T04:22:07.166417,0.16285598370041607,Focused
2026-02-10T04:22:07.432465,0.1481863175585698,Focused
2026-02-10T04:22:07.635769,0.15394076994787972,Focused
2026-02-10T04:22:07.879139,0.7842489634820897,Stressed
2026-02-10T04:22:08.079629,0.1606872484122328,Focused
2026-02-10T04:22:08.306156,0.18169326311316614,Focused
2026-02-10T04:22:08.581163,0.18278904987709804,Focused
2026-02-10T04:22:08.792704,0.820350246839482,Stressed
2026-02-10T04:22:09.036231,0.14265753717549762,Distracted
2026-02-10T04:22:09.254250,0.81041551486113,Stressed
2026-02-10T04:22:09.463253,0.1538579611155981,Distracted
2026-02-10T04:22:09.734908,0.15430244637789917,Distracted
2026-02-10T04:22:09.944021,0.1417488856247474,Distracted
2026-02-10T04:22:10.170694,0.14366698675765846,Distracted
2026-02-10T04:22:10.382769,0.12513317004624264,Distracted
2026-02-10T04:22:10.652255,0.12364257221509421,Distracted
2026-02-10T04:22:10.859829,0.12093626729535126,Distracted
2026-02-10T04:22:11.069635,0.8230085889761063,Stressed
2026-02-10T04:22:11.297591,0.11590849315090944,Distracted
2026-02-10T04:22:11.517577,0.7905858735172319,Stressed
2026-02-10T04:22:11.776185,0.8003419979895222,Stressed
2026-02-10T04:22:11.989039,0.8180024784360849,Stressed
2026-02-10T04:22:12.188112,0.8075393943574297,Stressed
2026-02-10T04:22:12.450686,0.7988333339735003,Stressed
2026-02-10T04:22:12.663131,0.8017070066144694,Stressed
2026-02-10T04:22:12.940371,0.7988099874316492,Stressed
2026-02-10T04:22:13.151526,0.7936149230386643,Stressed
2026-02-10T04:22:13.370163,0.13549624516456513,Distracted
2026-02-10T04:22:13.592812,0.15101747641176877,Distracted
2026-02-10T04:22:13.810744,0.14294954261766288,Distracted
2026-02-10T04:22:14.067175,0.15204914314311924,Distracted
2026-02-10T04:22:14.272245,0.8242862847977687,Stressed
2026-02-10T04:22:14.482853,0.13137723753579053,Distracted
2026-02-10T04:22:14.688357,0.14127752306883876,Distracted
2026-02-10T04:22:14.965595,0.15651994258324275,Distracted
2026-02-10T04:22:15.172317,0.12657595938212599,Distracted
2026-02-10T04:22:15.375583,0.13491371983154116,Distracted
2026-02-10T04:22:15.583012,0.1464087710108733,Distracted
2026-02-10T04:22:15.789702,0.13026810973433287,Distracted
2026-02-10T04:22:16.072208,0.14296298151683715,Distracted
2026-02-10T04:22:16.322315,0.14291868661830973,Distracted
2026-02-10T04:22:16.542626,0.14705523924331082,Distracted
2026-02-10T04:22:16.742298,0.1353686110202371,Distracted
2026-02-10T04:22:16.952961,0.13858760806619422,Distracted
2026-02-10T04:22:17.236928,0.13450541138409824,Distracted
2026-02-10T04:22:17.438309,0.7860639624305359,Stressed
2026-02-10T04:22:17.646922,0.8179967936554977,Stressed
2026-02-10T04:22:17.848183,0.821491054983329,Stressed
2026-02-10T04:22:18.027453,0.8056797741338151,Stressed
2026-02-10T04:22:18.265941,0.7967086510762768,Stressed
2026-02-10T04:22:18.473621,0.8012525420737363,Stressed
2026-02-10T04:22:18.658211,0.8096444877520138,Stressed
2026-02-10T04:22:18.831179,0.11834038485504028,Distracted
2026-02-10T04:22:19.004998,0.11148356995304391,Distracted
2026-02-10T04:22:19.174624,0.11541832111849634,Distracted
2026-02-10T04:22:19.429362,0.11245343830482786,Distracted
2026-02-10T04:22:19.659902,0.17051818177254446,Distracted
2026-02-10T04:22:19.829102,0.8029963126993078,Stressed
2026-02-10T04:22:20.003716,0.808130029510023,Stressed
2026-02-10T04:22:20.174257,0.814799568825813,Stressed
2026-02-10T04:22:20.418952,0.8126498756464056,Stressed
2026-02-10T04:22:20.598614,0.11876948192456764,Distracted
2026-02-10T04:22:20.821024,0.8183500167977314,Stressed
2026-02-10T04:22:21.024343,0.12253006715326975,Distracted
2026-02-10T04:22:21.229520,0.13061979291116407,Distracted
2026-02-10T04:22:21.492398,0.12927137191845678,Distracted
2026-02-10T04:22:21.708775,0.8190181711726313,Stressed
2026-02-10T04:22:21.939106,0.12216557731512928,Distracted
2026-02-10T04:22:22.133634,0.12277546796414318,Distracted
2026-02-10T04:22:22.336047,0.1259429397527963,Distracted
2026-02-10T04:22:22.594844,0.1285004657236736,Distracted
2026-02-10T04:22:22.806757,0.1300407533460891,Distracted
2026-02-10T04:22:23.027385,0.12718126596025578,Distracted
2026-02-10T04:22:23.236151,0.1254616551713316,Distracted
2026-02-10T04:22:23.439931,0.1283761748826515,Distracted
2026-02-10T04:22:23.708728,0.1268544302447311,Distracted
2026-02-10T04:22:23.930073,0.8245316800134527,Stressed
2026-02-10T04:22:24.196371,0.8134165027570164,Stressed
2026-02-10T04:22:24.391234,0.10491887520786296,Distracted
2026-02-10T04:22:24.596564,0.11703243354283326,Distracted
2026-02-10T04:22:24.870771,0.11951090584515876,Distracted
2026-02-10T04:22:25.079140,0.12000243091666804,Distracted
2026-02-10T04:22:25.299916,0.11488401497308147,Distracted
2026-02-10T04:22:25.513077,0.1131841173373288,Distracted
2026-02-10T04:22:25.724143,0.11561985668761995,Distracted
2026-02-10T04:22:26.063818,0.10407052626676223,Distracted
2026-02-10T04:22:26.284932,0.15204610299682184,Distracted
2026-02-10T04:22:26.516710,0.8119620519607794,Stressed
2026-02-10T04:22:26.712768,0.12244021816939642,Distracted
2026-02-10T04:22:27.009222,0.8314283448013233,Stressed
2026-02-11T01:05:06.834676,0.820533852314734,Stressed
2026-02-11T01:05:07.135859,0.09765764616126023,Distracted
2026-02-11T01:05:07.336613,0.7733319567785625,Stressed
2026-02-11T01:05:07.529290,0.7792448705092341,Stressed
2026-02-11T01:05:07.760890,0.7873858317443276,Stressed
2026-02-11T01:05:07.997030,0.8248482317032718,Stressed
2026-02-11T01:05:08.257835,0.12730681709866523,Distracted
2026-02-11T01:05:08.464545,0.12928662248053954,Distracted
2026-02-11T01:05:08.661045,0.7943127319310906,Stressed
2026-02-11T01:05:08.951781,0.7937248777114314,Stressed
2026-02-11T01:05:09.192077,0.7886147711702816,Stressed
2026-02-11T01:05:09.439788,0.8133035837086717,Stressed
2026-02-11T01:05:09.657212,0.7912409539823397,Stressed
2026-02-11T01:05:09.967863,0.7986690466829723,Stressed
2026-02-11T01:05:10.198999,0.7940243718036023,Stressed
2026-02-11T01:05:10.441688,0.7859562455160917,Stressed
2026-02-11T01:05:10.677612,0.7923860754501012,Stressed
2026-02-11T01:05:10.946131,0.7981125296016155,Stressed
2026-02-11T01:05:11.152029,0.8007348532206231,Stressed
2026-02-11T01:05:11.361325,0.7927667225855293,Stressed
2026-02-11T01:05:11.577291,0.7967292343600735,Stressed
2026-02-11T01:05:11.785731,0.7868610371489777,Stressed
2026-02-11T01:05:12.033561,0.7841193861596685,Stressed
2026-02-11T01:05:12.238815,0.7670339375236083,Stressed
2026-02-11T01:05:12.449029,0.08732826230427372,Distracted
2026-02-11T01:05:12.659778,0.8089212120493625,Stressed
2026-02-11T01:05:12.880266,0.8036864135783505,Stressed
2026-02-11T01:05:13.153478,0.10978224807886254,Distracted
2026-02-11T01:05:13.353519,0.7976581877202547,Stressed
2026-02-11T01:05:13.555067,0.13203411039067992,Distracted
2026-02-11T01:05:13.764477,0.12414267607308012,Distracted
2026-02-11T01:05:13.985881,0.12922298313371477,Distracted
2026-02-11T01:05:14.266267,0.12963691394497356,Distracted
2026-02-11T01:05:14.480528,0.1370416938911237,Distracted
2026-02-11T01:05:14.664555,0.12632259895395903,Distracted
2026-02-11T01:05:14.873285,0.12338715068733114,Distracted
2026-02-11T01:21:44.693061,0.1260583778257611,Distracted
2026-02-11T01:21:44.861597,0.12656437441673077,Distracted
2026-02-11T01:21:44.985703,0.1303454627685244,Distracted
2026-02-11T01:21:45.104403,0.12932270975138666,Distracted
2026-02-11T01:21:45.292627,0.12035695451842321,Distracted
2026-02-11T01:21:45.494964,0.10936971750766432,Distracted
2026-02-11T01:21:45.605433,0.109470714722275,Distracted
2026-02-11T01:21:45.732181,0.10815989198686353,Distracted
2026-02-11T01:21:45.850431,0.10764939815332805,Distracted
2026-02-11T01:21:46.036075,0.10619698045029251,Distracted
2026-02-11T01:21:46.173760,0.10554625978783659,Distracted
2026-02-11T01:21:46.306524,0.10581763029336227,Distracted
2026-02-11T01:21:46.425737,0.10690229228128426,Distracted
2026-02-11T01:21:46.596471,0.10737647742446911,Distracted
2026-02-11T01:21:46.785860,0.10825629006126679,Distracted
2026-02-11T01:21:46.904098,0.10931587705871829,Distracted
2026-02-11T01:21:47.021066,0.1090501275527596,Distracted
2026-02-11T01:21:47.163245,0.10924381904059689,Distracted
2026-02-11T01:21:47.300687,0.10988630659725311,Distracted
2026-02-11T01:21:47.497264,0.10977976149580182,Distracted
2026-02-11T01:21:47.695166,0.11045579319733881,Distracted
2026-02-11T01:21:47.809714,0.1109876640469112,Distracted
2026-02-11T01:21:47.938307,0.1111268100261305,Distracted
2026-02-11T01:21:48.064881,0.11188613792552209,Distracted
2026-02-11T01:21:48.266728,0.11216519126559465,Distracted
2026-02-11T01:21:48.400647,0.11267088753477913,Distracted
2026-02-11T01:21:48.525145,0.1131460138339814,Distracted
2026-02-11T01:21:48.722624,0.11359138805381534,Distracted
2026-02-11T01:21:48.842191,0.1139614264657882,Distracted
2026-02-11T01:21:49.045173,0.11416177774254084,Distracted
2026-02-11T01:21:49.152569,0.11391984891516362,Distracted
2026-02-11T01:21:49.278120,0.11229212572469782,Distracted
2026-02-11T01:21:49.384356,0.11042305955536745,Distracted
2026-02-11T01:21:49.507193,0.10908192780043491,Distracted
2026-02-11T01:21:49.788543,0.13158362436832965,Distracted
2026-02-11T01:21:49.903770,0.15489196274314987,Distracted
2026-02-11T01:21:50.033285,0.17630987762940897,Distracted
2026-02-11T01:21:50.143439,0.19837024426311378,Distracted
2026-02-11T01:21:50.277970,0.21975500783799087,Distracted
2026-02-11T01:21:50.500755,0.21866531029207925,Distracted
2026-02-11T01:21:50.634228,0.2172716256554702,Distracted
2026-02-11T01:21:50.786433,0.21532877349921062,Distracted
2026-02-11T01:21:51.008004,0.21334894389487802,Distracted
2026-02-11T01:21:51.125451,0.21148006307460135,Distracted
2026-02-11T01:21:51.341632,0.20929000839484185,Distracted
2026-02-11T01:21:51.470553,0.20715999276507013,Distracted
2026-02-11T01:21:51.606537,0.20538180564423686,Distracted
2026-02-11T01:21:51.720171,0.20383636920504805,Distracted
2026-02-11T01:21:51.855102,0.20261097783521573,Distracted
2026-02-11T01:21:52.184249,0.2011656951166581,Distracted
2026-02-11T01:21:52.306069,0.19913978395310564,Distracted
2026-02-11T01:21:52.442007,0.19714597148919785,Distracted
2026-02-11T01:21:52.574252,0.1952351109979937,Distracted
2026-02-11T01:21:52.710663,0.1930527552476317,Distracted
2026-02-11T01:21:52.910917,0.19110361463193437,Distracted
2026-02-11T01:21:53.113646,0.1892541404271826,Distracted
2026-02-11T01:21:53.263503,0.18755464549980758,Distracted
2026-02-11T01:21:53.386409,0.18683232215924309,Distracted
2026-02-11T01:21:53.497953,0.18633728831852195,Distracted
2026-02-11T01:21:53.728590,0.18612000777224366,Distracted
2026-02-11T01:21:53.835712,0.18652642599291014,Distracted
2026-02-11T01:21:53.940344,0.18939371631184893,Distracted
2026-02-11T01:21:54.069780,0.19287907579808664,Distracted
2026-02-11T01:21:54.346026,0.1962222912860599,Distracted
2026-02-11T01:21:54.571100,0.1766601879210437,Distracted
2026-02-11T01:21:54.704246,0.157513938390421,Distracted
2026-02-11T01:21:54.834914,0.13852039052512446,Distracted
2026-02-11T01:21:54.955379,0.11944786904091305,Distracted
2026-02-11T01:21:55.088640,0.10060836871464626,Distracted
2026-02-11T01:21:55.418245,0.12770256073520034,Distracted
2026-02-11T01:21:55.562343,0.15541182309370502,Distracted
2026-02-11T01:21:55.686413,0.18544377172049847,Distracted
2026-02-11T01:21:55.826503,0.21414324401958487,Distracted
2026-02-11T01:21:55.944963,0.24265640178808076,Distracted
2026-02-11T01:21:56.143812,0.2717387359990544,Distracted
2026-02-11T01:21:56.256094,0.3005452997450238,Distracted
2026-02-11T01:21:56.388508,0.3294211897201515,Distracted
2026-02-11T01:21:56.593577,0.35759958251793394,Distracted
2026-02-11T01:21:56.733736,0.38462318943003865,Distracted
2026-02-11T01:21:56.942443,0.41216064434130445,Distracted
2026-02-11T01:21:57.057346,0.4392122947760211,Distracted
2026-02-11T01:21:57.176155,0.46602351076356585,Stressed
2026-02-11T01:21:57.308045,0.49319449886490674,Stressed
2026-02-11T01:21:57.435262,0.519996156846028,Stressed
2026-02-11T01:21:57.753255,0.546512878285286,Stressed
2026-02-11T01:21:57.906017,0.5725421504358753,Stressed
2026-02-11T01:21:58.011646,0.5984189326651144,Stressed
2026-02-11T01:21:58.123138,0.623099435515972,Stressed
2026-02-11T01:21:58.238607,0.6476638411533788,Stressed
2026-02-11T01:21:58.460730,0.6713844033183389,Stressed
2026-02-11T01:21:58.688966,0.6951547417574239,Stressed
2026-02-11T01:21:58.806197,0.7188197608517046,Stressed
2026-02-11T01:21:58.944177,0.7429165016112074,Stressed
2026-02-11T01:21:59.082245,0.767077641413824,Stressed
2026-02-11T01:21:59.301386,0.7917602575155447,Stressed
2026-02-11T01:21:59.432102,0.8160864444151846,Stressed
2026-02-11T01:21:59.569363,0.8406056680098835,Stressed
2026-02-11T01:21:59.798547,0.8643736030773169,Stressed
2026-02-11T01:21:59.925223,0.8886311930124963,Stressed
2026-02-11T01:22:00.165205,0.8890158271779419,Stressed
2026-02-11T01:22:00.297761,0.8887995653079326,Stressed
2026-02-11T01:22:00.417433,0.8863928764340574,Stressed
2026-02-11T01:22:00.545522,0.885035606061009,Stressed
2026-02-11T01:22:00.666655,0.8835943847710794,Stressed
2026-02-11T01:22:00.936634,0.8814348541921885,Stressed
2026-02-11T01:22:01.068542,0.8795701376173697,Stressed
2026-02-11T01:22:01.200344,0.8771518636270211,Stressed
2026-02-11T01:22:01.335076,0.8745331715838688,Stressed
2026-02-11T01:22:01.465076,0.8739818804221715,Stressed
2026-02-11T01:22:01.695936,0.8734278116726476,Stressed
2026-02-11T01:22:01.824575,0.8721722816623775,Stressed
2026-02-11T01:22:02.059140,0.8712842896376252,Stressed
2026-02-11T01:22:02.218553,0.8708273084865626,Stressed
2026-02-11T01:22:02.339688,0.8708007385707697,Stressed
2026-02-11T01:22:02.562496,0.8714648292229883,Stressed
2026-02-11T01:22:02.691811,0.8720701799446274,Stressed
2026-02-11T01:22:02.817938,0.8725531771966761,Stressed
2026-02-11T01:22:02.946310,0.8734843612769585,Stressed
2026-02-11T01:22:03.142724,0.8745233724054314,Stressed
2026-02-11T01:22:03.365247,0.8761162165386032,Stressed
2026-02-11T01:22:03.500609,0.8767796481293132,Stressed
2026-02-11T01:22:03.663148,0.8764325469777098,Stressed
2026-02-11T01:22:03.806335,0.8746862994161911,Stressed
2026-02-11T01:22:03.956453,0.8721759565224817,Stressed
2026-02-11T01:22:04.273739,0.8690734602753654,Stressed
2026-02-11T01:22:04.380131,0.8660463457546396,Stressed
2026-02-11T01:22:04.485002,0.8625528951568228,Stressed
2026-02-11T01:22:04.619676,0.8598124634395458,Stressed
2026-02-11T01:22:04.755470,0.8567415002024247,Stressed
2026-02-11T01:22:04.980536,0.8315482099500979,Stressed
2026-02-11T01:22:05.080335,0.8066796157768568,Stressed
2026-02-11T01:22:05.264629,0.7816744753649982,Stressed
2026-02-11T01:22:05.364936,0.7566696370705653,Stressed
2026-02-11T01:22:05.479797,0.7321714646635445,Stressed
2026-02-11T01:22:05.739625,0.7077221740830942,Stressed
2026-02-11T01:22:05.872351,0.6830056763505501,Stressed
2026-02-11T01:22:06.030709,0.6588242468574272,Stressed
2026-02-11T01:22:06.147530,0.6347126973113734,Stressed
2026-02-11T01:22:06.340285,0.6093109356336689,Stressed
2026-02-11T01:22:06.558794,0.5839333811093202,Stressed
2026-02-11T01:22:06.664931,0.5603155530632288,Stressed
2026-02-11T01:22:06.800380,0.5362154372115288,Stressed
2026-02-11T01:22:06.908966,0.5115120177109022,Stressed
2026-02-11T01:22:07.018983,0.4862575193725492,Stressed
2026-02-11T01:22:07.244559,0.4605598743761376,Stressed
2026-02-11T01:22:07.449854,0.4352243351960728,Stressed
2026-02-11T01:22:07.576155,0.41015691860303505,Distracted
2026-02-11T01:22:07.697049,0.3850193365622961,Distracted
2026-02-11T01:22:07.832754,0.36031054618087277,Distracted
2026-02-11T01:22:08.046172,0.33520958713998206,Distracted
2026-02-11T01:22:08.184381,0.31021822268643234,Distracted
2026-02-11T01:22:08.324661,0.2856534449981537,Distracted
2026-02-11T01:22:08.513053,0.2607994465844109,Distracted
2026-02-11T01:22:08.622346,0.23682370386312496,Distracted
2026-02-11T01:22:08.846832,0.21378988878213476,Distracted
2026-02-11T01:22:08.988628,0.19058971828241905,Distracted
2026-02-11T01:22:09.121301,0.1677611361156245,Distracted
2026-02-11T01:22:09.260505,0.14469759133131976,Distracted
2026-02-11T01:22:09.392436,0.12157719318559586,Distracted
2026-02-11T01:22:09.701157,0.14447270468955675,Distracted
2026-02-11T01:22:09.853710,0.16725551182548862,Distracted
2026-02-11T01:22:10.009545,0.19001379754735198,Distracted
2026-02-11T01:22:10.132369,0.2131855059377528,Distracted
2026-02-11T01:22:10.260716,0.23639589953118925,Distracted
2026-02-11T01:22:10.461539,0.25947864779682833,Distracted
2026-02-11T01:22:10.609851,0.28248435281818357,Distracted
2026-02-11T01:22:10.756657,0.3057167153522303,Distracted
2026-02-11T01:22:10.895812,0.3285918934628405,Distracted
2026-02-11T01:22:11.023197,0.3503956202747762,Distracted
2026-02-11T01:22:11.253474,0.3730805472214685,Distracted
2026-02-11T01:22:11.377725,0.39585102728026905,Distracted
2026-02-11T01:22:11.510211,0.4186645632513226,Distracted
2026-02-11T01:22:11.649305,0.44152464627367893,Stressed
2026-02-11T01:22:11.842266,0.4647112678848032,Stressed
2026-02-11T01:22:12.098214,0.4886754092944398,Stressed
2026-02-11T01:22:12.224101,0.5113392185940941,Stressed
2026-02-11T01:22:12.357142,0.5339156259189948,Stressed
2026-02-11T01:22:12.498861,0.5570055095909521,Stressed
2026-02-11T01:22:12.636963,0.5789331585698495,Stressed
2026-02-11T01:22:12.917436,0.6018172388768211,Stressed
2026-02-11T01:22:13.060322,0.6263987336614909,Stressed
2026-02-11T01:22:13.183388,0.650380211695541,Stressed
2026-02-11T01:22:13.301497,0.6743703443550229,Stressed
2026-02-11T01:22:13.422081,0.6980687215599838,Stressed
2026-02-11T01:22:13.627481,0.7216650589299932,Stressed
2026-02-11T01:22:13.735036,0.7454056419720876,Stressed
2026-02-11T01:22:13.907973,0.7687428392848508,Stressed
2026-02-11T01:22:14.031298,0.7923180659341861,Stressed
2026-02-11T01:22:14.156619,0.81566943119752,Stressed
2026-02-11T01:22:14.380803,0.792615510733662,Stressed
2026-02-11T01:22:14.484654,0.7699159363114434,Stressed
2026-02-11T01:22:14.598338,0.7468784789250128,Stressed
2026-02-11T01:22:14.708958,0.7232500123286262,Stressed
2026-02-11T01:22:14.812154,0.6997944481857427,Stressed
2026-02-11T01:22:15.063506,0.6997483586823011,Stressed
2026-02-11T01:22:15.181269,0.6998293811814625,Stressed
2026-02-11T01:22:15.293662,0.699434137069685,Stressed
2026-02-11T01:22:15.429806,0.6998692442318262,Stressed
2026-02-11T01:22:15.538923,0.7011962734929317,Stressed
2026-02-11T01:22:15.724915,0.7018853591572357,Stressed
2026-02-11T01:22:15.858810,0.7019388114273595,Stressed
2026-02-11T01:22:16.065101,0.702463521054167,Stressed
2026-02-11T01:22:16.199478,0.7030385082740983,Stressed
2026-02-11T01:22:16.304528,0.7038172805843851,Stressed
2026-02-11T01:22:16.502542,0.7036065525090923,Stressed
2026-02-11T01:22:16.649209,0.7045929161718089,Stressed
2026-02-11T01:22:16.774871,0.7054810321409353,Stressed
2026-02-11T01:22:16.911713,0.7054481120801245,Stressed
2026-02-11T01:22:17.127944,0.7056475694972751,Stressed
2026-02-11T01:22:17.338130,0.7056988496922835,Stressed
2026-02-11T01:22:17.441023,0.7040772800462284,Stressed
2026-02-11T01:22:17.543260,0.7025395926777175,Stressed
2026-02-11T01:22:17.656611,0.7010856661251839,Stressed
2026-02-11T01:22:17.805587,0.698692272677149,Stressed
2026-02-11T01:22:18.005483,0.6962661565490714,Stressed
2026-02-11T01:22:18.105519,0.6943750595695788,Stressed
2026-02-11T01:22:18.277255,0.6928580964267055,Stressed
2026-02-11T01:22:18.384790,0.6907501010790609,Stressed
2026-02-11T01:22:18.491305,0.6888487111950842,Stressed
2026-02-11T01:22:18.683605,0.7106269397091691,Stressed
2026-02-11T01:22:18.782420,0.731992219426023,Stressed
2026-02-11T01:22:18.923585,0.754387889633265,Stressed
2026-02-11T01:22:19.036545,0.7772685150855452,Stressed
2026-02-11T01:22:19.142879,0.8000022686957932,Stressed
2026-02-11T01:22:19.422743,0.7991079018130348,Stressed
2026-02-11T01:22:19.527347,0.7986342312394628,Stressed
2026-02-11T01:22:19.639992,0.7981634109163716,Stressed
2026-02-11T01:22:19.771591,0.7975036736427589,Stressed
2026-02-11T01:22:19.869376,0.7965834750812856,Stressed
2026-02-11T01:22:20.083243,0.7723639118765767,Stressed
2026-02-11T01:22:20.196210,0.7478683102417081,Stressed
2026-02-11T01:22:20.388295,0.7242351502770761,Stressed
2026-02-11T01:22:20.484727,0.7010283966482131,Stressed
2026-02-11T01:22:20.579215,0.6758669090893836,Stressed
2026-02-11T01:22:20.794464,0.6746405325731657,Stressed
2026-02-11T01:22:20.891900,0.6725054693692659,Stressed
2026-02-11T01:22:20.992053,0.6707826014447336,Stressed
2026-02-11T01:22:21.077094,0.6700617023968886,Stressed
2026-02-11T01:22:21.188847,0.6689518717874922,Stressed
2026-02-11T01:22:21.467052,0.6686680927481131,Stressed
2026-02-11T01:22:21.578136,0.6688396018249015,Stressed
2026-02-11T01:22:21.668200,0.6689999921705579,Stressed
2026-02-11T01:22:21.760710,0.669163098112272,Stressed
2026-02-11T01:22:21.872483,0.6704114328977998,Stressed
2026-02-11T01:22:22.074367,0.6716638982459754,Stressed
2026-02-11T01:22:22.162468,0.6725181768139074,Stressed
2026-02-11T01:22:22.249928,0.6732707856472643,Stressed
2026-02-11T01:22:22.338676,0.674046479889049,Stressed
2026-02-11T01:22:22.588588,0.6750735570410282,Stressed
2026-02-11T01:22:22.755368,0.6756516266105012,Stressed
2026-02-11T01:22:22.861984,0.6761157434175441,Stressed
2026-02-11T01:22:22.953385,0.6766346000121808,Stressed
2026-02-11T01:22:23.059126,0.6768867958443564,Stressed
2026-02-11T01:22:23.194750,0.6771917307865701,Stressed
2026-02-11T01:22:23.410912,0.6769439223642686,Stressed
2026-02-11T01:22:23.509165,0.6756646398999463,Stressed
2026-02-11T01:22:23.747923,0.6762622564278999,Stressed
2026-02-11T01:22:23.853525,0.6759844380146295,Stressed
2026-02-11T01:22:23.951104,0.6768027804363912,Stressed
2026-02-11T01:22:24.131331,0.7007273416436384,Stressed
2026-02-11T01:22:24.228283,0.724949923026723,Stressed
2026-02-11T01:22:24.377328,0.7478947643730192,Stressed
2026-02-11T01:22:24.478871,0.7704208991271185,Stressed
2026-02-11T01:22:24.567650,0.794478172573743,Stressed
2026-02-11T01:22:24.910599,0.7950126283583377,Stressed
2026-02-11T01:22:25.030931,0.7965635865688863,Stressed
2026-02-11T01:22:25.131963,0.7976428806273451,Stressed
2026-02-11T01:22:25.224640,0.7979905684714009,Stressed
2026-02-11T01:22:25.316545,0.7992737697357332,Stressed
2026-02-11T01:22:25.491049,0.7989245155425423,Stressed
2026-02-11T01:22:25.586048,0.7983579097344529,Stressed
2026-02-11T01:22:25.680835,0.7979235518621963,Stressed
2026-02-11T01:22:25.872376,0.7978287966527814,Stressed
2026-02-11T01:22:26.013045,0.7972823924775965,Stressed
2026-02-11T01:22:26.207306,0.7961425639088197,Stressed
2026-02-11T01:22:26.301071,0.7954318931776115,Stressed
2026-02-11T01:22:26.390372,0.7957030268456732,Stressed
2026-02-11T01:22:26.484827,0.7961779023185237,Stressed
2026-02-11T01:22:26.586500,0.796440698061444,Stressed
2026-02-11T01:22:26.766811,0.7733993897909245,Stressed
2026-02-11T01:22:26.870302,0.7504446075219119,Stressed
2026-02-11T01:22:27.027909,0.7253437229500937,Stressed
2026-02-11T01:22:27.157063,0.7017618118551459,Stressed
2026-02-11T01:22:27.283529,0.676849737551091,Stressed
2026-02-11T01:22:27.457124,0.6758345485479371,Stressed
2026-02-11T01:22:27.563300,0.6756618283121347,Stressed
2026-02-11T01:22:27.674582,0.6758340628913951,Stressed
2026-02-11T01:22:27.762683,0.6765759461192817,Stressed
2026-02-11T01:22:27.865946,0.6762124513165695,Stressed
2026-02-11T01:22:28.096566,0.6764112504110343,Stressed
2026-02-11T01:22:28.188447,0.6770099591563115,Stressed
2026-02-11T01:22:28.309118,0.6783302152287052,Stressed
2026-02-11T01:22:28.422417,0.679768039816798,Stressed
2026-02-11T01:22:28.514805,0.6808494124850559,Stressed
2026-02-11T01:22:28.690137,0.6821449474460594,Stressed
2026-02-11T01:22:28.778801,0.6824975295212485,Stressed
2026-02-11T01:22:28.896804,0.6827817835515799,Stressed
2026-02-11T01:22:29.001029,0.682868235195446,Stressed
2026-02-11T01:22:29.197903,0.6824823238068717,Stressed
2026-02-11T01:22:29.386750,0.6676227122966918,Stressed
2026-02-11T01:22:29.517615,0.653181180921779,Stressed
2026-02-11T01:22:29.616906,0.6384739917771127,Stressed
2026-02-11T01:22:29.717220,0.6240605019153561,Stressed
2026-02-11T01:22:29.809326,0.6102944680977842,Stressed
2026-02-11T01:22:30.010307,0.6117397814089696,Stressed
2026-02-11T01:22:30.099148,0.6124586221336366,Stressed
2026-02-11T01:22:30.299049,0.6125028886731803,Stressed
2026-02-11T01:22:30.398020,0.6126336542891175,Stressed
2026-02-11T01:22:30.494995,0.6130170586339233,Stressed
2026-02-11T01:22:30.740124,0.6367453425839106,Stressed
2026-02-11T01:22:30.856486,0.6601146457325159,Stressed
2026-02-11T01:22:30.973319,0.6842117667040404,Stressed
2026-02-11T01:22:31.064780,0.7065741672980635,Stressed
2026-02-11T01:22:31.157122,0.7304564971033384,Stressed
2026-02-11T01:22:31.453610,0.7312094238707652,Stressed
2026-02-11T01:22:31.546814,0.7317413376372048,Stressed
2026-02-11T01:22:31.638929,0.7311684940538125,Stressed
2026-02-11T01:22:31.743705,0.7312631513202901,Stressed
2026-02-11T01:22:31.883788,0.73133226481875,Stressed
2026-02-11T01:22:32.084669,0.7309752001097486,Stressed
2026-02-11T01:22:32.190630,0.7296403727641573,Stressed
2026-02-11T01:22:32.283977,0.7280375205581902,Stressed
2026-02-11T01:22:32.479806,0.7261758038536009,Stressed
2026-02-11T01:22:32.574732,0.7252059653271772,Stressed
2026-02-11T01:22:32.748772,0.7243134299946863,Stressed
2026-02-11T01:22:32.894281,0.7239380049395113,Stressed
2026-02-11T01:22:33.053182,0.7239171035564779,Stressed
2026-02-11T01:22:33.151410,0.7242443284610196,Stressed
2026-02-11T01:22:33.242478,0.7249360826900015,Stressed
2026-02-11T01:22:33.419156,0.7401622191169169,Stressed
2026-02-11T01:22:33.622043,0.754839280683819,Stressed
2026-02-11T01:22:33.714280,0.7702280438426978,Stressed
2026-02-11T01:22:33.810927,0.7874276641383019,Stressed
2026-02-11T01:22:33.905284,0.8046848344435376,Stressed
2026-02-11T01:22:34.097861,0.7855265927862732,Stressed
2026-02-11T01:22:34.228021,0.7644830818491504,Stressed
2026-02-11T01:22:34.323981,0.7428795230488296,Stressed
2026-02-11T01:22:34.419128,0.720921099553366,Stressed
2026-02-11T01:22:34.517436,0.6989139679093962,Stressed
2026-02-11T01:22:34.804664,0.6988554986010883,Stressed
2026-02-11T01:22:34.915904,0.69884260433357,Stressed
2026-02-11T01:22:35.012496,0.7006416141718738,Stressed
2026-02-11T01:22:35.131690,0.7054856362781956,Stressed
2026-02-11T01:22:35.225434,0.7099090454871678,Stressed
2026-02-11T01:22:35.441873,0.71124521914713,Stressed
2026-02-11T01:22:35.544894,0.7102037550510704,Stressed
2026-02-11T01:22:35.637724,0.7100937177734389,Stressed
2026-02-11T01:22:35.810309,0.7100733704184122,Stressed
2026-02-11T01:22:35.930104,0.7100674074234364,Stressed
2026-02-11T01:22:36.151368,0.7097393022656665,Stressed
2026-02-11T01:22:36.278086,0.7099014440486039,Stressed
2026-02-11T01:22:36.401453,0.7103703276933666,Stressed
2026-02-11T01:22:36.555395,0.711304150355401,Stressed
2026-02-11T01:22:36.649859,0.7118568213285309,Stressed
2026-02-11T01:22:36.926014,0.7123283124706467,Stressed
2026-02-11T01:22:37.018278,0.713387879125684,Stressed
2026-02-11T01:22:37.112461,0.712131793087966,Stressed
2026-02-11T01:22:37.231203,0.7099680510071626,Stressed
2026-02-11T01:22:37.323429,0.7082004872234631,Stressed
2026-02-11T01:22:37.499917,0.683991874305372,Stressed
2026-02-11T01:22:37.615074,0.6600301968424293,Stressed
2026-02-11T01:22:37.745835,0.6362724858380421,Stressed
2026-02-11T01:22:37.915931,0.6118103095313016,Stressed
2026-02-11T01:22:38.019819,0.5879660900433769,Stressed
2026-02-11T01:22:38.203886,0.6069091252793458,Stressed
2026-02-11T01:22:38.303882,0.6286534308060057,Stressed
2026-02-11T01:22:38.395097,0.6507607902074517,Stressed
2026-02-11T01:22:38.490345,0.6725094688139127,Stressed
2026-02-11T01:22:38.583785,0.6947730706199094,Stressed
2026-02-11T01:22:38.856436,0.6960839560321942,Stressed
2026-02-11T01:22:39.059530,0.6971334543951176,Stressed
2026-02-11T01:22:39.174874,0.6977458318657708,Stressed
2026-02-11T01:22:39.296293,0.6946403880311259,Stressed
2026-02-11T01:22:39.387828,0.6916897243538659,Stressed
2026-02-11T01:22:39.565576,0.6924591309435317,Stressed
2026-02-11T01:22:39.663084,0.6953575896167972,Stressed
2026-02-11T01:22:39.754923,0.6969496097241196,Stressed
2026-02-11T01:22:39.871430,0.6980937991424664,Stressed
2026-02-11T01:22:40.106322,0.6994976229481951,Stressed
2026-02-11T01:22:40.282815,0.7010727333127414,Stressed
2026-02-11T01:22:40.380958,0.7034118671769249,Stressed
2026-02-11T01:22:40.475046,0.7044863060697072,Stressed
2026-02-11T01:22:40.635207,0.7051870831307098,Stressed
2026-02-11T01:22:40.755027,0.7057478088048025,Stressed
2026-02-11T01:22:40.927970,0.7061206421109139,Stressed
2026-02-11T01:22:41.029299,0.7060013154481365,Stressed
2026-02-11T01:22:41.229549,0.7081609845721932,Stressed
2026-02-11T01:22:41.340434,0.7110431843385261,Stressed
2026-02-11T01:22:41.436912,0.7127013701163462,Stressed
2026-02-11T01:22:41.643064,0.7373716939276831,Stressed
2026-02-11T01:22:41.793560,0.762265555738443,Stressed
2026-02-11T01:22:41.899437,0.7862286780004247,Stressed
2026-02-11T01:22:41.990546,0.8092039467453556,Stressed
2026-02-11T01:22:42.084153,0.8311395944917402,Stressed
2026-02-11T01:22:42.409364,0.8320894231652558,Stressed
2026-02-11T01:22:42.611954,0.8324108637167503,Stressed
2026-02-11T01:22:42.727908,0.8324644052399583,Stressed
2026-02-11T01:22:42.845929,0.8336649077853581,Stressed
2026-02-11T01:22:42.959133,0.8345153084962064,Stressed
2026-02-11T01:22:43.144404,0.8338830552842016,Stressed
2026-02-11T01:22:43.239133,0.8338111936355562,Stressed
2026-02-11T01:22:43.415497,0.8333288459155384,Stressed
2026-02-11T01:22:43.548609,0.8337853472522301,Stressed
2026-02-11T01:22:43.662482,0.8341906668822525,Stressed
2026-02-11T01:22:44.133675,0.83378282517401,Stressed
2026-02-11T01:22:44.237191,0.8341670989812294,Stressed
2026-02-11T01:22:44.459436,0.8340772336299921,Stressed
2026-02-11T01:22:44.695836,0.8338864947180795,Stressed
2026-02-11T01:22:44.916050,0.8334688620016755,Stressed
2026-02-11T01:22:45.091043,0.8330619472427458,Stressed
2026-02-11T01:22:45.207098,0.8316529006164824,Stressed
2026-02-11T01:22:45.324580,0.8316128125115404,Stressed
2026-02-11T01:22:45.436159,0.8309025127663179,Stressed
2026-02-11T01:22:45.660737,0.8303800598608831,Stressed
2026-02-11T01:22:45.874304,0.8295701069080866,Stressed
2026-02-11T01:22:45.979302,0.8291550731986859,Stressed
2026-02-11T01:22:46.092237,0.8284485468700319,Stressed
2026-02-11T01:22:46.197362,0.8277675818126206,Stressed
2026-02-11T01:22:46.293823,0.8276992045152572,Stressed
2026-02-11T01:22:46.470932,0.8277713579964229,Stressed
2026-02-11T01:22:46.684670,0.8273847897445615,Stressed
2026-02-11T01:22:46.802844,0.8272680976086284,Stressed
2026-02-11T01:22:46.916229,0.8266245018979048,Stressed
2026-02-11T01:23:53.022551,0.780491898439191,Stressed
2026-02-11T01:23:53.186670,0.7895600093832874,Stressed
2026-02-11T01:23:53.319829,0.7997364310551379,Stressed
2026-02-11T01:23:53.415418,0.822231594548543,Stressed
2026-02-11T01:23:53.671553,0.8267466838742508,Stressed
2026-02-11T01:23:53.782451,0.826177604300168,Stressed
2026-02-11T01:23:53.895831,0.8252509966261254,Stressed
2026-02-11T01:23:54.015424,0.8230571798367733,Stressed
2026-02-11T01:23:54.148163,0.8210669599312878,Stressed
2026-02-11T01:23:54.411989,0.8161953393172563,Stressed
2026-02-11T01:23:54.553215,0.8134212754413297,Stressed
2026-02-11T01:23:54.773355,0.8115079672130614,Stressed
2026-02-11T01:23:54.895322,0.8091051157011923,Stressed
2026-02-11T01:23:55.019357,0.8084188648058503,Stressed
2026-02-11T01:23:55.215110,0.80872251307437,Stressed
2026-02-11T01:23:55.342384,0.8098028249460117,Stressed
2026-02-11T01:23:55.481117,0.812391940621095,Stressed
2026-02-11T01:23:55.620888,0.8149374980287276,Stressed
2026-02-11T01:23:55.853926,0.8182809656302488,Stressed
2026-02-11T01:23:56.056453,0.8216567400389252,Stressed
2026-02-11T01:23:56.147663,0.8218132406736413,Stressed
2026-02-11T01:23:56.276463,0.8215757961980654,Stressed
2026-02-11T01:23:56.438387,0.8210296706014166,Stressed
2026-02-11T01:23:56.547820,0.82027117106828,Stressed
2026-02-11T01:23:56.752261,0.8199036711130911,Stressed
2026-02-11T01:23:56.957531,0.8216460308228992,Stressed
2026-02-11T01:23:57.048588,0.823467928954181,Stressed
2026-02-11T01:23:57.176573,0.8243377936912207,Stressed
2026-02-11T01:23:57.300196,0.8244721023040372,Stressed
2026-02-11T01:23:57.520647,0.824673834061274,Stressed
2026-02-11T01:23:57.632139,0.8272712723216105,Stressed
2026-02-11T01:23:57.760483,0.8296222306702903,Stressed
2026-02-11T01:23:57.902547,0.8312523302435878,Stressed
2026-02-11T01:23:58.129959,0.8299676191282075,Stressed
2026-02-11T01:23:58.328813,0.8304087835027414,Stressed
2026-02-11T01:23:58.462488,0.8315031890629362,Stressed
2026-02-11T01:23:58.573537,0.83265782945217,Stressed
2026-02-11T01:23:58.677661,0.8342122668069542,Stressed
2026-02-11T01:23:58.787170,0.8361599031026186,Stressed
2026-02-11T01:23:58.995184,0.8388118357071114,Stressed
2026-02-11T01:23:59.246009,0.841947524520139,Stressed
2026-02-11T01:23:59.379581,0.8440265830873417,Stressed
2026-02-11T01:23:59.532218,0.8457186631591358,Stressed
2026-02-11T01:23:59.659122,0.8463902163103645,Stressed
2026-02-11T01:23:59.887280,0.8457957151119443,Stressed
2026-02-11T01:24:00.016646,0.8444701541573799,Stressed
2026-02-11T01:24:00.150077,0.8432997298053635,Stressed
2026-02-11T01:24:00.360785,0.8416231866914685,Stressed
2026-02-11T01:24:00.479080,0.8394758283765619,Stressed
2026-02-11T01:24:00.736527,0.8148667059798071,Stressed
2026-02-11T01:24:00.864571,0.7935668217782236,Stressed
2026-02-11T01:24:01.000650,0.7721251972912689,Stressed
2026-02-11T01:24:01.117648,0.7511259623197242,Stressed
2026-02-11T01:24:01.225533,0.7307957077942018,Stressed
2026-02-11T01:24:01.546014,0.7311634422407509,Stressed
2026-02-11T01:24:01.695232,0.7305392813983702,Stressed
2026-02-11T01:24:01.825640,0.727955020097181,Stressed
2026-02-11T01:24:01.959808,0.7271836840539471,Stressed
2026-02-11T01:24:02.077300,0.7275731062083434,Stressed
2026-02-11T01:24:02.283501,0.7270606210506279,Stressed
2026-02-11T01:24:02.503250,0.7257658523733446,Stressed
2026-02-11T01:24:02.680607,0.7245734016621489,Stressed
2026-02-11T01:24:02.800729,0.7225178659002987,Stressed
2026-02-11T01:24:02.930999,0.7210852550704964,Stressed
2026-02-11T01:24:03.132914,0.7197210770552276,Stressed
2026-02-11T01:24:03.268754,0.7186580614541129,Stressed
2026-02-11T01:24:03.415148,0.7172477751175671,Stressed
2026-02-11T01:24:03.627997,0.7164502221722427,Stressed
2026-02-11T01:24:03.779052,0.7154724996499826,Stressed
2026-02-11T01:24:03.995760,0.7149042743088942,Stressed
2026-02-11T01:24:04.131909,0.7133183447777587,Stressed
2026-02-11T01:24:04.260320,0.7138228854220597,Stressed
2026-02-11T01:24:04.383811,0.7131875536515637,Stressed
2026-02-11T01:24:04.520070,0.7136926931742157,Stressed
2026-02-11T01:24:04.810792,0.6908752084601643,Stressed
2026-02-11T01:24:04.934568,0.6687763381581725,Stressed
2026-02-11T01:24:05.071987,0.6456343304212826,Stressed
2026-02-11T01:24:05.200169,0.6228875971559474,Stressed
2026-02-11T01:24:05.326470,0.5999156071866082,Stressed
2026-02-11T01:24:05.554278,0.599050210233614,Stressed
2026-02-11T01:24:05.744700,0.5976012439746003,Stressed
2026-02-11T01:24:05.892104,0.5960874189408283,Stressed
2026-02-11T01:24:06.033773,0.5943684153413221,Stressed
2026-02-11T01:24:06.177320,0.5918613594869664,Stressed
2026-02-11T01:24:06.402589,0.5913121271628419,Stressed
2026-02-11T01:24:06.525386,0.5902756427934481,Stressed
2026-02-11T01:24:06.641604,0.592000436354511,Stressed
2026-02-11T01:24:06.892147,0.5919492546606848,Stressed
2026-02-11T01:24:07.015439,0.5916261703307983,Stressed
2026-02-11T01:24:07.250938,0.5912334834149356,Stressed
2026-02-11T01:24:07.398582,0.5912088504099132,Stressed
2026-02-11T01:24:07.520206,0.5899977361743672,Stressed
2026-02-11T01:24:07.656177,0.5898644413733327,Stressed
2026-02-11T01:24:07.790120,0.5901349953597316,Stressed
2026-02-11T01:24:08.099737,0.5898146218877935,Stressed
2026-02-11T01:24:08.203940,0.5891097384266074,Stressed
2026-02-11T01:24:08.316463,0.589305771240058,Stressed
2026-02-11T01:24:08.446629,0.5872202493362628,Stressed
2026-02-11T01:24:08.589276,0.5859630772016983,Stressed
2026-02-11T01:24:08.810303,0.5620102020400279,Stressed
2026-02-11T01:24:09.039570,0.5377271523076936,Stressed
2026-02-11T01:24:09.163570,0.5120075839628694,Stressed
2026-02-11T01:24:09.258274,0.4886334026827861,Stressed
2026-02-11T01:24:09.372250,0.46424810393823357,Stressed
2026-02-11T01:24:09.589600,0.4869831205499785,Stressed
2026-02-11T01:24:09.723691,0.5097903672658767,Stressed
2026-02-11T01:24:09.839625,0.53236527133973,Stressed
2026-02-11T01:24:09.974336,0.5554740994234417,Stressed
2026-02-11T01:24:10.192536,0.5781978213700237,Stressed
2026-02-11T01:24:10.403406,0.6013335812058025,Stressed
2026-02-11T01:24:10.526308,0.6240680445731388,Stressed
2026-02-11T01:24:10.667497,0.6454349869719633,Stressed
2026-02-11T01:24:10.806282,0.6671093807493863,Stressed
2026-02-11T01:24:10.931893,0.6883876773097469,Stressed
2026-02-11T01:24:11.191276,0.6878626403237207,Stressed
2026-02-11T01:24:11.325163,0.6874122572497439,Stressed
2026-02-11T01:24:11.465489,0.686793055158731,Stressed
2026-02-11T01:24:11.594863,0.6873103942354934,Stressed
2026-02-11T01:24:11.712153,0.6867895630857536,Stressed
2026-02-11T01:24:11.912737,0.686747129468262,Stressed
2026-02-11T01:24:12.054117,0.686903130068825,Stressed
2026-02-11T01:24:12.185986,0.6873956948999829,Stressed
2026-02-11T01:24:12.405871,0.6879320476462124,Stressed
2026-02-11T01:24:12.540012,0.6878879041306987,Stressed
2026-02-11T01:24:12.744586,0.6882501157338751,Stressed
2026-02-11T01:24:12.881639,0.6889021914746573,Stressed
2026-02-11T01:24:13.010823,0.6889972945025248,Stressed
2026-02-11T01:24:13.163218,0.691289739985886,Stressed
2026-02-11T01:24:13.287369,0.6913458935554574,Stressed
2026-02-11T01:24:13.565897,0.714445473256302,Stressed
2026-02-11T01:24:13.663222,0.7378094028464125,Stressed
2026-02-11T01:24:13.789590,0.762500351011818,Stressed
2026-02-11T01:24:13.907922,0.7866101470717485,Stressed
2026-02-11T01:24:14.027871,0.8099739877808044,Stressed
2026-02-11T01:24:14.247259,0.8111590812152799,Stressed
2026-02-11T01:24:14.380084,0.8121531585750661,Stressed
2026-02-11T01:24:14.616651,0.8125156047111023,Stressed
2026-02-11T01:24:14.751065,0.8121643600393593,Stressed
2026-02-11T01:24:14.876089,0.8130158935505367,Stressed
2026-02-11T01:24:15.092700,0.8134980082238418,Stressed
2026-02-11T01:24:15.225344,0.8130802738484351,Stressed
2026-02-11T01:24:15.341723,0.815241988857434,Stressed
2026-02-11T01:24:15.482118,0.816690712516155,Stressed
2026-02-11T01:24:15.733111,0.8179750612438645,Stressed
2026-02-11T01:24:15.952939,0.8187718753802131,Stressed
2026-02-11T01:24:16.046707,0.8187833466043828,Stressed
2026-02-11T01:24:16.141336,0.8174757083915126,Stressed
2026-02-11T01:24:16.254744,0.8160452507848952,Stressed
2026-02-11T01:24:16.389698,0.8156442870998221,Stressed
2026-02-11T01:24:16.632598,0.8160147723038045,Stressed
2026-02-11T01:24:16.864731,0.8161521309734204,Stressed
2026-02-11T01:24:16.991849,0.8164422143737083,Stressed
2026-02-11T01:24:17.113346,0.8162051990597131,Stressed
2026-02-11T01:24:17.245896,0.8161304326244577,Stressed
2026-02-11T01:24:17.452672,0.8162040419119269,Stressed
2026-02-11T01:24:17.560189,0.8160209329652582,Stressed
2026-02-11T01:24:17.669964,0.8157619794326347,Stressed
2026-02-11T01:24:17.910229,0.815167746462244,Stressed
2026-02-11T01:24:18.049948,0.8155737680460973,Stressed
2026-02-11T01:24:18.303317,0.8159302653590835,Stressed
2026-02-11T01:24:18.415336,0.8169301608977563,Stressed
2026-02-11T01:24:18.534893,0.8162806653209227,Stressed
2026-02-11T01:24:18.659409,0.8154805120458811,Stressed
2026-02-11T01:24:18.766645,0.8158456411205083,Stressed
2026-02-11T01:24:19.097683,0.8154611639585085,Stressed
2026-02-11T01:24:19.212869,0.815309601828735,Stressed
2026-02-11T01:24:19.331138,0.8154033290587186,Stressed
2026-02-11T01:24:19.443607,0.8164190610952458,Stressed
2026-02-11T01:24:19.558968,0.8158611339206309,Stressed
2026-02-11T01:24:19.753278,0.8154277306105203,Stressed
2026-02-11T01:24:19.863233,0.8162064098879055,Stressed
2026-02-11T01:24:20.094281,0.8159193897920739,Stressed
2026-02-11T01:24:20.233192,0.8159824054513284,Stressed
2026-02-11T01:24:20.363590,0.8171167580480907,Stressed
2026-02-11T01:24:20.576408,0.8174572545289499,Stressed
2026-02-11T01:24:20.666608,0.8184729858138077,Stressed
2026-02-11T01:24:20.759067,0.8198783219253092,Stressed
2026-02-11T01:24:20.853795,0.8210840328177837,Stressed
2026-02-11T01:24:20.968750,0.8219367844686786,Stressed
2026-02-11T01:24:21.244582,0.8225399532883713,Stressed
2026-02-11T01:24:21.361363,0.8222809745390258,Stressed
2026-02-11T01:24:21.492405,0.8222498302390203,Stressed
2026-02-11T01:24:21.584077,0.8223111854598858,Stressed
2026-02-11T01:24:21.676010,0.8223028567335816,Stressed
2026-02-11T01:24:21.848341,0.7990638675190124,Stressed
2026-02-11T01:24:21.946929,0.7759017298386492,Stressed
2026-02-11T01:24:22.041554,0.7528505609253406,Stressed
2026-02-11T01:24:22.244714,0.7300027697470072,Stressed
2026-02-11T01:24:22.351265,0.7073431035360667,Stressed
2026-02-11T01:24:22.561148,0.6843428219263635,Stressed
2026-02-11T01:24:22.681893,0.660794168524335,Stressed
2026-02-11T01:24:22.777182,0.6376527397976459,Stressed
2026-02-11T01:24:22.871006,0.6148253651164929,Stressed
2026-02-11T01:24:22.965362,0.5919730750404412,Stressed
2026-02-11T01:24:23.151554,0.5692623440228542,Stressed
2026-02-11T01:24:23.360775,0.5456742465174528,Stressed
2026-02-11T01:24:23.461268,0.5224915894753651,Stressed
2026-02-11T01:24:23.558310,0.4990284593562591,Stressed
2026-02-11T01:24:23.670190,0.4762464459288315,Stressed
2026-02-11T01:24:23.903377,0.4532516112946832,Stressed
2026-02-11T01:24:24.014916,0.4297619127534701,Stressed
2026-02-11T01:24:24.129235,0.40636456895930434,Distracted
2026-02-11T01:24:24.255169,0.38322541250636866,Distracted
2026-02-11T01:24:24.461337,0.35972881156538705,Distracted
2026-02-11T01:24:24.677974,0.35949040441968977,Distracted
2026-02-11T01:24:24.773079,0.35846295372414083,Distracted
2026-02-11T01:24:24.905892,0.35788427732613315,Distracted
2026-02-11T01:24:25.039039,0.3576712320760643,Distracted
2026-02-11T01:24:25.167679,0.3573907943580459,Distracted
2026-02-11T01:24:25.373956,0.3340345638901422,Distracted
2026-02-11T01:24:25.567283,0.3106535644414122,Distracted
2026-02-11T01:24:25.668505,0.2868417976926609,Distracted
2026-02-11T01:24:25.791687,0.26388834272991785,Distracted
2026-02-11T01:24:25.888429,0.24091724676303922,Distracted
2026-02-11T01:24:26.169691,0.2641476821197689,Distracted
2026-02-11T01:24:26.277884,0.287506322284055,Distracted
2026-02-11T01:24:26.371422,0.3090545758670833,Distracted
2026-02-11T01:24:26.461550,0.3313078248706692,Distracted
2026-02-11T01:24:26.667288,0.3544659053662976,Distracted
2026-02-11T01:24:26.867201,0.3774815589236662,Distracted
2026-02-11T01:24:26.992370,0.4008187532554164,Distracted
2026-02-11T01:24:27.124581,0.4244659178858551,Stressed
2026-02-11T01:24:27.268505,0.4475644517097717,Stressed
2026-02-11T01:24:27.412287,0.4712494299821318,Stressed
2026-02-11T01:24:27.721617,0.49477705900433655,Stressed
2026-02-11T01:24:27.832141,0.5185950847802635,Stressed
2026-02-11T01:24:27.956393,0.5429591317999294,Stressed
2026-02-11T01:24:28.068413,0.5665717731541993,Stressed
2026-02-11T01:24:28.192384,0.5900525848326853,Stressed
2026-02-17T14:52:31.535585,0.7710246069785909,Stressed
2026-02-17T14:52:32.603519,0.7949668916832675,Stressed
2026-02-17T14:52:32.752158,0.8003354369910044,Stressed
2026-02-17T14:52:32.945635,0.8061584262379298,Stressed
2026-02-17T14:52:33.249776,0.8045653099464397,Stressed
2026-02-17T14:52:33.421542,0.804316008062595,Stressed
2026-02-17T14:52:33.641426,0.8042671733841933,Stressed
2026-02-17T14:52:33.806395,0.802450679242332,Stressed
2026-02-17T14:52:33.964006,0.8030363198362402,Stressed
2026-02-17T14:52:34.214252,0.8042375964425906,Stressed
2026-02-17T14:52:34.357166,0.8035178679936018,Stressed
2026-02-17T14:52:34.537343,0.8036817462817676,Stressed
2026-02-17T14:52:34.732432,0.8026073432403037,Stressed
2026-02-17T14:52:34.889815,0.8018687061900431,Stressed
2026-02-17T14:52:35.151461,0.7570203015365699,Stressed
2026-02-17T14:52:35.310512,0.717703189856158,Stressed
2026-02-17T14:52:35.464435,0.6830162174710886,Stressed
2026-02-17T14:52:35.638188,0.6523779106887932,Stressed
2026-02-17T14:52:35.775171,0.6250930683881388,Stressed
2026-02-17T14:52:36.201997,0.6327865497373891,Stressed
2026-02-17T14:52:36.336480,0.6400021715674782,Stressed
2026-02-17T14:52:36.444585,0.6475620337533715,Stressed
2026-02-17T14:52:36.553621,0.6545492856965536,Stressed
2026-02-17T14:52:36.686139,0.6611014152912701,Stressed
2026-02-17T14:52:36.947371,0.6667905254156359,Stressed
2026-02-17T14:52:37.083041,0.6721144456276549,Stressed
2026-02-17T14:52:37.207040,0.6773769503191602,Stressed
2026-02-17T14:52:37.353482,0.6822220833883146,Stressed
2026-02-17T14:52:37.478140,0.6869158720032317,Stressed
2026-02-17T14:52:37.697982,0.6912429864906133,Stressed
2026-02-17T14:52:37.859569,0.6929124625575713,Stressed
2026-02-17T14:52:37.997578,0.6921946671741266,Stressed
2026-02-17T14:52:38.146042,0.6919919259663931,Stressed
2026-02-17T14:52:38.271921,0.6911193693264899,Stressed
2026-02-17T14:52:38.530028,0.6914203237933078,Stressed
2026-02-17T14:52:38.695645,0.6956352718059939,Stressed
2026-02-17T14:52:41.225556,0.6970902066881489,Stressed
2026-02-17T14:52:41.814059,0.7010925213185981,Stressed
2026-02-17T14:52:42.349558,0.7005410665955221,Stressed
2026-02-17T14:52:42.814471,0.7001323973438326,Stressed
2026-02-17T14:52:43.472419,0.7004040567643989,Stressed
2026-02-17T14:52:44.119941,0.7000381738788036,Stressed
2026-02-17T14:52:48.647788,0.7003921410673963,Stressed
2026-02-17T14:52:58.409532,0.7009893174622596,Stressed
2026-02-17T14:53:04.689236,0.7242126762822996,Stressed
2026-02-17T14:53:04.838482,0.7469032151208427,Stressed
2026-02-17T14:53:04.979119,0.7691298912970039,Stressed
2026-02-17T14:53:05.123093,0.7915976228977115,Stressed
2026-02-17T14:53:05.266742,0.8139548468333029,Stressed
2026-02-17T14:53:05.515110,0.8141467251903289,Stressed
2026-02-17T14:53:05.654293,0.8149703667890696,Stressed
2026-02-17T14:53:05.826662,0.8147760786825309,Stressed
2026-02-17T14:53:05.969019,0.8148405522152026,Stressed
2026-02-17T14:53:06.114936,0.8154313467981464,Stressed
2026-02-17T14:53:06.650926,0.7927364745044119,Stressed
2026-02-17T14:53:06.815399,0.770143429985422,Stressed
2026-02-17T14:53:06.933015,0.7469845413471163,Stressed
2026-02-17T14:53:07.041294,0.7238643659102378,Stressed
2026-02-17T14:53:07.151667,0.7006795139192086,Stressed
2026-02-17T14:53:07.386744,0.6774306844185146,Stressed
2026-02-17T14:53:07.494535,0.6540762050168724,Stressed
2026-02-17T14:53:07.630563,0.631532567059941,Stressed
2026-02-17T14:53:07.793569,0.6089016926729275,Stressed
2026-02-17T14:53:07.978434,0.5866703054656923,Stressed
2026-02-17T14:53:08.260364,0.5872901148472879,Stressed
2026-02-17T14:53:08.368062,0.5821264347392943,Stressed
2026-02-17T14:53:08.503431,0.5789711550835172,Stressed
2026-02-17T14:53:08.635592,0.5747253799963594,Stressed
2026-02-17T14:53:08.793572,0.5744274294351349,Stressed
2026-02-17T14:53:09.131057,0.5742159487243476,Stressed
2026-02-17T14:53:09.259249,0.5738867659155223,Stressed
2026-02-17T14:53:09.396031,0.5742833827369223,Stressed
2026-02-17T14:53:09.514767,0.5745019338971449,Stressed
2026-02-17T14:53:09.645589,0.5744202827113295,Stressed
2026-02-17T14:53:09.917485,0.5506851721544752,Stressed
2026-02-17T14:53:10.081467,0.5276255174866468,Stressed
2026-02-17T14:53:10.222835,0.5061785650247699,Stressed
2026-02-17T14:53:10.383291,0.4835448611422423,Stressed
2026-02-17T14:53:10.562945,0.46113419252306814,Stressed
2026-02-17T14:53:10.789997,0.4626670253334662,Stressed
2026-02-17T14:53:10.994011,0.46320371200817195,Stressed
2026-02-17T14:53:11.106029,0.46383277940339324,Stressed
2026-02-17T14:53:11.235151,0.4640841958060731,Stressed
2026-02-17T14:53:11.367860,0.4636048160303756,Stressed
2026-02-17T14:53:11.565469,0.4864420760489924,Stressed
2026-02-17T14:53:11.699377,0.5094842034976426,Stressed
2026-02-17T14:53:11.818766,0.5328957336675876,Stressed
2026-02-17T14:53:12.149444,0.5563006174944903,Stressed
2026-02-17T14:53:12.468111,0.5797835296066605,Stressed
2026-02-17T14:53:12.781502,0.60304967130301,Stressed
2026-02-17T14:53:12.913933,0.6262851854844951,Stressed
2026-02-17T14:53:13.079984,0.649214211073953,Stressed
2026-02-17T14:53:13.241088,0.6718009433650792,Stressed
2026-02-17T14:53:13.380128,0.6945885971749948,Stressed
2026-02-17T14:53:13.672817,0.6945631277247758,Stressed
2026-02-17T14:53:13.818623,0.6956317154198347,Stressed
2026-02-17T14:53:13.953050,0.6975526378253981,Stressed
2026-02-17T14:53:14.105598,0.6982352335130673,Stressed
2026-02-17T14:53:14.282712,0.6988511767296901,Stressed
2026-02-17T14:53:14.561835,0.6989383446310441,Stressed
2026-02-17T14:53:14.708730,0.7002166461236283,Stressed
2026-02-17T14:53:14.849106,0.7008138506777205,Stressed
2026-02-17T14:53:14.987517,0.7014420583840937,Stressed
2026-02-17T14:53:15.142393,0.7021274822227418,Stressed
2026-02-17T14:53:15.384282,0.7258150172478804,Stressed
2026-02-17T14:53:15.515902,0.7496587078038829,Stressed
2026-02-17T14:53:15.688900,0.7723546451117601,Stressed
2026-02-17T14:53:15.826722,0.7958278430613834,Stressed
2026-02-17T14:53:15.956827,0.819275175523339,Stressed
2026-02-17T14:53:16.197685,0.7960824031083853,Stressed
2026-02-17T14:53:16.369120,0.7726462235021184,Stressed
2026-02-17T14:53:16.513029,0.7486033612587513,Stressed
2026-02-17T14:53:16.665197,0.7255895919711285,Stressed
2026-02-17T14:53:16.817856,0.7062102035572955,Stressed
2026-02-17T14:53:17.070773,0.6912046377728064,Stressed
2026-02-17T14:53:17.241937,0.6904052730171668,Stressed
2026-02-17T14:53:17.458597,0.6899316141663808,Stressed
2026-02-17T14:53:17.642825,0.6893619818815745,Stressed
2026-02-17T14:53:17.853080,0.6729499485630579,Stressed
2026-02-17T14:53:18.175664,0.6568592795628445,Stressed
2026-02-17T14:53:18.458729,0.656508468613756,Stressed
2026-02-17T14:53:18.680031,0.6565600809303759,Stressed
2026-02-17T14:53:22.150183,0.6568327913813758,Stressed
2026-02-17T14:53:23.156008,0.6416390382110129,Stressed
2026-02-17T14:53:23.802523,0.6404394968386461,Stressed
2026-02-17T14:53:24.131933,0.6403221726202435,Stressed
2026-02-17T14:53:24.383322,0.6401114961669491,Stressed
2026-02-17T14:53:34.642679,0.6404460735367034,Stressed
2026-02-17T14:53:42.996239,0.6432746151791466,Stressed
2026-02-17T14:53:43.240778,0.6478617294025273,Stressed
2026-02-17T14:53:43.380401,0.6493237247271371,Stressed
2026-02-17T14:53:44.061287,0.6514873649787883,Stressed
2026-02-17T14:53:44.208380,0.6520918680424361,Stressed
2026-02-17T14:53:44.362191,0.636039217631343,Stressed
2026-02-17T14:53:48.163290,0.641035388259049,Stressed
2026-02-17T14:53:48.344080,0.6414747650491933,Stressed
2026-02-17T14:53:48.517719,0.6243804076814602,Stressed
2026-02-17T14:53:48.684100,0.6074611376840077,Stressed
2026-02-17T14:53:48.805857,0.6065783634472521,Stressed
2026-02-17T14:53:49.041997,0.6315086018143646,Stressed
2026-02-17T14:53:50.108976,0.6396044676127072,Stressed
2026-02-17T14:53:50.270713,0.6676571308996725,Stressed
2026-02-17T14:53:50.421107,0.6753249753785387,Stressed
2026-02-17T14:53:51.095188,0.6978855635836043,Stressed
2026-02-17T14:53:51.331330,0.6941817421908462,Stressed
2026-02-17T14:53:52.085499,0.6770232065653042,Stressed
2026-02-17T14:53:52.878915,0.6576421591609413,Stressed
2026-02-17T14:53:54.628686,0.6397412317718776,Stressed
2026-02-17T14:53:56.373461,0.6371958493592346,Stressed
